WpcUapApp.exe,403256,2,1584434391,2020-03-17T08:39:51.000Z,imports,api-ms-win-core-processthreads-l1-1-0.dll,GetCurrentProcess,6368405a1917a40ea50cfa3d046807fd,f12ac185f1502631c389c97899e888ed18f8b6d12d8129268da0d3bcc9050c1a,c:\Windows\SystemApps\ParentalControls_cw5n1h2txyewy\WpcUapApp.exe
WpcUapApp.exe,403256,2,1584434391,2020-03-17T08:39:51.000Z,imports,api-ms-win-core-processthreads-l1-1-0.dll,GetCurrentProcessId,6368405a1917a40ea50cfa3d046807fd,f12ac185f1502631c389c97899e888ed18f8b6d12d8129268da0d3bcc9050c1a,c:\Windows\SystemApps\ParentalControls_cw5n1h2txyewy\WpcUapApp.exe
WpcUapApp.exe,403256,2,1584434391,2020-03-17T08:39:51.000Z,imports,api-ms-win-core-processthreads-l1-1-0.dll,GetCurrentThreadId,6368405a1917a40ea50cfa3d046807fd,f12ac185f1502631c389c97899e888ed18f8b6d12d8129268da0d3bcc9050c1a,c:\Windows\SystemApps\ParentalControls_cw5n1h2txyewy\WpcUapApp.exe
WpcUapApp.exe,403256,2,1584434391,2020-03-17T08:39:51.000Z,imports,api-ms-win-core-processthreads-l1-1-0.dll,GetStartupInfoW,6368405a1917a40ea50cfa3d046807fd,f12ac185f1502631c389c97899e888ed18f8b6d12d8129268da0d3bcc9050c1a,c:\Windows\SystemApps\ParentalControls_cw5n1h2txyewy\WpcUapApp.exe
WpcUapApp.exe,403256,2,1584434391,2020-03-17T08:39:51.000Z,imports,api-ms-win-core-processthreads-l1-1-0.dll,TerminateProcess,6368405a1917a40ea50cfa3d046807fd,f12ac185f1502631c389c97899e888ed18f8b6d12d8129268da0d3bcc9050c1a,c:\Windows\SystemApps\ParentalControls_cw5n1h2txyewy\WpcUapApp.exe
WpcUapApp.exe,403256,2,1584434391,2020-03-17T08:39:51.000Z,imports,api-ms-win-core-synch-l1-1-0.dll,AcquireSRWLockExclusive,6368405a1917a40ea50cfa3d046807fd,f12ac185f1502631c389c97899e888ed18f8b6d12d8129268da0d3bcc9050c1a,c:\Windows\SystemApps\ParentalControls_cw5n1h2txyewy\WpcUapApp.exe
WpcUapApp.exe,403256,2,1584434391,2020-03-17T08:39:51.000Z,imports,api-ms-win-core-synch-l1-1-0.dll,AcquireSRWLockShared,6368405a1917a40ea50cfa3d046807fd,f12ac185f1502631c389c97899e888ed18f8b6d12d8129268da0d3bcc9050c1a,c:\Windows\SystemApps\ParentalControls_cw5n1h2txyewy\WpcUapApp.exe
WpcUapApp.exe,403256,2,1584434391,2020-03-17T08:39:51.000Z,imports,api-ms-win-core-synch-l1-1-0.dll,CreateEventExA,6368405a1917a40ea50cfa3d046807fd,f12ac185f1502631c389c97899e888ed18f8b6d12d8129268da0d3bcc9050c1a,c:\Windows\SystemApps\ParentalControls_cw5n1h2txyewy\WpcUapApp.exe
WpcUapApp.exe,403256,2,1584434391,2020-03-17T08:39:51.000Z,imports,api-ms-win-core-synch-l1-1-0.dll,DeleteCriticalSection,6368405a1917a40ea50cfa3d046807fd,f12ac185f1502631c389c97899e888ed18f8b6d12d8129268da0d3bcc9050c1a,c:\Windows\SystemApps\ParentalControls_cw5n1h2txyewy\WpcUapApp.exe
WpcUapApp.exe,403256,2,1584434391,2020-03-17T08:39:51.000Z,imports,api-ms-win-core-synch-l1-1-0.dll,EnterCriticalSection,6368405a1917a40ea50cfa3d046807fd,f12ac185f1502631c389c97899e888ed18f8b6d12d8129268da0d3bcc9050c1a,c:\Windows\SystemApps\ParentalControls_cw5n1h2txyewy\WpcUapApp.exe
WpcUapApp.exe,403256,2,1584434391,2020-03-17T08:39:51.000Z,imports,api-ms-win-core-synch-l1-1-0.dll,InitializeCriticalSectionEx,6368405a1917a40ea50cfa3d046807fd,f12ac185f1502631c389c97899e888ed18f8b6d12d8129268da0d3bcc9050c1a,c:\Windows\SystemApps\ParentalControls_cw5n1h2txyewy\WpcUapApp.exe
WpcUapApp.exe,403256,2,1584434391,2020-03-17T08:39:51.000Z,imports,api-ms-win-core-synch-l1-1-0.dll,LeaveCriticalSection,6368405a1917a40ea50cfa3d046807fd,f12ac185f1502631c389c97899e888ed18f8b6d12d8129268da0d3bcc9050c1a,c:\Windows\SystemApps\ParentalControls_cw5n1h2txyewy\WpcUapApp.exe
WpcUapApp.exe,403256,2,1584434391,2020-03-17T08:39:51.000Z,imports,api-ms-win-core-synch-l1-1-0.dll,ReleaseSRWLockExclusive,6368405a1917a40ea50cfa3d046807fd,f12ac185f1502631c389c97899e888ed18f8b6d12d8129268da0d3bcc9050c1a,c:\Windows\SystemApps\ParentalControls_cw5n1h2txyewy\WpcUapApp.exe
WpcUapApp.exe,403256,2,1584434391,2020-03-17T08:39:51.000Z,imports,api-ms-win-core-synch-l1-1-0.dll,ReleaseSRWLockShared,6368405a1917a40ea50cfa3d046807fd,f12ac185f1502631c389c97899e888ed18f8b6d12d8129268da0d3bcc9050c1a,c:\Windows\SystemApps\ParentalControls_cw5n1h2txyewy\WpcUapApp.exe
WpcUapApp.exe,403256,2,1584434391,2020-03-17T08:39:51.000Z,imports,api-ms-win-core-synch-l1-1-0.dll,ResetEvent,6368405a1917a40ea50cfa3d046807fd,f12ac185f1502631c389c97899e888ed18f8b6d12d8129268da0d3bcc9050c1a,c:\Windows\SystemApps\ParentalControls_cw5n1h2txyewy\WpcUapApp.exe
WpcUapApp.exe,403256,2,1584434391,2020-03-17T08:39:51.000Z,imports,api-ms-win-core-synch-l1-1-0.dll,SetEvent,6368405a1917a40ea50cfa3d046807fd,f12ac185f1502631c389c97899e888ed18f8b6d12d8129268da0d3bcc9050c1a,c:\Windows\SystemApps\ParentalControls_cw5n1h2txyewy\WpcUapApp.exe
WpcUapApp.exe,403256,2,1584434391,2020-03-17T08:39:51.000Z,imports,api-ms-win-core-synch-l1-1-0.dll,WaitForSingleObjectEx,6368405a1917a40ea50cfa3d046807fd,f12ac185f1502631c389c97899e888ed18f8b6d12d8129268da0d3bcc9050c1a,c:\Windows\SystemApps\ParentalControls_cw5n1h2txyewy\WpcUapApp.exe
WpcUapApp.exe,403256,2,1584434391,2020-03-17T08:39:51.000Z,imports,api-ms-win-core-handle-l1-1-0.dll,CloseHandle,6368405a1917a40ea50cfa3d046807fd,f12ac185f1502631c389c97899e888ed18f8b6d12d8129268da0d3bcc9050c1a,c:\Windows\SystemApps\ParentalControls_cw5n1h2txyewy\WpcUapApp.exe
WpcUapApp.exe,403256,2,1584434391,2020-03-17T08:39:51.000Z,imports,api-ms-win-core-com-l1-1-0.dll,CoGetApartmentType,6368405a1917a40ea50cfa3d046807fd,f12ac185f1502631c389c97899e888ed18f8b6d12d8129268da0d3bcc9050c1a,c:\Windows\SystemApps\ParentalControls_cw5n1h2txyewy\WpcUapApp.exe
WpcUapApp.exe,403256,2,1584434391,2020-03-17T08:39:51.000Z,imports,api-ms-win-core-com-l1-1-0.dll,CoGetInterfaceAndReleaseStream,6368405a1917a40ea50cfa3d046807fd,f12ac185f1502631c389c97899e888ed18f8b6d12d8129268da0d3bcc9050c1a,c:\Windows\SystemApps\ParentalControls_cw5n1h2txyewy\WpcUapApp.exe
WpcUapApp.exe,403256,2,1584434391,2020-03-17T08:39:51.000Z,imports,api-ms-win-core-com-l1-1-0.dll,CoGetObjectContext,6368405a1917a40ea50cfa3d046807fd,f12ac185f1502631c389c97899e888ed18f8b6d12d8129268da0d3bcc9050c1a,c:\Windows\SystemApps\ParentalControls_cw5n1h2txyewy\WpcUapApp.exe
WpcUapApp.exe,403256,2,1584434391,2020-03-17T08:39:51.000Z,imports,api-ms-win-core-com-l1-1-0.dll,CoMarshalInterThreadInterfaceInStream,6368405a1917a40ea50cfa3d046807fd,f12ac185f1502631c389c97899e888ed18f8b6d12d8129268da0d3bcc9050c1a,c:\Windows\SystemApps\ParentalControls_cw5n1h2txyewy\WpcUapApp.exe
WpcUapApp.exe,403256,2,1584434391,2020-03-17T08:39:51.000Z,imports,msvcrt.dll,??0exception@@QEAA@AEBQEBD@Z,6368405a1917a40ea50cfa3d046807fd,f12ac185f1502631c389c97899e888ed18f8b6d12d8129268da0d3bcc9050c1a,c:\Windows\SystemApps\ParentalControls_cw5n1h2txyewy\WpcUapApp.exe
WpcUapApp.exe,403256,2,1584434391,2020-03-17T08:39:51.000Z,imports,msvcrt.dll,??0exception@@QEAA@AEBQEBDH@Z,6368405a1917a40ea50cfa3d046807fd,f12ac185f1502631c389c97899e888ed18f8b6d12d8129268da0d3bcc9050c1a,c:\Windows\SystemApps\ParentalControls_cw5n1h2txyewy\WpcUapApp.exe
WpcUapApp.exe,403256,2,1584434391,2020-03-17T08:39:51.000Z,imports,msvcrt.dll,??0exception@@QEAA@AEBV0@@Z,6368405a1917a40ea50cfa3d046807fd,f12ac185f1502631c389c97899e888ed18f8b6d12d8129268da0d3bcc9050c1a,c:\Windows\SystemApps\ParentalControls_cw5n1h2txyewy\WpcUapApp.exe
WpcUapApp.exe,403256,2,1584434391,2020-03-17T08:39:51.000Z,imports,msvcrt.dll,??0exception@@QEAA@XZ,6368405a1917a40ea50cfa3d046807fd,f12ac185f1502631c389c97899e888ed18f8b6d12d8129268da0d3bcc9050c1a,c:\Windows\SystemApps\ParentalControls_cw5n1h2txyewy\WpcUapApp.exe
WpcUapApp.exe,403256,2,1584434391,2020-03-17T08:39:51.000Z,imports,msvcrt.dll,??1exception@@UEAA@XZ,6368405a1917a40ea50cfa3d046807fd,f12ac185f1502631c389c97899e888ed18f8b6d12d8129268da0d3bcc9050c1a,c:\Windows\SystemApps\ParentalControls_cw5n1h2txyewy\WpcUapApp.exe
WpcUapApp.exe,403256,2,1584434391,2020-03-17T08:39:51.000Z,imports,msvcrt.dll,??1type_info@@UEAA@XZ,6368405a1917a40ea50cfa3d046807fd,f12ac185f1502631c389c97899e888ed18f8b6d12d8129268da0d3bcc9050c1a,c:\Windows\SystemApps\ParentalControls_cw5n1h2txyewy\WpcUapApp.exe
WpcUapApp.exe,403256,2,1584434391,2020-03-17T08:39:51.000Z,imports,msvcrt.dll,??3@YAXPEAX@Z,6368405a1917a40ea50cfa3d046807fd,f12ac185f1502631c389c97899e888ed18f8b6d12d8129268da0d3bcc9050c1a,c:\Windows\SystemApps\ParentalControls_cw5n1h2txyewy\WpcUapApp.exe
WpcUapApp.exe,403256,2,1584434391,2020-03-17T08:39:51.000Z,imports,msvcrt.dll,?terminate@@YAXXZ,6368405a1917a40ea50cfa3d046807fd,f12ac185f1502631c389c97899e888ed18f8b6d12d8129268da0d3bcc9050c1a,c:\Windows\SystemApps\ParentalControls_cw5n1h2txyewy\WpcUapApp.exe
WpcUapApp.exe,403256,2,1584434391,2020-03-17T08:39:51.000Z,imports,msvcrt.dll,?what@exception@@UEBAPEBDXZ,6368405a1917a40ea50cfa3d046807fd,f12ac185f1502631c389c97899e888ed18f8b6d12d8129268da0d3bcc9050c1a,c:\Windows\SystemApps\ParentalControls_cw5n1h2txyewy\WpcUapApp.exe
WpcUapApp.exe,403256,2,1584434391,2020-03-17T08:39:51.000Z,imports,msvcrt.dll,_CxxThrowException,6368405a1917a40ea50cfa3d046807fd,f12ac185f1502631c389c97899e888ed18f8b6d12d8129268da0d3bcc9050c1a,c:\Windows\SystemApps\ParentalControls_cw5n1h2txyewy\WpcUapApp.exe
WpcUapApp.exe,403256,2,1584434391,2020-03-17T08:39:51.000Z,imports,msvcrt.dll,_XcptFilter,6368405a1917a40ea50cfa3d046807fd,f12ac185f1502631c389c97899e888ed18f8b6d12d8129268da0d3bcc9050c1a,c:\Windows\SystemApps\ParentalControls_cw5n1h2txyewy\WpcUapApp.exe
WpcUapApp.exe,403256,2,1584434391,2020-03-17T08:39:51.000Z,imports,msvcrt.dll,__C_specific_handler,6368405a1917a40ea50cfa3d046807fd,f12ac185f1502631c389c97899e888ed18f8b6d12d8129268da0d3bcc9050c1a,c:\Windows\SystemApps\ParentalControls_cw5n1h2txyewy\WpcUapApp.exe
WpcUapApp.exe,403256,2,1584434391,2020-03-17T08:39:51.000Z,imports,msvcrt.dll,__CxxFrameHandler3,6368405a1917a40ea50cfa3d046807fd,f12ac185f1502631c389c97899e888ed18f8b6d12d8129268da0d3bcc9050c1a,c:\Windows\SystemApps\ParentalControls_cw5n1h2txyewy\WpcUapApp.exe
WpcUapApp.exe,403256,2,1584434391,2020-03-17T08:39:51.000Z,imports,msvcrt.dll,__ExceptionPtrCopy,6368405a1917a40ea50cfa3d046807fd,f12ac185f1502631c389c97899e888ed18f8b6d12d8129268da0d3bcc9050c1a,c:\Windows\SystemApps\ParentalControls_cw5n1h2txyewy\WpcUapApp.exe
WpcUapApp.exe,403256,2,1584434391,2020-03-17T08:39:51.000Z,imports,msvcrt.dll,__ExceptionPtrCreate,6368405a1917a40ea50cfa3d046807fd,f12ac185f1502631c389c97899e888ed18f8b6d12d8129268da0d3bcc9050c1a,c:\Windows\SystemApps\ParentalControls_cw5n1h2txyewy\WpcUapApp.exe
WpcUapApp.exe,403256,2,1584434391,2020-03-17T08:39:51.000Z,imports,msvcrt.dll,__ExceptionPtrCurrentException,6368405a1917a40ea50cfa3d046807fd,f12ac185f1502631c389c97899e888ed18f8b6d12d8129268da0d3bcc9050c1a,c:\Windows\SystemApps\ParentalControls_cw5n1h2txyewy\WpcUapApp.exe
WpcUapApp.exe,403256,2,1584434391,2020-03-17T08:39:51.000Z,imports,msvcrt.dll,__ExceptionPtrDestroy,6368405a1917a40ea50cfa3d046807fd,f12ac185f1502631c389c97899e888ed18f8b6d12d8129268da0d3bcc9050c1a,c:\Windows\SystemApps\ParentalControls_cw5n1h2txyewy\WpcUapApp.exe
WpcUapApp.exe,403256,2,1584434391,2020-03-17T08:39:51.000Z,imports,msvcrt.dll,__ExceptionPtrRethrow,6368405a1917a40ea50cfa3d046807fd,f12ac185f1502631c389c97899e888ed18f8b6d12d8129268da0d3bcc9050c1a,c:\Windows\SystemApps\ParentalControls_cw5n1h2txyewy\WpcUapApp.exe
WpcUapApp.exe,403256,2,1584434391,2020-03-17T08:39:51.000Z,imports,msvcrt.dll,__dllonexit,6368405a1917a40ea50cfa3d046807fd,f12ac185f1502631c389c97899e888ed18f8b6d12d8129268da0d3bcc9050c1a,c:\Windows\SystemApps\ParentalControls_cw5n1h2txyewy\WpcUapApp.exe
WpcUapApp.exe,403256,2,1584434391,2020-03-17T08:39:51.000Z,imports,msvcrt.dll,__getmainargs,6368405a1917a40ea50cfa3d046807fd,f12ac185f1502631c389c97899e888ed18f8b6d12d8129268da0d3bcc9050c1a,c:\Windows\SystemApps\ParentalControls_cw5n1h2txyewy\WpcUapApp.exe
WpcUapApp.exe,403256,2,1584434391,2020-03-17T08:39:51.000Z,imports,msvcrt.dll,__set_app_type,6368405a1917a40ea50cfa3d046807fd,f12ac185f1502631c389c97899e888ed18f8b6d12d8129268da0d3bcc9050c1a,c:\Windows\SystemApps\ParentalControls_cw5n1h2txyewy\WpcUapApp.exe
WpcUapApp.exe,403256,2,1584434391,2020-03-17T08:39:51.000Z,imports,msvcrt.dll,__setusermatherr,6368405a1917a40ea50cfa3d046807fd,f12ac185f1502631c389c97899e888ed18f8b6d12d8129268da0d3bcc9050c1a,c:\Windows\SystemApps\ParentalControls_cw5n1h2txyewy\WpcUapApp.exe
WpcUapApp.exe,403256,2,1584434391,2020-03-17T08:39:51.000Z,imports,msvcrt.dll,_acmdln,6368405a1917a40ea50cfa3d046807fd,f12ac185f1502631c389c97899e888ed18f8b6d12d8129268da0d3bcc9050c1a,c:\Windows\SystemApps\ParentalControls_cw5n1h2txyewy\WpcUapApp.exe
WpcUapApp.exe,403256,2,1584434391,2020-03-17T08:39:51.000Z,imports,msvcrt.dll,_amsg_exit,6368405a1917a40ea50cfa3d046807fd,f12ac185f1502631c389c97899e888ed18f8b6d12d8129268da0d3bcc9050c1a,c:\Windows\SystemApps\ParentalControls_cw5n1h2txyewy\WpcUapApp.exe
WpcUapApp.exe,403256,2,1584434391,2020-03-17T08:39:51.000Z,imports,msvcrt.dll,_callnewh,6368405a1917a40ea50cfa3d046807fd,f12ac185f1502631c389c97899e888ed18f8b6d12d8129268da0d3bcc9050c1a,c:\Windows\SystemApps\ParentalControls_cw5n1h2txyewy\WpcUapApp.exe
WpcUapApp.exe,403256,2,1584434391,2020-03-17T08:39:51.000Z,imports,msvcrt.dll,_cexit,6368405a1917a40ea50cfa3d046807fd,f12ac185f1502631c389c97899e888ed18f8b6d12d8129268da0d3bcc9050c1a,c:\Windows\SystemApps\ParentalControls_cw5n1h2txyewy\WpcUapApp.exe
WpcUapApp.exe,403256,2,1584434391,2020-03-17T08:39:51.000Z,imports,msvcrt.dll,_commode,6368405a1917a40ea50cfa3d046807fd,f12ac185f1502631c389c97899e888ed18f8b6d12d8129268da0d3bcc9050c1a,c:\Windows\SystemApps\ParentalControls_cw5n1h2txyewy\WpcUapApp.exe
WpcUapApp.exe,403256,2,1584434391,2020-03-17T08:39:51.000Z,imports,msvcrt.dll,_exit,6368405a1917a40ea50cfa3d046807fd,f12ac185f1502631c389c97899e888ed18f8b6d12d8129268da0d3bcc9050c1a,c:\Windows\SystemApps\ParentalControls_cw5n1h2txyewy\WpcUapApp.exe
WpcUapApp.exe,403256,2,1584434391,2020-03-17T08:39:51.000Z,imports,msvcrt.dll,_fmode,6368405a1917a40ea50cfa3d046807fd,f12ac185f1502631c389c97899e888ed18f8b6d12d8129268da0d3bcc9050c1a,c:\Windows\SystemApps\ParentalControls_cw5n1h2txyewy\WpcUapApp.exe
WpcUapApp.exe,403256,2,1584434391,2020-03-17T08:39:51.000Z,imports,msvcrt.dll,_initterm,6368405a1917a40ea50cfa3d046807fd,f12ac185f1502631c389c97899e888ed18f8b6d12d8129268da0d3bcc9050c1a,c:\Windows\SystemApps\ParentalControls_cw5n1h2txyewy\WpcUapApp.exe
WpcUapApp.exe,403256,2,1584434391,2020-03-17T08:39:51.000Z,imports,msvcrt.dll,_ismbblead,6368405a1917a40ea50cfa3d046807fd,f12ac185f1502631c389c97899e888ed18f8b6d12d8129268da0d3bcc9050c1a,c:\Windows\SystemApps\ParentalControls_cw5n1h2txyewy\WpcUapApp.exe
WpcUapApp.exe,403256,2,1584434391,2020-03-17T08:39:51.000Z,imports,msvcrt.dll,_lock,6368405a1917a40ea50cfa3d046807fd,f12ac185f1502631c389c97899e888ed18f8b6d12d8129268da0d3bcc9050c1a,c:\Windows\SystemApps\ParentalControls_cw5n1h2txyewy\WpcUapApp.exe
WpcUapApp.exe,403256,2,1584434391,2020-03-17T08:39:51.000Z,imports,msvcrt.dll,_onexit,6368405a1917a40ea50cfa3d046807fd,f12ac185f1502631c389c97899e888ed18f8b6d12d8129268da0d3bcc9050c1a,c:\Windows\SystemApps\ParentalControls_cw5n1h2txyewy\WpcUapApp.exe
WpcUapApp.exe,403256,2,1584434391,2020-03-17T08:39:51.000Z,imports,msvcrt.dll,_purecall,6368405a1917a40ea50cfa3d046807fd,f12ac185f1502631c389c97899e888ed18f8b6d12d8129268da0d3bcc9050c1a,c:\Windows\SystemApps\ParentalControls_cw5n1h2txyewy\WpcUapApp.exe
WpcUapApp.exe,403256,2,1584434391,2020-03-17T08:39:51.000Z,imports,msvcrt.dll,_unlock,6368405a1917a40ea50cfa3d046807fd,f12ac185f1502631c389c97899e888ed18f8b6d12d8129268da0d3bcc9050c1a,c:\Windows\SystemApps\ParentalControls_cw5n1h2txyewy\WpcUapApp.exe
WpcUapApp.exe,403256,2,1584434391,2020-03-17T08:39:51.000Z,imports,msvcrt.dll,exit,6368405a1917a40ea50cfa3d046807fd,f12ac185f1502631c389c97899e888ed18f8b6d12d8129268da0d3bcc9050c1a,c:\Windows\SystemApps\ParentalControls_cw5n1h2txyewy\WpcUapApp.exe
WpcUapApp.exe,403256,2,1584434391,2020-03-17T08:39:51.000Z,imports,msvcrt.dll,free,6368405a1917a40ea50cfa3d046807fd,f12ac185f1502631c389c97899e888ed18f8b6d12d8129268da0d3bcc9050c1a,c:\Windows\SystemApps\ParentalControls_cw5n1h2txyewy\WpcUapApp.exe
WpcUapApp.exe,403256,2,1584434391,2020-03-17T08:39:51.000Z,imports,msvcrt.dll,malloc,6368405a1917a40ea50cfa3d046807fd,f12ac185f1502631c389c97899e888ed18f8b6d12d8129268da0d3bcc9050c1a,c:\Windows\SystemApps\ParentalControls_cw5n1h2txyewy\WpcUapApp.exe
WpcUapApp.exe,403256,2,1584434391,2020-03-17T08:39:51.000Z,imports,msvcrt.dll,memcpy,6368405a1917a40ea50cfa3d046807fd,f12ac185f1502631c389c97899e888ed18f8b6d12d8129268da0d3bcc9050c1a,c:\Windows\SystemApps\ParentalControls_cw5n1h2txyewy\WpcUapApp.exe
WpcUapApp.exe,403256,2,1584434391,2020-03-17T08:39:51.000Z,imports,msvcrt.dll,memmove,6368405a1917a40ea50cfa3d046807fd,f12ac185f1502631c389c97899e888ed18f8b6d12d8129268da0d3bcc9050c1a,c:\Windows\SystemApps\ParentalControls_cw5n1h2txyewy\WpcUapApp.exe
WpcUapApp.exe,403256,2,1584434391,2020-03-17T08:39:51.000Z,imports,msvcrt.dll,memset,6368405a1917a40ea50cfa3d046807fd,f12ac185f1502631c389c97899e888ed18f8b6d12d8129268da0d3bcc9050c1a,c:\Windows\SystemApps\ParentalControls_cw5n1h2txyewy\WpcUapApp.exe
WpcUapApp.exe,403256,2,1584434391,2020-03-17T08:39:51.000Z,imports,msvcrt.dll,swprintf_s,6368405a1917a40ea50cfa3d046807fd,f12ac185f1502631c389c97899e888ed18f8b6d12d8129268da0d3bcc9050c1a,c:\Windows\SystemApps\ParentalControls_cw5n1h2txyewy\WpcUapApp.exe
WpcUapApp.exe,403256,2,1584434391,2020-03-17T08:39:51.000Z,imports,msvcrt.dll,wcslen,6368405a1917a40ea50cfa3d046807fd,f12ac185f1502631c389c97899e888ed18f8b6d12d8129268da0d3bcc9050c1a,c:\Windows\SystemApps\ParentalControls_cw5n1h2txyewy\WpcUapApp.exe
WpcUapApp.exe,403256,2,1584434391,2020-03-17T08:39:51.000Z,imports,msvcrt.dll,wcsrchr,6368405a1917a40ea50cfa3d046807fd,f12ac185f1502631c389c97899e888ed18f8b6d12d8129268da0d3bcc9050c1a,c:\Windows\SystemApps\ParentalControls_cw5n1h2txyewy\WpcUapApp.exe
WpcUapApp.exe,403256,2,1584434391,2020-03-17T08:39:51.000Z,imports,wincorlib.dll,??0ChangedStateException@Platform@@QE$AAA@XZ,6368405a1917a40ea50cfa3d046807fd,f12ac185f1502631c389c97899e888ed18f8b6d12d8129268da0d3bcc9050c1a,c:\Windows\SystemApps\ParentalControls_cw5n1h2txyewy\WpcUapApp.exe
WpcUapApp.exe,403256,2,1584434391,2020-03-17T08:39:51.000Z,imports,wincorlib.dll,??0Delegate@Platform@@QE$AAA@XZ,6368405a1917a40ea50cfa3d046807fd,f12ac185f1502631c389c97899e888ed18f8b6d12d8129268da0d3bcc9050c1a,c:\Windows\SystemApps\ParentalControls_cw5n1h2txyewy\WpcUapApp.exe
WpcUapApp.exe,403256,2,1584434391,2020-03-17T08:39:51.000Z,imports,wincorlib.dll,??0DisconnectedException@Platform@@QE$AAA@XZ,6368405a1917a40ea50cfa3d046807fd,f12ac185f1502631c389c97899e888ed18f8b6d12d8129268da0d3bcc9050c1a,c:\Windows\SystemApps\ParentalControls_cw5n1h2txyewy\WpcUapApp.exe
WpcUapApp.exe,403256,2,1584434391,2020-03-17T08:39:51.000Z,imports,wincorlib.dll,??0FailureException@Platform@@QE$AAA@PE$AAVString@1@@Z,6368405a1917a40ea50cfa3d046807fd,f12ac185f1502631c389c97899e888ed18f8b6d12d8129268da0d3bcc9050c1a,c:\Windows\SystemApps\ParentalControls_cw5n1h2txyewy\WpcUapApp.exe
WpcUapApp.exe,403256,2,1584434391,2020-03-17T08:39:51.000Z,imports,wincorlib.dll,??0FailureException@Platform@@QE$AAA@XZ,6368405a1917a40ea50cfa3d046807fd,f12ac185f1502631c389c97899e888ed18f8b6d12d8129268da0d3bcc9050c1a,c:\Windows\SystemApps\ParentalControls_cw5n1h2txyewy\WpcUapApp.exe
WpcUapApp.exe,403256,2,1584434391,2020-03-17T08:39:51.000Z,imports,wincorlib.dll,??0NotImplementedException@Platform@@QE$AAA@XZ,6368405a1917a40ea50cfa3d046807fd,f12ac185f1502631c389c97899e888ed18f8b6d12d8129268da0d3bcc9050c1a,c:\Windows\SystemApps\ParentalControls_cw5n1h2txyewy\WpcUapApp.exe
WpcUapApp.exe,403256,2,1584434391,2020-03-17T08:39:51.000Z,imports,wincorlib.dll,??0Object@Platform@@QE$AAA@XZ,6368405a1917a40ea50cfa3d046807fd,f12ac185f1502631c389c97899e888ed18f8b6d12d8129268da0d3bcc9050c1a,c:\Windows\SystemApps\ParentalControls_cw5n1h2txyewy\WpcUapApp.exe
WpcUapApp.exe,403256,2,1584434391,2020-03-17T08:39:51.000Z,imports,wincorlib.dll,??0OutOfBoundsException@Platform@@QE$AAA@XZ,6368405a1917a40ea50cfa3d046807fd,f12ac185f1502631c389c97899e888ed18f8b6d12d8129268da0d3bcc9050c1a,c:\Windows\SystemApps\ParentalControls_cw5n1h2txyewy\WpcUapApp.exe
WpcUapApp.exe,403256,2,1584434391,2020-03-17T08:39:51.000Z,imports,wincorlib.dll,??0OutOfMemoryException@Platform@@QE$AAA@XZ,6368405a1917a40ea50cfa3d046807fd,f12ac185f1502631c389c97899e888ed18f8b6d12d8129268da0d3bcc9050c1a,c:\Windows\SystemApps\ParentalControls_cw5n1h2txyewy\WpcUapApp.exe
WpcUapApp.exe,403256,2,1584434391,2020-03-17T08:39:51.000Z,imports,wincorlib.dll,??BType@Platform@@SA?AVTypeName@Interop@Xaml@UI@Windows@@PE$AAV01@@Z,6368405a1917a40ea50cfa3d046807fd,f12ac185f1502631c389c97899e888ed18f8b6d12d8129268da0d3bcc9050c1a,c:\Windows\SystemApps\ParentalControls_cw5n1h2txyewy\WpcUapApp.exe
WpcUapApp.exe,403256,2,1584434391,2020-03-17T08:39:51.000Z,imports,wincorlib.dll,?AlignedFree@Heap@Details@Platform@@SAXPEAX@Z,6368405a1917a40ea50cfa3d046807fd,f12ac185f1502631c389c97899e888ed18f8b6d12d8129268da0d3bcc9050c1a,c:\Windows\SystemApps\ParentalControls_cw5n1h2txyewy\WpcUapApp.exe
WpcUapApp.exe,403256,2,1584434391,2020-03-17T08:39:51.000Z,imports,wincorlib.dll,?Allocate@Heap@Details@Platform@@SAPEAX_K0@Z,6368405a1917a40ea50cfa3d046807fd,f12ac185f1502631c389c97899e888ed18f8b6d12d8129268da0d3bcc9050c1a,c:\Windows\SystemApps\ParentalControls_cw5n1h2txyewy\WpcUapApp.exe
WpcUapApp.exe,403256,2,1584434391,2020-03-17T08:39:51.000Z,imports,wincorlib.dll,?AllocateException@Heap@Details@Platform@@SAPEAX_K0@Z,6368405a1917a40ea50cfa3d046807fd,f12ac185f1502631c389c97899e888ed18f8b6d12d8129268da0d3bcc9050c1a,c:\Windows\SystemApps\ParentalControls_cw5n1h2txyewy\WpcUapApp.exe
WpcUapApp.exe,403256,2,1584434391,2020-03-17T08:39:51.000Z,imports,wincorlib.dll,?CreateException@Exception@Platform@@SAPE$AAV12@H@Z,6368405a1917a40ea50cfa3d046807fd,f12ac185f1502631c389c97899e888ed18f8b6d12d8129268da0d3bcc9050c1a,c:\Windows\SystemApps\ParentalControls_cw5n1h2txyewy\WpcUapApp.exe
WpcUapApp.exe,403256,2,1584434391,2020-03-17T08:39:51.000Z,imports,wincorlib.dll,?EventSourceAdd@Details@Platform@@YA?AVEventRegistrationToken@Foundation@Windows@@PEAPEAXPEAUEventLock@12@PE$AAVDelegate@2@@Z,6368405a1917a40ea50cfa3d046807fd,f12ac185f1502631c389c97899e888ed18f8b6d12d8129268da0d3bcc9050c1a,c:\Windows\SystemApps\ParentalControls_cw5n1h2txyewy\WpcUapApp.exe
WpcUapApp.exe,403256,2,1584434391,2020-03-17T08:39:51.000Z,imports,wincorlib.dll,?EventSourceGetTargetArray@Details@Platform@@YAPEAXPEAXPEAUEventLock@12@@Z,6368405a1917a40ea50cfa3d046807fd,f12ac185f1502631c389c97899e888ed18f8b6d12d8129268da0d3bcc9050c1a,c:\Windows\SystemApps\ParentalControls_cw5n1h2txyewy\WpcUapApp.exe
WpcUapApp.exe,403256,2,1584434391,2020-03-17T08:39:51.000Z,imports,wincorlib.dll,?EventSourceGetTargetArrayEvent@Details@Platform@@YAPEAXPEAXIPEBXPEA_J@Z,6368405a1917a40ea50cfa3d046807fd,f12ac185f1502631c389c97899e888ed18f8b6d12d8129268da0d3bcc9050c1a,c:\Windows\SystemApps\ParentalControls_cw5n1h2txyewy\WpcUapApp.exe
WpcUapApp.exe,403256,2,1584434391,2020-03-17T08:39:51.000Z,imports,wincorlib.dll,?EventSourceGetTargetArraySize@Details@Platform@@YAIPEAX@Z,6368405a1917a40ea50cfa3d046807fd,f12ac185f1502631c389c97899e888ed18f8b6d12d8129268da0d3bcc9050c1a,c:\Windows\SystemApps\ParentalControls_cw5n1h2txyewy\WpcUapApp.exe
WpcUapApp.exe,403256,2,1584434391,2020-03-17T08:39:51.000Z,imports,wincorlib.dll,?EventSourceInitialize@Details@Platform@@YAXPEAPEAX@Z,6368405a1917a40ea50cfa3d046807fd,f12ac185f1502631c389c97899e888ed18f8b6d12d8129268da0d3bcc9050c1a,c:\Windows\SystemApps\ParentalControls_cw5n1h2txyewy\WpcUapApp.exe
WpcUapApp.exe,403256,2,1584434391,2020-03-17T08:39:51.000Z,imports,wincorlib.dll,?EventSourceRemove@Details@Platform@@YAXPEAPEAXPEAUEventLock@12@VEventRegistrationToken@Foundation@Windows@@@Z,6368405a1917a40ea50cfa3d046807fd,f12ac185f1502631c389c97899e888ed18f8b6d12d8129268da0d3bcc9050c1a,c:\Windows\SystemApps\ParentalControls_cw5n1h2txyewy\WpcUapApp.exe
WpcUapApp.exe,403256,2,1584434391,2020-03-17T08:39:51.000Z,imports,wincorlib.dll,?EventSourceUninitialize@Details@Platform@@YAXPEAPEAX@Z,6368405a1917a40ea50cfa3d046807fd,f12ac185f1502631c389c97899e888ed18f8b6d12d8129268da0d3bcc9050c1a,c:\Windows\SystemApps\ParentalControls_cw5n1h2txyewy\WpcUapApp.exe
WpcUapApp.exe,403256,2,1584434391,2020-03-17T08:39:51.000Z,imports,wincorlib.dll,?Free@Heap@Details@Platform@@SAXPEAX@Z,6368405a1917a40ea50cfa3d046807fd,f12ac185f1502631c389c97899e888ed18f8b6d12d8129268da0d3bcc9050c1a,c:\Windows\SystemApps\ParentalControls_cw5n1h2txyewy\WpcUapApp.exe
WpcUapApp.exe,403256,2,1584434391,2020-03-17T08:39:51.000Z,imports,wincorlib.dll,?GetActivationFactory@Details@Platform@@YAJPEAVModuleBase@1WRL@Microsoft@@PEAUHSTRING__@@PEAPEAUIActivationFactory@@@Z,6368405a1917a40ea50cfa3d046807fd,f12ac185f1502631c389c97899e888ed18f8b6d12d8129268da0d3bcc9050c1a,c:\Windows\SystemApps\ParentalControls_cw5n1h2txyewy\WpcUapApp.exe
WpcUapApp.exe,403256,2,1584434391,2020-03-17T08:39:51.000Z,imports,wincorlib.dll,?GetActivationFactoryByPCWSTR@@YAJPEAXAEAVGuid@Platform@@PEAPEAX@Z,6368405a1917a40ea50cfa3d046807fd,f12ac185f1502631c389c97899e888ed18f8b6d12d8129268da0d3bcc9050c1a,c:\Windows\SystemApps\ParentalControls_cw5n1h2txyewy\WpcUapApp.exe
WpcUapApp.exe,403256,2,1584434391,2020-03-17T08:39:51.000Z,imports,wincorlib.dll,?GetCmdArguments@Details@Platform@@YAPEAPEA_WPEAH@Z,6368405a1917a40ea50cfa3d046807fd,f12ac185f1502631c389c97899e888ed18f8b6d12d8129268da0d3bcc9050c1a,c:\Windows\SystemApps\ParentalControls_cw5n1h2txyewy\WpcUapApp.exe
WpcUapApp.exe,403256,2,1584434391,2020-03-17T08:39:51.000Z,imports,wincorlib.dll,?GetIBoxArrayVtable@Details@Platform@@YAPEAXPEAX@Z,6368405a1917a40ea50cfa3d046807fd,f12ac185f1502631c389c97899e888ed18f8b6d12d8129268da0d3bcc9050c1a,c:\Windows\SystemApps\ParentalControls_cw5n1h2txyewy\WpcUapApp.exe
WpcUapApp.exe,403256,2,1584434391,2020-03-17T08:39:51.000Z,imports,wincorlib.dll,?GetIidsFn@@YAJHPEAKPEBU__s_GUID@@PEAPEAVGuid@Platform@@@Z,6368405a1917a40ea50cfa3d046807fd,f12ac185f1502631c389c97899e888ed18f8b6d12d8129268da0d3bcc9050c1a,c:\Windows\SystemApps\ParentalControls_cw5n1h2txyewy\WpcUapApp.exe
WpcUapApp.exe,403256,2,1584434391,2020-03-17T08:39:51.000Z,imports,wincorlib.dll,?GetWeakReference@Details@Platform@@YAPEAU__abi_IUnknown@@QE$ADVObject@2@@Z,6368405a1917a40ea50cfa3d046807fd,f12ac185f1502631c389c97899e888ed18f8b6d12d8129268da0d3bcc9050c1a,c:\Windows\SystemApps\ParentalControls_cw5n1h2txyewy\WpcUapApp.exe
WpcUapApp.exe,403256,2,1584434391,2020-03-17T08:39:51.000Z,imports,wincorlib.dll,?InitializeData@Details@Platform@@YAJH@Z,6368405a1917a40ea50cfa3d046807fd,f12ac185f1502631c389c97899e888ed18f8b6d12d8129268da0d3bcc9050c1a,c:\Windows\SystemApps\ParentalControls_cw5n1h2txyewy\WpcUapApp.exe
WpcUapApp.exe,403256,2,1584434391,2020-03-17T08:39:51.000Z,imports,wincorlib.dll,?ReCreateException@Exception@Platform@@SAPE$AAV12@H@Z,6368405a1917a40ea50cfa3d046807fd,f12ac185f1502631c389c97899e888ed18f8b6d12d8129268da0d3bcc9050c1a,c:\Windows\SystemApps\ParentalControls_cw5n1h2txyewy\WpcUapApp.exe
WpcUapApp.exe,403256,2,1584434391,2020-03-17T08:39:51.000Z,imports,wincorlib.dll,?ReCreateFromException@Details@Platform@@YAJPE$AAVException@2@@Z,6368405a1917a40ea50cfa3d046807fd,f12ac185f1502631c389c97899e888ed18f8b6d12d8129268da0d3bcc9050c1a,c:\Windows\SystemApps\ParentalControls_cw5n1h2txyewy\WpcUapApp.exe
WpcUapApp.exe,403256,2,1584434391,2020-03-17T08:39:51.000Z,imports,wincorlib.dll,?ReleaseTarget@ControlBlock@Details@Platform@@AEAAXXZ,6368405a1917a40ea50cfa3d046807fd,f12ac185f1502631c389c97899e888ed18f8b6d12d8129268da0d3bcc9050c1a,c:\Windows\SystemApps\ParentalControls_cw5n1h2txyewy\WpcUapApp.exe
WpcUapApp.exe,403256,2,1584434391,2020-03-17T08:39:51.000Z,imports,wincorlib.dll,?ResolveWeakReference@Details@Platform@@YAPE$AAVObject@2@AEBU_GUID@@PEAPEAU__abi_IUnknown@@@Z,6368405a1917a40ea50cfa3d046807fd,f12ac185f1502631c389c97899e888ed18f8b6d12d8129268da0d3bcc9050c1a,c:\Windows\SystemApps\ParentalControls_cw5n1h2txyewy\WpcUapApp.exe
WpcUapApp.exe,403256,2,1584434391,2020-03-17T08:39:51.000Z,imports,wincorlib.dll,?TerminateModule@Details@Platform@@YA_NPEAVModuleBase@1WRL@Microsoft@@@Z,6368405a1917a40ea50cfa3d046807fd,f12ac185f1502631c389c97899e888ed18f8b6d12d8129268da0d3bcc9050c1a,c:\Windows\SystemApps\ParentalControls_cw5n1h2txyewy\WpcUapApp.exe
WpcUapApp.exe,403256,2,1584434391,2020-03-17T08:39:51.000Z,imports,wincorlib.dll,?UninitializeData@Details@Platform@@YAXH@Z,6368405a1917a40ea50cfa3d046807fd,f12ac185f1502631c389c97899e888ed18f8b6d12d8129268da0d3bcc9050c1a,c:\Windows\SystemApps\ParentalControls_cw5n1h2txyewy\WpcUapApp.exe
WpcUapApp.exe,403256,2,1584434391,2020-03-17T08:39:51.000Z,imports,wincorlib.dll,?__abi_FailFast@@YAXXZ,6368405a1917a40ea50cfa3d046807fd,f12ac185f1502631c389c97899e888ed18f8b6d12d8129268da0d3bcc9050c1a,c:\Windows\SystemApps\ParentalControls_cw5n1h2txyewy\WpcUapApp.exe
WpcUapApp.exe,403256,2,1584434391,2020-03-17T08:39:51.000Z,imports,wincorlib.dll,?__abi_ObjectToString@__abi_details@@YAPE$AAVString@Platform@@PE$AAVObject@3@_N@Z,6368405a1917a40ea50cfa3d046807fd,f12ac185f1502631c389c97899e888ed18f8b6d12d8129268da0d3bcc9050c1a,c:\Windows\SystemApps\ParentalControls_cw5n1h2txyewy\WpcUapApp.exe
WpcUapApp.exe,403256,2,1584434391,2020-03-17T08:39:51.000Z,imports,wincorlib.dll,?__abi_WinRTraiseAccessDeniedException@@YAXXZ,6368405a1917a40ea50cfa3d046807fd,f12ac185f1502631c389c97899e888ed18f8b6d12d8129268da0d3bcc9050c1a,c:\Windows\SystemApps\ParentalControls_cw5n1h2txyewy\WpcUapApp.exe
WpcUapApp.exe,403256,2,1584434391,2020-03-17T08:39:51.000Z,imports,wincorlib.dll,?__abi_WinRTraiseCOMException@@YAXJ@Z,6368405a1917a40ea50cfa3d046807fd,f12ac185f1502631c389c97899e888ed18f8b6d12d8129268da0d3bcc9050c1a,c:\Windows\SystemApps\ParentalControls_cw5n1h2txyewy\WpcUapApp.exe
WpcUapApp.exe,403256,2,1584434391,2020-03-17T08:39:51.000Z,imports,wincorlib.dll,?__abi_WinRTraiseChangedStateException@@YAXXZ,6368405a1917a40ea50cfa3d046807fd,f12ac185f1502631c389c97899e888ed18f8b6d12d8129268da0d3bcc9050c1a,c:\Windows\SystemApps\ParentalControls_cw5n1h2txyewy\WpcUapApp.exe
WpcUapApp.exe,403256,2,1584434391,2020-03-17T08:39:51.000Z,imports,wincorlib.dll,?__abi_WinRTraiseClassNotRegisteredException@@YAXXZ,6368405a1917a40ea50cfa3d046807fd,f12ac185f1502631c389c97899e888ed18f8b6d12d8129268da0d3bcc9050c1a,c:\Windows\SystemApps\ParentalControls_cw5n1h2txyewy\WpcUapApp.exe
WpcUapApp.exe,403256,2,1584434391,2020-03-17T08:39:51.000Z,imports,wincorlib.dll,?__abi_WinRTraiseDisconnectedException@@YAXXZ,6368405a1917a40ea50cfa3d046807fd,f12ac185f1502631c389c97899e888ed18f8b6d12d8129268da0d3bcc9050c1a,c:\Windows\SystemApps\ParentalControls_cw5n1h2txyewy\WpcUapApp.exe
WpcUapApp.exe,403256,2,1584434391,2020-03-17T08:39:51.000Z,imports,wincorlib.dll,?__abi_WinRTraiseFailureException@@YAXXZ,6368405a1917a40ea50cfa3d046807fd,f12ac185f1502631c389c97899e888ed18f8b6d12d8129268da0d3bcc9050c1a,c:\Windows\SystemApps\ParentalControls_cw5n1h2txyewy\WpcUapApp.exe
WpcUapApp.exe,403256,2,1584434391,2020-03-17T08:39:51.000Z,imports,wincorlib.dll,?__abi_WinRTraiseInvalidArgumentException@@YAXXZ,6368405a1917a40ea50cfa3d046807fd,f12ac185f1502631c389c97899e888ed18f8b6d12d8129268da0d3bcc9050c1a,c:\Windows\SystemApps\ParentalControls_cw5n1h2txyewy\WpcUapApp.exe
WpcUapApp.exe,403256,2,1584434391,2020-03-17T08:39:51.000Z,imports,wincorlib.dll,?__abi_WinRTraiseInvalidCastException@@YAXXZ,6368405a1917a40ea50cfa3d046807fd,f12ac185f1502631c389c97899e888ed18f8b6d12d8129268da0d3bcc9050c1a,c:\Windows\SystemApps\ParentalControls_cw5n1h2txyewy\WpcUapApp.exe
WpcUapApp.exe,403256,2,1584434391,2020-03-17T08:39:51.000Z,imports,wincorlib.dll,?__abi_WinRTraiseNotImplementedException@@YAXXZ,6368405a1917a40ea50cfa3d046807fd,f12ac185f1502631c389c97899e888ed18f8b6d12d8129268da0d3bcc9050c1a,c:\Windows\SystemApps\ParentalControls_cw5n1h2txyewy\WpcUapApp.exe
WpcUapApp.exe,403256,2,1584434391,2020-03-17T08:39:51.000Z,imports,wincorlib.dll,?__abi_WinRTraiseNullReferenceException@@YAXXZ,6368405a1917a40ea50cfa3d046807fd,f12ac185f1502631c389c97899e888ed18f8b6d12d8129268da0d3bcc9050c1a,c:\Windows\SystemApps\ParentalControls_cw5n1h2txyewy\WpcUapApp.exe
WpcUapApp.exe,403256,2,1584434391,2020-03-17T08:39:51.000Z,imports,wincorlib.dll,?__abi_WinRTraiseObjectDisposedException@@YAXXZ,6368405a1917a40ea50cfa3d046807fd,f12ac185f1502631c389c97899e888ed18f8b6d12d8129268da0d3bcc9050c1a,c:\Windows\SystemApps\ParentalControls_cw5n1h2txyewy\WpcUapApp.exe
WpcUapApp.exe,403256,2,1584434391,2020-03-17T08:39:51.000Z,imports,wincorlib.dll,?__abi_WinRTraiseOperationCanceledException@@YAXXZ,6368405a1917a40ea50cfa3d046807fd,f12ac185f1502631c389c97899e888ed18f8b6d12d8129268da0d3bcc9050c1a,c:\Windows\SystemApps\ParentalControls_cw5n1h2txyewy\WpcUapApp.exe
WpcUapApp.exe,403256,2,1584434391,2020-03-17T08:39:51.000Z,imports,wincorlib.dll,?__abi_WinRTraiseOutOfBoundsException@@YAXXZ,6368405a1917a40ea50cfa3d046807fd,f12ac185f1502631c389c97899e888ed18f8b6d12d8129268da0d3bcc9050c1a,c:\Windows\SystemApps\ParentalControls_cw5n1h2txyewy\WpcUapApp.exe
WpcUapApp.exe,403256,2,1584434391,2020-03-17T08:39:51.000Z,imports,wincorlib.dll,?__abi_WinRTraiseOutOfMemoryException@@YAXXZ,6368405a1917a40ea50cfa3d046807fd,f12ac185f1502631c389c97899e888ed18f8b6d12d8129268da0d3bcc9050c1a,c:\Windows\SystemApps\ParentalControls_cw5n1h2txyewy\WpcUapApp.exe
WpcUapApp.exe,403256,2,1584434391,2020-03-17T08:39:51.000Z,imports,wincorlib.dll,?__abi_WinRTraiseWrongThreadException@@YAXXZ,6368405a1917a40ea50cfa3d046807fd,f12ac185f1502631c389c97899e888ed18f8b6d12d8129268da0d3bcc9050c1a,c:\Windows\SystemApps\ParentalControls_cw5n1h2txyewy\WpcUapApp.exe
WpcUapApp.exe,403256,2,1584434391,2020-03-17T08:39:51.000Z,imports,wincorlib.dll,?__abi_cast_String_to_Object@__abi_details@@YAPE$AAVObject@Platform@@PE$AAVString@3@@Z,6368405a1917a40ea50cfa3d046807fd,f12ac185f1502631c389c97899e888ed18f8b6d12d8129268da0d3bcc9050c1a,c:\Windows\SystemApps\ParentalControls_cw5n1h2txyewy\WpcUapApp.exe
WpcUapApp.exe,403256,2,1584434391,2020-03-17T08:39:51.000Z,imports,wincorlib.dll,?__abi_make_type_id@@YAPE$AAVType@Platform@@AEBU__abi_type_descriptor@@@Z,6368405a1917a40ea50cfa3d046807fd,f12ac185f1502631c389c97899e888ed18f8b6d12d8129268da0d3bcc9050c1a,c:\Windows\SystemApps\ParentalControls_cw5n1h2txyewy\WpcUapApp.exe
WpcUapApp.exe,403256,2,1584434391,2020-03-17T08:39:51.000Z,imports,wincorlib.dll,?get@Message@Exception@Platform@@QE$AAAPE$AAVString@3@XZ,6368405a1917a40ea50cfa3d046807fd,f12ac185f1502631c389c97899e888ed18f8b6d12d8129268da0d3bcc9050c1a,c:\Windows\SystemApps\ParentalControls_cw5n1h2txyewy\WpcUapApp.exe
WpcUapApp.exe,403256,2,1584434391,2020-03-17T08:39:51.000Z,imports,ole32.dll,CoCreateFreeThreadedMarshaler,6368405a1917a40ea50cfa3d046807fd,f12ac185f1502631c389c97899e888ed18f8b6d12d8129268da0d3bcc9050c1a,c:\Windows\SystemApps\ParentalControls_cw5n1h2txyewy\WpcUapApp.exe
WpcUapApp.exe,403256,2,1584434391,2020-03-17T08:39:51.000Z,imports,ole32.dll,CoTaskMemAlloc,6368405a1917a40ea50cfa3d046807fd,f12ac185f1502631c389c97899e888ed18f8b6d12d8129268da0d3bcc9050c1a,c:\Windows\SystemApps\ParentalControls_cw5n1h2txyewy\WpcUapApp.exe
WpcUapApp.exe,403256,2,1584434391,2020-03-17T08:39:51.000Z,imports,ole32.dll,CoTaskMemFree,6368405a1917a40ea50cfa3d046807fd,f12ac185f1502631c389c97899e888ed18f8b6d12d8129268da0d3bcc9050c1a,c:\Windows\SystemApps\ParentalControls_cw5n1h2txyewy\WpcUapApp.exe
WpcUapApp.exe,403256,2,1584434391,2020-03-17T08:39:51.000Z,imports,api-ms-win-core-winrt-error-l1-1-0.dll,RoFailFastWithErrorContext,6368405a1917a40ea50cfa3d046807fd,f12ac185f1502631c389c97899e888ed18f8b6d12d8129268da0d3bcc9050c1a,c:\Windows\SystemApps\ParentalControls_cw5n1h2txyewy\WpcUapApp.exe
WpcUapApp.exe,403256,2,1584434391,2020-03-17T08:39:51.000Z,imports,api-ms-win-core-winrt-error-l1-1-0.dll,RoOriginateError,6368405a1917a40ea50cfa3d046807fd,f12ac185f1502631c389c97899e888ed18f8b6d12d8129268da0d3bcc9050c1a,c:\Windows\SystemApps\ParentalControls_cw5n1h2txyewy\WpcUapApp.exe
WpcUapApp.exe,403256,2,1584434391,2020-03-17T08:39:51.000Z,imports,api-ms-win-core-winrt-error-l1-1-0.dll,SetRestrictedErrorInfo,6368405a1917a40ea50cfa3d046807fd,f12ac185f1502631c389c97899e888ed18f8b6d12d8129268da0d3bcc9050c1a,c:\Windows\SystemApps\ParentalControls_cw5n1h2txyewy\WpcUapApp.exe
WpcUapApp.exe,403256,2,1584434391,2020-03-17T08:39:51.000Z,imports,api-ms-win-core-winrt-error-l1-1-1.dll,RoReportUnhandledError,6368405a1917a40ea50cfa3d046807fd,f12ac185f1502631c389c97899e888ed18f8b6d12d8129268da0d3bcc9050c1a,c:\Windows\SystemApps\ParentalControls_cw5n1h2txyewy\WpcUapApp.exe
WpcUapApp.exe,403256,2,1584434391,2020-03-17T08:39:51.000Z,imports,api-ms-win-core-winrt-string-l1-1-0.dll,WindowsCompareStringOrdinal,6368405a1917a40ea50cfa3d046807fd,f12ac185f1502631c389c97899e888ed18f8b6d12d8129268da0d3bcc9050c1a,c:\Windows\SystemApps\ParentalControls_cw5n1h2txyewy\WpcUapApp.exe
WpcUapApp.exe,403256,2,1584434391,2020-03-17T08:39:51.000Z,imports,api-ms-win-core-winrt-string-l1-1-0.dll,WindowsConcatString,6368405a1917a40ea50cfa3d046807fd,f12ac185f1502631c389c97899e888ed18f8b6d12d8129268da0d3bcc9050c1a,c:\Windows\SystemApps\ParentalControls_cw5n1h2txyewy\WpcUapApp.exe
WpcUapApp.exe,403256,2,1584434391,2020-03-17T08:39:51.000Z,imports,api-ms-win-core-winrt-string-l1-1-0.dll,WindowsCreateString,6368405a1917a40ea50cfa3d046807fd,f12ac185f1502631c389c97899e888ed18f8b6d12d8129268da0d3bcc9050c1a,c:\Windows\SystemApps\ParentalControls_cw5n1h2txyewy\WpcUapApp.exe
WpcUapApp.exe,403256,2,1584434391,2020-03-17T08:39:51.000Z,imports,api-ms-win-core-winrt-string-l1-1-0.dll,WindowsCreateStringReference,6368405a1917a40ea50cfa3d046807fd,f12ac185f1502631c389c97899e888ed18f8b6d12d8129268da0d3bcc9050c1a,c:\Windows\SystemApps\ParentalControls_cw5n1h2txyewy\WpcUapApp.exe
WpcUapApp.exe,403256,2,1584434391,2020-03-17T08:39:51.000Z,imports,api-ms-win-core-winrt-string-l1-1-0.dll,WindowsDeleteString,6368405a1917a40ea50cfa3d046807fd,f12ac185f1502631c389c97899e888ed18f8b6d12d8129268da0d3bcc9050c1a,c:\Windows\SystemApps\ParentalControls_cw5n1h2txyewy\WpcUapApp.exe
WpcUapApp.exe,403256,2,1584434391,2020-03-17T08:39:51.000Z,imports,api-ms-win-core-winrt-string-l1-1-0.dll,WindowsDuplicateString,6368405a1917a40ea50cfa3d046807fd,f12ac185f1502631c389c97899e888ed18f8b6d12d8129268da0d3bcc9050c1a,c:\Windows\SystemApps\ParentalControls_cw5n1h2txyewy\WpcUapApp.exe
WpcUapApp.exe,403256,2,1584434391,2020-03-17T08:39:51.000Z,imports,api-ms-win-core-winrt-string-l1-1-0.dll,WindowsGetStringRawBuffer,6368405a1917a40ea50cfa3d046807fd,f12ac185f1502631c389c97899e888ed18f8b6d12d8129268da0d3bcc9050c1a,c:\Windows\SystemApps\ParentalControls_cw5n1h2txyewy\WpcUapApp.exe
WpcUapApp.exe,403256,2,1584434391,2020-03-17T08:39:51.000Z,imports,api-ms-win-core-winrt-string-l1-1-0.dll,WindowsIsStringEmpty,6368405a1917a40ea50cfa3d046807fd,f12ac185f1502631c389c97899e888ed18f8b6d12d8129268da0d3bcc9050c1a,c:\Windows\SystemApps\ParentalControls_cw5n1h2txyewy\WpcUapApp.exe
WpcUapApp.exe,403256,2,1584434391,2020-03-17T08:39:51.000Z,imports,api-ms-win-eventing-provider-l1-1-0.dll,EventRegister,6368405a1917a40ea50cfa3d046807fd,f12ac185f1502631c389c97899e888ed18f8b6d12d8129268da0d3bcc9050c1a,c:\Windows\SystemApps\ParentalControls_cw5n1h2txyewy\WpcUapApp.exe
WpcUapApp.exe,403256,2,1584434391,2020-03-17T08:39:51.000Z,imports,api-ms-win-eventing-provider-l1-1-0.dll,EventSetInformation,6368405a1917a40ea50cfa3d046807fd,f12ac185f1502631c389c97899e888ed18f8b6d12d8129268da0d3bcc9050c1a,c:\Windows\SystemApps\ParentalControls_cw5n1h2txyewy\WpcUapApp.exe
WpcUapApp.exe,403256,2,1584434391,2020-03-17T08:39:51.000Z,imports,api-ms-win-eventing-provider-l1-1-0.dll,EventUnregister,6368405a1917a40ea50cfa3d046807fd,f12ac185f1502631c389c97899e888ed18f8b6d12d8129268da0d3bcc9050c1a,c:\Windows\SystemApps\ParentalControls_cw5n1h2txyewy\WpcUapApp.exe
WpcUapApp.exe,403256,2,1584434391,2020-03-17T08:39:51.000Z,imports,api-ms-win-eventing-provider-l1-1-0.dll,EventWriteTransfer,6368405a1917a40ea50cfa3d046807fd,f12ac185f1502631c389c97899e888ed18f8b6d12d8129268da0d3bcc9050c1a,c:\Windows\SystemApps\ParentalControls_cw5n1h2txyewy\WpcUapApp.exe
WpcUapApp.exe,403256,2,1584434391,2020-03-17T08:39:51.000Z,imports,api-ms-win-core-registry-l1-1-0.dll,RegCloseKey,6368405a1917a40ea50cfa3d046807fd,f12ac185f1502631c389c97899e888ed18f8b6d12d8129268da0d3bcc9050c1a,c:\Windows\SystemApps\ParentalControls_cw5n1h2txyewy\WpcUapApp.exe
WpcUapApp.exe,403256,2,1584434391,2020-03-17T08:39:51.000Z,imports,api-ms-win-core-registry-l1-1-0.dll,RegGetValueW,6368405a1917a40ea50cfa3d046807fd,f12ac185f1502631c389c97899e888ed18f8b6d12d8129268da0d3bcc9050c1a,c:\Windows\SystemApps\ParentalControls_cw5n1h2txyewy\WpcUapApp.exe
WpcUapApp.exe,403256,2,1584434391,2020-03-17T08:39:51.000Z,imports,api-ms-win-core-registry-l1-1-0.dll,RegOpenKeyExW,6368405a1917a40ea50cfa3d046807fd,f12ac185f1502631c389c97899e888ed18f8b6d12d8129268da0d3bcc9050c1a,c:\Windows\SystemApps\ParentalControls_cw5n1h2txyewy\WpcUapApp.exe
WpcUapApp.exe,403256,2,1584434391,2020-03-17T08:39:51.000Z,imports,api-ms-win-core-util-l1-1-0.dll,DecodePointer,6368405a1917a40ea50cfa3d046807fd,f12ac185f1502631c389c97899e888ed18f8b6d12d8129268da0d3bcc9050c1a,c:\Windows\SystemApps\ParentalControls_cw5n1h2txyewy\WpcUapApp.exe
WpcUapApp.exe,403256,2,1584434391,2020-03-17T08:39:51.000Z,imports,api-ms-win-core-synch-l1-2-0.dll,Sleep,6368405a1917a40ea50cfa3d046807fd,f12ac185f1502631c389c97899e888ed18f8b6d12d8129268da0d3bcc9050c1a,c:\Windows\SystemApps\ParentalControls_cw5n1h2txyewy\WpcUapApp.exe
WpcUapApp.exe,403256,2,1584434391,2020-03-17T08:39:51.000Z,imports,api-ms-win-core-rtlsupport-l1-1-0.dll,RtlCaptureContext,6368405a1917a40ea50cfa3d046807fd,f12ac185f1502631c389c97899e888ed18f8b6d12d8129268da0d3bcc9050c1a,c:\Windows\SystemApps\ParentalControls_cw5n1h2txyewy\WpcUapApp.exe
WpcUapApp.exe,403256,2,1584434391,2020-03-17T08:39:51.000Z,imports,api-ms-win-core-rtlsupport-l1-1-0.dll,RtlLookupFunctionEntry,6368405a1917a40ea50cfa3d046807fd,f12ac185f1502631c389c97899e888ed18f8b6d12d8129268da0d3bcc9050c1a,c:\Windows\SystemApps\ParentalControls_cw5n1h2txyewy\WpcUapApp.exe
WpcUapApp.exe,403256,2,1584434391,2020-03-17T08:39:51.000Z,imports,api-ms-win-core-rtlsupport-l1-1-0.dll,RtlVirtualUnwind,6368405a1917a40ea50cfa3d046807fd,f12ac185f1502631c389c97899e888ed18f8b6d12d8129268da0d3bcc9050c1a,c:\Windows\SystemApps\ParentalControls_cw5n1h2txyewy\WpcUapApp.exe
WpcUapApp.exe,403256,2,1584434391,2020-03-17T08:39:51.000Z,imports,api-ms-win-core-errorhandling-l1-1-0.dll,SetUnhandledExceptionFilter,6368405a1917a40ea50cfa3d046807fd,f12ac185f1502631c389c97899e888ed18f8b6d12d8129268da0d3bcc9050c1a,c:\Windows\SystemApps\ParentalControls_cw5n1h2txyewy\WpcUapApp.exe
WpcUapApp.exe,403256,2,1584434391,2020-03-17T08:39:51.000Z,imports,api-ms-win-core-errorhandling-l1-1-0.dll,UnhandledExceptionFilter,6368405a1917a40ea50cfa3d046807fd,f12ac185f1502631c389c97899e888ed18f8b6d12d8129268da0d3bcc9050c1a,c:\Windows\SystemApps\ParentalControls_cw5n1h2txyewy\WpcUapApp.exe
WpcUapApp.exe,403256,2,1584434391,2020-03-17T08:39:51.000Z,imports,api-ms-win-core-profile-l1-1-0.dll,QueryPerformanceCounter,6368405a1917a40ea50cfa3d046807fd,f12ac185f1502631c389c97899e888ed18f8b6d12d8129268da0d3bcc9050c1a,c:\Windows\SystemApps\ParentalControls_cw5n1h2txyewy\WpcUapApp.exe
WpcUapApp.exe,403256,2,1584434391,2020-03-17T08:39:51.000Z,imports,api-ms-win-core-sysinfo-l1-1-0.dll,GetSystemTimeAsFileTime,6368405a1917a40ea50cfa3d046807fd,f12ac185f1502631c389c97899e888ed18f8b6d12d8129268da0d3bcc9050c1a,c:\Windows\SystemApps\ParentalControls_cw5n1h2txyewy\WpcUapApp.exe
WpcUapApp.exe,403256,2,1584434391,2020-03-17T08:39:51.000Z,imports,api-ms-win-core-sysinfo-l1-1-0.dll,GetTickCount,6368405a1917a40ea50cfa3d046807fd,f12ac185f1502631c389c97899e888ed18f8b6d12d8129268da0d3bcc9050c1a,c:\Windows\SystemApps\ParentalControls_cw5n1h2txyewy\WpcUapApp.exe
WpcUapApp.exe,403256,2,1584434391,2020-03-17T08:39:51.000Z,imports,api-ms-win-core-libraryloader-l1-2-0.dll,GetModuleHandleW,6368405a1917a40ea50cfa3d046807fd,f12ac185f1502631c389c97899e888ed18f8b6d12d8129268da0d3bcc9050c1a,c:\Windows\SystemApps\ParentalControls_cw5n1h2txyewy\WpcUapApp.exe
WpcUapApp.exe,403256,2,1584434391,2020-03-17T08:39:51.000Z,imports,ntdll.dll,RtlPublishWnfStateData,6368405a1917a40ea50cfa3d046807fd,f12ac185f1502631c389c97899e888ed18f8b6d12d8129268da0d3bcc9050c1a,c:\Windows\SystemApps\ParentalControls_cw5n1h2txyewy\WpcUapApp.exe
WpcUapApp.exe,403256,2,1584434391,2020-03-17T08:39:51.000Z,exports,WpcUapApp.exe,DllCanUnloadNow,6368405a1917a40ea50cfa3d046807fd,f12ac185f1502631c389c97899e888ed18f8b6d12d8129268da0d3bcc9050c1a,c:\Windows\SystemApps\ParentalControls_cw5n1h2txyewy\WpcUapApp.exe
WpcUapApp.exe,403256,2,1584434391,2020-03-17T08:39:51.000Z,exports,WpcUapApp.exe,DllGetActivationFactory,6368405a1917a40ea50cfa3d046807fd,f12ac185f1502631c389c97899e888ed18f8b6d12d8129268da0d3bcc9050c1a,c:\Windows\SystemApps\ParentalControls_cw5n1h2txyewy\WpcUapApp.exe
WpcUapApp.exe,403256,2,1584434391,2020-03-17T08:39:51.000Z,exports,WpcUapApp.exe,VSDesignerDllMain,6368405a1917a40ea50cfa3d046807fd,f12ac185f1502631c389c97899e888ed18f8b6d12d8129268da0d3bcc9050c1a,c:\Windows\SystemApps\ParentalControls_cw5n1h2txyewy\WpcUapApp.exe
