wslhost.exe,93696,3,2452468931,2047-09-19T01:22:11.000Z,imports,api-ms-win-crt-runtime-l1-1-0.dll,_c_exit,dcdafcc804bb5e5d420b273d8b99ec97,076b4a4006cd173fee9e436f083c8d065f51b171062be9f5f18c48ca8008b933,c:\Windows\WinSxS\amd64_microsoft-windows-lxss-wslhost_31bf3856ad364e35_10.0.18362.239_none_13ae3fd42b38b15a\wslhost.exe
wslhost.exe,93696,3,2452468931,2047-09-19T01:22:11.000Z,imports,api-ms-win-crt-runtime-l1-1-0.dll,_initterm,dcdafcc804bb5e5d420b273d8b99ec97,076b4a4006cd173fee9e436f083c8d065f51b171062be9f5f18c48ca8008b933,c:\Windows\WinSxS\amd64_microsoft-windows-lxss-wslhost_31bf3856ad364e35_10.0.18362.239_none_13ae3fd42b38b15a\wslhost.exe
wslhost.exe,93696,3,2452468931,2047-09-19T01:22:11.000Z,imports,api-ms-win-crt-runtime-l1-1-0.dll,_initterm_e,dcdafcc804bb5e5d420b273d8b99ec97,076b4a4006cd173fee9e436f083c8d065f51b171062be9f5f18c48ca8008b933,c:\Windows\WinSxS\amd64_microsoft-windows-lxss-wslhost_31bf3856ad364e35_10.0.18362.239_none_13ae3fd42b38b15a\wslhost.exe
wslhost.exe,93696,3,2452468931,2047-09-19T01:22:11.000Z,imports,api-ms-win-crt-runtime-l1-1-0.dll,_register_thread_local_exe_atexit_callback,dcdafcc804bb5e5d420b273d8b99ec97,076b4a4006cd173fee9e436f083c8d065f51b171062be9f5f18c48ca8008b933,c:\Windows\WinSxS\amd64_microsoft-windows-lxss-wslhost_31bf3856ad364e35_10.0.18362.239_none_13ae3fd42b38b15a\wslhost.exe
wslhost.exe,93696,3,2452468931,2047-09-19T01:22:11.000Z,imports,api-ms-win-crt-string-l1-1-0.dll,memset,dcdafcc804bb5e5d420b273d8b99ec97,076b4a4006cd173fee9e436f083c8d065f51b171062be9f5f18c48ca8008b933,c:\Windows\WinSxS\amd64_microsoft-windows-lxss-wslhost_31bf3856ad364e35_10.0.18362.239_none_13ae3fd42b38b15a\wslhost.exe
wslhost.exe,93696,3,2452468931,2047-09-19T01:22:11.000Z,imports,api-ms-win-crt-string-l1-1-0.dll,strnlen,dcdafcc804bb5e5d420b273d8b99ec97,076b4a4006cd173fee9e436f083c8d065f51b171062be9f5f18c48ca8008b933,c:\Windows\WinSxS\amd64_microsoft-windows-lxss-wslhost_31bf3856ad364e35_10.0.18362.239_none_13ae3fd42b38b15a\wslhost.exe
wslhost.exe,93696,3,2452468931,2047-09-19T01:22:11.000Z,imports,api-ms-win-crt-private-l1-1-0.dll,_CxxThrowException,dcdafcc804bb5e5d420b273d8b99ec97,076b4a4006cd173fee9e436f083c8d065f51b171062be9f5f18c48ca8008b933,c:\Windows\WinSxS\amd64_microsoft-windows-lxss-wslhost_31bf3856ad364e35_10.0.18362.239_none_13ae3fd42b38b15a\wslhost.exe
wslhost.exe,93696,3,2452468931,2047-09-19T01:22:11.000Z,imports,api-ms-win-crt-private-l1-1-0.dll,__C_specific_handler,dcdafcc804bb5e5d420b273d8b99ec97,076b4a4006cd173fee9e436f083c8d065f51b171062be9f5f18c48ca8008b933,c:\Windows\WinSxS\amd64_microsoft-windows-lxss-wslhost_31bf3856ad364e35_10.0.18362.239_none_13ae3fd42b38b15a\wslhost.exe
wslhost.exe,93696,3,2452468931,2047-09-19T01:22:11.000Z,imports,api-ms-win-crt-private-l1-1-0.dll,__CxxFrameHandler3,dcdafcc804bb5e5d420b273d8b99ec97,076b4a4006cd173fee9e436f083c8d065f51b171062be9f5f18c48ca8008b933,c:\Windows\WinSxS\amd64_microsoft-windows-lxss-wslhost_31bf3856ad364e35_10.0.18362.239_none_13ae3fd42b38b15a\wslhost.exe
wslhost.exe,93696,3,2452468931,2047-09-19T01:22:11.000Z,imports,api-ms-win-crt-private-l1-1-0.dll,__std_terminate,dcdafcc804bb5e5d420b273d8b99ec97,076b4a4006cd173fee9e436f083c8d065f51b171062be9f5f18c48ca8008b933,c:\Windows\WinSxS\amd64_microsoft-windows-lxss-wslhost_31bf3856ad364e35_10.0.18362.239_none_13ae3fd42b38b15a\wslhost.exe
wslhost.exe,93696,3,2452468931,2047-09-19T01:22:11.000Z,imports,api-ms-win-crt-private-l1-1-0.dll,__std_type_info_compare,dcdafcc804bb5e5d420b273d8b99ec97,076b4a4006cd173fee9e436f083c8d065f51b171062be9f5f18c48ca8008b933,c:\Windows\WinSxS\amd64_microsoft-windows-lxss-wslhost_31bf3856ad364e35_10.0.18362.239_none_13ae3fd42b38b15a\wslhost.exe
wslhost.exe,93696,3,2452468931,2047-09-19T01:22:11.000Z,imports,api-ms-win-crt-private-l1-1-0.dll,_o___p___argc,dcdafcc804bb5e5d420b273d8b99ec97,076b4a4006cd173fee9e436f083c8d065f51b171062be9f5f18c48ca8008b933,c:\Windows\WinSxS\amd64_microsoft-windows-lxss-wslhost_31bf3856ad364e35_10.0.18362.239_none_13ae3fd42b38b15a\wslhost.exe
wslhost.exe,93696,3,2452468931,2047-09-19T01:22:11.000Z,imports,api-ms-win-crt-private-l1-1-0.dll,_o___p___wargv,dcdafcc804bb5e5d420b273d8b99ec97,076b4a4006cd173fee9e436f083c8d065f51b171062be9f5f18c48ca8008b933,c:\Windows\WinSxS\amd64_microsoft-windows-lxss-wslhost_31bf3856ad364e35_10.0.18362.239_none_13ae3fd42b38b15a\wslhost.exe
wslhost.exe,93696,3,2452468931,2047-09-19T01:22:11.000Z,imports,api-ms-win-crt-private-l1-1-0.dll,_o___p__commode,dcdafcc804bb5e5d420b273d8b99ec97,076b4a4006cd173fee9e436f083c8d065f51b171062be9f5f18c48ca8008b933,c:\Windows\WinSxS\amd64_microsoft-windows-lxss-wslhost_31bf3856ad364e35_10.0.18362.239_none_13ae3fd42b38b15a\wslhost.exe
wslhost.exe,93696,3,2452468931,2047-09-19T01:22:11.000Z,imports,api-ms-win-crt-private-l1-1-0.dll,_o___std_exception_copy,dcdafcc804bb5e5d420b273d8b99ec97,076b4a4006cd173fee9e436f083c8d065f51b171062be9f5f18c48ca8008b933,c:\Windows\WinSxS\amd64_microsoft-windows-lxss-wslhost_31bf3856ad364e35_10.0.18362.239_none_13ae3fd42b38b15a\wslhost.exe
wslhost.exe,93696,3,2452468931,2047-09-19T01:22:11.000Z,imports,api-ms-win-crt-private-l1-1-0.dll,_o___std_exception_destroy,dcdafcc804bb5e5d420b273d8b99ec97,076b4a4006cd173fee9e436f083c8d065f51b171062be9f5f18c48ca8008b933,c:\Windows\WinSxS\amd64_microsoft-windows-lxss-wslhost_31bf3856ad364e35_10.0.18362.239_none_13ae3fd42b38b15a\wslhost.exe
wslhost.exe,93696,3,2452468931,2047-09-19T01:22:11.000Z,imports,api-ms-win-crt-private-l1-1-0.dll,_o___stdio_common_vsnprintf_s,dcdafcc804bb5e5d420b273d8b99ec97,076b4a4006cd173fee9e436f083c8d065f51b171062be9f5f18c48ca8008b933,c:\Windows\WinSxS\amd64_microsoft-windows-lxss-wslhost_31bf3856ad364e35_10.0.18362.239_none_13ae3fd42b38b15a\wslhost.exe
wslhost.exe,93696,3,2452468931,2047-09-19T01:22:11.000Z,imports,api-ms-win-crt-private-l1-1-0.dll,_o___stdio_common_vswprintf,dcdafcc804bb5e5d420b273d8b99ec97,076b4a4006cd173fee9e436f083c8d065f51b171062be9f5f18c48ca8008b933,c:\Windows\WinSxS\amd64_microsoft-windows-lxss-wslhost_31bf3856ad364e35_10.0.18362.239_none_13ae3fd42b38b15a\wslhost.exe
wslhost.exe,93696,3,2452468931,2047-09-19T01:22:11.000Z,imports,api-ms-win-crt-private-l1-1-0.dll,_o__callnewh,dcdafcc804bb5e5d420b273d8b99ec97,076b4a4006cd173fee9e436f083c8d065f51b171062be9f5f18c48ca8008b933,c:\Windows\WinSxS\amd64_microsoft-windows-lxss-wslhost_31bf3856ad364e35_10.0.18362.239_none_13ae3fd42b38b15a\wslhost.exe
wslhost.exe,93696,3,2452468931,2047-09-19T01:22:11.000Z,imports,api-ms-win-crt-private-l1-1-0.dll,_o__cexit,dcdafcc804bb5e5d420b273d8b99ec97,076b4a4006cd173fee9e436f083c8d065f51b171062be9f5f18c48ca8008b933,c:\Windows\WinSxS\amd64_microsoft-windows-lxss-wslhost_31bf3856ad364e35_10.0.18362.239_none_13ae3fd42b38b15a\wslhost.exe
wslhost.exe,93696,3,2452468931,2047-09-19T01:22:11.000Z,imports,api-ms-win-crt-private-l1-1-0.dll,_o__configthreadlocale,dcdafcc804bb5e5d420b273d8b99ec97,076b4a4006cd173fee9e436f083c8d065f51b171062be9f5f18c48ca8008b933,c:\Windows\WinSxS\amd64_microsoft-windows-lxss-wslhost_31bf3856ad364e35_10.0.18362.239_none_13ae3fd42b38b15a\wslhost.exe
wslhost.exe,93696,3,2452468931,2047-09-19T01:22:11.000Z,imports,api-ms-win-crt-private-l1-1-0.dll,_o__configure_wide_argv,dcdafcc804bb5e5d420b273d8b99ec97,076b4a4006cd173fee9e436f083c8d065f51b171062be9f5f18c48ca8008b933,c:\Windows\WinSxS\amd64_microsoft-windows-lxss-wslhost_31bf3856ad364e35_10.0.18362.239_none_13ae3fd42b38b15a\wslhost.exe
wslhost.exe,93696,3,2452468931,2047-09-19T01:22:11.000Z,imports,api-ms-win-crt-private-l1-1-0.dll,_o__crt_atexit,dcdafcc804bb5e5d420b273d8b99ec97,076b4a4006cd173fee9e436f083c8d065f51b171062be9f5f18c48ca8008b933,c:\Windows\WinSxS\amd64_microsoft-windows-lxss-wslhost_31bf3856ad364e35_10.0.18362.239_none_13ae3fd42b38b15a\wslhost.exe
wslhost.exe,93696,3,2452468931,2047-09-19T01:22:11.000Z,imports,api-ms-win-crt-private-l1-1-0.dll,_o__errno,dcdafcc804bb5e5d420b273d8b99ec97,076b4a4006cd173fee9e436f083c8d065f51b171062be9f5f18c48ca8008b933,c:\Windows\WinSxS\amd64_microsoft-windows-lxss-wslhost_31bf3856ad364e35_10.0.18362.239_none_13ae3fd42b38b15a\wslhost.exe
wslhost.exe,93696,3,2452468931,2047-09-19T01:22:11.000Z,imports,api-ms-win-crt-private-l1-1-0.dll,_o__exit,dcdafcc804bb5e5d420b273d8b99ec97,076b4a4006cd173fee9e436f083c8d065f51b171062be9f5f18c48ca8008b933,c:\Windows\WinSxS\amd64_microsoft-windows-lxss-wslhost_31bf3856ad364e35_10.0.18362.239_none_13ae3fd42b38b15a\wslhost.exe
wslhost.exe,93696,3,2452468931,2047-09-19T01:22:11.000Z,imports,api-ms-win-crt-private-l1-1-0.dll,_o__get_initial_wide_environment,dcdafcc804bb5e5d420b273d8b99ec97,076b4a4006cd173fee9e436f083c8d065f51b171062be9f5f18c48ca8008b933,c:\Windows\WinSxS\amd64_microsoft-windows-lxss-wslhost_31bf3856ad364e35_10.0.18362.239_none_13ae3fd42b38b15a\wslhost.exe
wslhost.exe,93696,3,2452468931,2047-09-19T01:22:11.000Z,imports,api-ms-win-crt-private-l1-1-0.dll,_o__initialize_onexit_table,dcdafcc804bb5e5d420b273d8b99ec97,076b4a4006cd173fee9e436f083c8d065f51b171062be9f5f18c48ca8008b933,c:\Windows\WinSxS\amd64_microsoft-windows-lxss-wslhost_31bf3856ad364e35_10.0.18362.239_none_13ae3fd42b38b15a\wslhost.exe
wslhost.exe,93696,3,2452468931,2047-09-19T01:22:11.000Z,imports,api-ms-win-crt-private-l1-1-0.dll,_o__initialize_wide_environment,dcdafcc804bb5e5d420b273d8b99ec97,076b4a4006cd173fee9e436f083c8d065f51b171062be9f5f18c48ca8008b933,c:\Windows\WinSxS\amd64_microsoft-windows-lxss-wslhost_31bf3856ad364e35_10.0.18362.239_none_13ae3fd42b38b15a\wslhost.exe
wslhost.exe,93696,3,2452468931,2047-09-19T01:22:11.000Z,imports,api-ms-win-crt-private-l1-1-0.dll,_o__invalid_parameter_noinfo,dcdafcc804bb5e5d420b273d8b99ec97,076b4a4006cd173fee9e436f083c8d065f51b171062be9f5f18c48ca8008b933,c:\Windows\WinSxS\amd64_microsoft-windows-lxss-wslhost_31bf3856ad364e35_10.0.18362.239_none_13ae3fd42b38b15a\wslhost.exe
wslhost.exe,93696,3,2452468931,2047-09-19T01:22:11.000Z,imports,api-ms-win-crt-private-l1-1-0.dll,_o__invalid_parameter_noinfo_noreturn,dcdafcc804bb5e5d420b273d8b99ec97,076b4a4006cd173fee9e436f083c8d065f51b171062be9f5f18c48ca8008b933,c:\Windows\WinSxS\amd64_microsoft-windows-lxss-wslhost_31bf3856ad364e35_10.0.18362.239_none_13ae3fd42b38b15a\wslhost.exe
wslhost.exe,93696,3,2452468931,2047-09-19T01:22:11.000Z,imports,api-ms-win-crt-private-l1-1-0.dll,_o__purecall,dcdafcc804bb5e5d420b273d8b99ec97,076b4a4006cd173fee9e436f083c8d065f51b171062be9f5f18c48ca8008b933,c:\Windows\WinSxS\amd64_microsoft-windows-lxss-wslhost_31bf3856ad364e35_10.0.18362.239_none_13ae3fd42b38b15a\wslhost.exe
wslhost.exe,93696,3,2452468931,2047-09-19T01:22:11.000Z,imports,api-ms-win-crt-private-l1-1-0.dll,_o__register_onexit_function,dcdafcc804bb5e5d420b273d8b99ec97,076b4a4006cd173fee9e436f083c8d065f51b171062be9f5f18c48ca8008b933,c:\Windows\WinSxS\amd64_microsoft-windows-lxss-wslhost_31bf3856ad364e35_10.0.18362.239_none_13ae3fd42b38b15a\wslhost.exe
wslhost.exe,93696,3,2452468931,2047-09-19T01:22:11.000Z,imports,api-ms-win-crt-private-l1-1-0.dll,_o__seh_filter_exe,dcdafcc804bb5e5d420b273d8b99ec97,076b4a4006cd173fee9e436f083c8d065f51b171062be9f5f18c48ca8008b933,c:\Windows\WinSxS\amd64_microsoft-windows-lxss-wslhost_31bf3856ad364e35_10.0.18362.239_none_13ae3fd42b38b15a\wslhost.exe
wslhost.exe,93696,3,2452468931,2047-09-19T01:22:11.000Z,imports,api-ms-win-crt-private-l1-1-0.dll,_o__set_app_type,dcdafcc804bb5e5d420b273d8b99ec97,076b4a4006cd173fee9e436f083c8d065f51b171062be9f5f18c48ca8008b933,c:\Windows\WinSxS\amd64_microsoft-windows-lxss-wslhost_31bf3856ad364e35_10.0.18362.239_none_13ae3fd42b38b15a\wslhost.exe
wslhost.exe,93696,3,2452468931,2047-09-19T01:22:11.000Z,imports,api-ms-win-crt-private-l1-1-0.dll,_o__set_fmode,dcdafcc804bb5e5d420b273d8b99ec97,076b4a4006cd173fee9e436f083c8d065f51b171062be9f5f18c48ca8008b933,c:\Windows\WinSxS\amd64_microsoft-windows-lxss-wslhost_31bf3856ad364e35_10.0.18362.239_none_13ae3fd42b38b15a\wslhost.exe
wslhost.exe,93696,3,2452468931,2047-09-19T01:22:11.000Z,imports,api-ms-win-crt-private-l1-1-0.dll,_o__set_new_mode,dcdafcc804bb5e5d420b273d8b99ec97,076b4a4006cd173fee9e436f083c8d065f51b171062be9f5f18c48ca8008b933,c:\Windows\WinSxS\amd64_microsoft-windows-lxss-wslhost_31bf3856ad364e35_10.0.18362.239_none_13ae3fd42b38b15a\wslhost.exe
wslhost.exe,93696,3,2452468931,2047-09-19T01:22:11.000Z,imports,api-ms-win-crt-private-l1-1-0.dll,_o_exit,dcdafcc804bb5e5d420b273d8b99ec97,076b4a4006cd173fee9e436f083c8d065f51b171062be9f5f18c48ca8008b933,c:\Windows\WinSxS\amd64_microsoft-windows-lxss-wslhost_31bf3856ad364e35_10.0.18362.239_none_13ae3fd42b38b15a\wslhost.exe
wslhost.exe,93696,3,2452468931,2047-09-19T01:22:11.000Z,imports,api-ms-win-crt-private-l1-1-0.dll,_o_free,dcdafcc804bb5e5d420b273d8b99ec97,076b4a4006cd173fee9e436f083c8d065f51b171062be9f5f18c48ca8008b933,c:\Windows\WinSxS\amd64_microsoft-windows-lxss-wslhost_31bf3856ad364e35_10.0.18362.239_none_13ae3fd42b38b15a\wslhost.exe
wslhost.exe,93696,3,2452468931,2047-09-19T01:22:11.000Z,imports,api-ms-win-crt-private-l1-1-0.dll,_o_malloc,dcdafcc804bb5e5d420b273d8b99ec97,076b4a4006cd173fee9e436f083c8d065f51b171062be9f5f18c48ca8008b933,c:\Windows\WinSxS\amd64_microsoft-windows-lxss-wslhost_31bf3856ad364e35_10.0.18362.239_none_13ae3fd42b38b15a\wslhost.exe
wslhost.exe,93696,3,2452468931,2047-09-19T01:22:11.000Z,imports,api-ms-win-crt-private-l1-1-0.dll,_o_terminate,dcdafcc804bb5e5d420b273d8b99ec97,076b4a4006cd173fee9e436f083c8d065f51b171062be9f5f18c48ca8008b933,c:\Windows\WinSxS\amd64_microsoft-windows-lxss-wslhost_31bf3856ad364e35_10.0.18362.239_none_13ae3fd42b38b15a\wslhost.exe
wslhost.exe,93696,3,2452468931,2047-09-19T01:22:11.000Z,imports,api-ms-win-crt-private-l1-1-0.dll,_o_wcstoul,dcdafcc804bb5e5d420b273d8b99ec97,076b4a4006cd173fee9e436f083c8d065f51b171062be9f5f18c48ca8008b933,c:\Windows\WinSxS\amd64_microsoft-windows-lxss-wslhost_31bf3856ad364e35_10.0.18362.239_none_13ae3fd42b38b15a\wslhost.exe
wslhost.exe,93696,3,2452468931,2047-09-19T01:22:11.000Z,imports,api-ms-win-crt-private-l1-1-0.dll,memchr,dcdafcc804bb5e5d420b273d8b99ec97,076b4a4006cd173fee9e436f083c8d065f51b171062be9f5f18c48ca8008b933,c:\Windows\WinSxS\amd64_microsoft-windows-lxss-wslhost_31bf3856ad364e35_10.0.18362.239_none_13ae3fd42b38b15a\wslhost.exe
wslhost.exe,93696,3,2452468931,2047-09-19T01:22:11.000Z,imports,api-ms-win-crt-private-l1-1-0.dll,memcmp,dcdafcc804bb5e5d420b273d8b99ec97,076b4a4006cd173fee9e436f083c8d065f51b171062be9f5f18c48ca8008b933,c:\Windows\WinSxS\amd64_microsoft-windows-lxss-wslhost_31bf3856ad364e35_10.0.18362.239_none_13ae3fd42b38b15a\wslhost.exe
wslhost.exe,93696,3,2452468931,2047-09-19T01:22:11.000Z,imports,api-ms-win-crt-private-l1-1-0.dll,memcpy,dcdafcc804bb5e5d420b273d8b99ec97,076b4a4006cd173fee9e436f083c8d065f51b171062be9f5f18c48ca8008b933,c:\Windows\WinSxS\amd64_microsoft-windows-lxss-wslhost_31bf3856ad364e35_10.0.18362.239_none_13ae3fd42b38b15a\wslhost.exe
wslhost.exe,93696,3,2452468931,2047-09-19T01:22:11.000Z,imports,api-ms-win-crt-private-l1-1-0.dll,memmove,dcdafcc804bb5e5d420b273d8b99ec97,076b4a4006cd173fee9e436f083c8d065f51b171062be9f5f18c48ca8008b933,c:\Windows\WinSxS\amd64_microsoft-windows-lxss-wslhost_31bf3856ad364e35_10.0.18362.239_none_13ae3fd42b38b15a\wslhost.exe
wslhost.exe,93696,3,2452468931,2047-09-19T01:22:11.000Z,imports,api-ms-win-crt-private-l1-1-0.dll,wcschr,dcdafcc804bb5e5d420b273d8b99ec97,076b4a4006cd173fee9e436f083c8d065f51b171062be9f5f18c48ca8008b933,c:\Windows\WinSxS\amd64_microsoft-windows-lxss-wslhost_31bf3856ad364e35_10.0.18362.239_none_13ae3fd42b38b15a\wslhost.exe
wslhost.exe,93696,3,2452468931,2047-09-19T01:22:11.000Z,imports,api-ms-win-core-libraryloader-l1-2-0.dll,GetModuleFileNameA,dcdafcc804bb5e5d420b273d8b99ec97,076b4a4006cd173fee9e436f083c8d065f51b171062be9f5f18c48ca8008b933,c:\Windows\WinSxS\amd64_microsoft-windows-lxss-wslhost_31bf3856ad364e35_10.0.18362.239_none_13ae3fd42b38b15a\wslhost.exe
wslhost.exe,93696,3,2452468931,2047-09-19T01:22:11.000Z,imports,api-ms-win-core-libraryloader-l1-2-0.dll,GetModuleHandleExW,dcdafcc804bb5e5d420b273d8b99ec97,076b4a4006cd173fee9e436f083c8d065f51b171062be9f5f18c48ca8008b933,c:\Windows\WinSxS\amd64_microsoft-windows-lxss-wslhost_31bf3856ad364e35_10.0.18362.239_none_13ae3fd42b38b15a\wslhost.exe
wslhost.exe,93696,3,2452468931,2047-09-19T01:22:11.000Z,imports,api-ms-win-core-libraryloader-l1-2-0.dll,GetModuleHandleW,dcdafcc804bb5e5d420b273d8b99ec97,076b4a4006cd173fee9e436f083c8d065f51b171062be9f5f18c48ca8008b933,c:\Windows\WinSxS\amd64_microsoft-windows-lxss-wslhost_31bf3856ad364e35_10.0.18362.239_none_13ae3fd42b38b15a\wslhost.exe
wslhost.exe,93696,3,2452468931,2047-09-19T01:22:11.000Z,imports,api-ms-win-core-libraryloader-l1-2-0.dll,GetProcAddress,dcdafcc804bb5e5d420b273d8b99ec97,076b4a4006cd173fee9e436f083c8d065f51b171062be9f5f18c48ca8008b933,c:\Windows\WinSxS\amd64_microsoft-windows-lxss-wslhost_31bf3856ad364e35_10.0.18362.239_none_13ae3fd42b38b15a\wslhost.exe
wslhost.exe,93696,3,2452468931,2047-09-19T01:22:11.000Z,imports,api-ms-win-core-synch-l1-1-0.dll,AcquireSRWLockExclusive,dcdafcc804bb5e5d420b273d8b99ec97,076b4a4006cd173fee9e436f083c8d065f51b171062be9f5f18c48ca8008b933,c:\Windows\WinSxS\amd64_microsoft-windows-lxss-wslhost_31bf3856ad364e35_10.0.18362.239_none_13ae3fd42b38b15a\wslhost.exe
wslhost.exe,93696,3,2452468931,2047-09-19T01:22:11.000Z,imports,api-ms-win-core-synch-l1-1-0.dll,AcquireSRWLockShared,dcdafcc804bb5e5d420b273d8b99ec97,076b4a4006cd173fee9e436f083c8d065f51b171062be9f5f18c48ca8008b933,c:\Windows\WinSxS\amd64_microsoft-windows-lxss-wslhost_31bf3856ad364e35_10.0.18362.239_none_13ae3fd42b38b15a\wslhost.exe
wslhost.exe,93696,3,2452468931,2047-09-19T01:22:11.000Z,imports,api-ms-win-core-synch-l1-1-0.dll,CreateEventExW,dcdafcc804bb5e5d420b273d8b99ec97,076b4a4006cd173fee9e436f083c8d065f51b171062be9f5f18c48ca8008b933,c:\Windows\WinSxS\amd64_microsoft-windows-lxss-wslhost_31bf3856ad364e35_10.0.18362.239_none_13ae3fd42b38b15a\wslhost.exe
wslhost.exe,93696,3,2452468931,2047-09-19T01:22:11.000Z,imports,api-ms-win-core-synch-l1-1-0.dll,CreateMutexExW,dcdafcc804bb5e5d420b273d8b99ec97,076b4a4006cd173fee9e436f083c8d065f51b171062be9f5f18c48ca8008b933,c:\Windows\WinSxS\amd64_microsoft-windows-lxss-wslhost_31bf3856ad364e35_10.0.18362.239_none_13ae3fd42b38b15a\wslhost.exe
wslhost.exe,93696,3,2452468931,2047-09-19T01:22:11.000Z,imports,api-ms-win-core-synch-l1-1-0.dll,CreateSemaphoreExW,dcdafcc804bb5e5d420b273d8b99ec97,076b4a4006cd173fee9e436f083c8d065f51b171062be9f5f18c48ca8008b933,c:\Windows\WinSxS\amd64_microsoft-windows-lxss-wslhost_31bf3856ad364e35_10.0.18362.239_none_13ae3fd42b38b15a\wslhost.exe
wslhost.exe,93696,3,2452468931,2047-09-19T01:22:11.000Z,imports,api-ms-win-core-synch-l1-1-0.dll,DeleteCriticalSection,dcdafcc804bb5e5d420b273d8b99ec97,076b4a4006cd173fee9e436f083c8d065f51b171062be9f5f18c48ca8008b933,c:\Windows\WinSxS\amd64_microsoft-windows-lxss-wslhost_31bf3856ad364e35_10.0.18362.239_none_13ae3fd42b38b15a\wslhost.exe
wslhost.exe,93696,3,2452468931,2047-09-19T01:22:11.000Z,imports,api-ms-win-core-synch-l1-1-0.dll,EnterCriticalSection,dcdafcc804bb5e5d420b273d8b99ec97,076b4a4006cd173fee9e436f083c8d065f51b171062be9f5f18c48ca8008b933,c:\Windows\WinSxS\amd64_microsoft-windows-lxss-wslhost_31bf3856ad364e35_10.0.18362.239_none_13ae3fd42b38b15a\wslhost.exe
wslhost.exe,93696,3,2452468931,2047-09-19T01:22:11.000Z,imports,api-ms-win-core-synch-l1-1-0.dll,InitializeCriticalSectionEx,dcdafcc804bb5e5d420b273d8b99ec97,076b4a4006cd173fee9e436f083c8d065f51b171062be9f5f18c48ca8008b933,c:\Windows\WinSxS\amd64_microsoft-windows-lxss-wslhost_31bf3856ad364e35_10.0.18362.239_none_13ae3fd42b38b15a\wslhost.exe
wslhost.exe,93696,3,2452468931,2047-09-19T01:22:11.000Z,imports,api-ms-win-core-synch-l1-1-0.dll,InitializeSRWLock,dcdafcc804bb5e5d420b273d8b99ec97,076b4a4006cd173fee9e436f083c8d065f51b171062be9f5f18c48ca8008b933,c:\Windows\WinSxS\amd64_microsoft-windows-lxss-wslhost_31bf3856ad364e35_10.0.18362.239_none_13ae3fd42b38b15a\wslhost.exe
wslhost.exe,93696,3,2452468931,2047-09-19T01:22:11.000Z,imports,api-ms-win-core-synch-l1-1-0.dll,LeaveCriticalSection,dcdafcc804bb5e5d420b273d8b99ec97,076b4a4006cd173fee9e436f083c8d065f51b171062be9f5f18c48ca8008b933,c:\Windows\WinSxS\amd64_microsoft-windows-lxss-wslhost_31bf3856ad364e35_10.0.18362.239_none_13ae3fd42b38b15a\wslhost.exe
wslhost.exe,93696,3,2452468931,2047-09-19T01:22:11.000Z,imports,api-ms-win-core-synch-l1-1-0.dll,OpenSemaphoreW,dcdafcc804bb5e5d420b273d8b99ec97,076b4a4006cd173fee9e436f083c8d065f51b171062be9f5f18c48ca8008b933,c:\Windows\WinSxS\amd64_microsoft-windows-lxss-wslhost_31bf3856ad364e35_10.0.18362.239_none_13ae3fd42b38b15a\wslhost.exe
wslhost.exe,93696,3,2452468931,2047-09-19T01:22:11.000Z,imports,api-ms-win-core-synch-l1-1-0.dll,ReleaseMutex,dcdafcc804bb5e5d420b273d8b99ec97,076b4a4006cd173fee9e436f083c8d065f51b171062be9f5f18c48ca8008b933,c:\Windows\WinSxS\amd64_microsoft-windows-lxss-wslhost_31bf3856ad364e35_10.0.18362.239_none_13ae3fd42b38b15a\wslhost.exe
wslhost.exe,93696,3,2452468931,2047-09-19T01:22:11.000Z,imports,api-ms-win-core-synch-l1-1-0.dll,ReleaseSRWLockExclusive,dcdafcc804bb5e5d420b273d8b99ec97,076b4a4006cd173fee9e436f083c8d065f51b171062be9f5f18c48ca8008b933,c:\Windows\WinSxS\amd64_microsoft-windows-lxss-wslhost_31bf3856ad364e35_10.0.18362.239_none_13ae3fd42b38b15a\wslhost.exe
wslhost.exe,93696,3,2452468931,2047-09-19T01:22:11.000Z,imports,api-ms-win-core-synch-l1-1-0.dll,ReleaseSRWLockShared,dcdafcc804bb5e5d420b273d8b99ec97,076b4a4006cd173fee9e436f083c8d065f51b171062be9f5f18c48ca8008b933,c:\Windows\WinSxS\amd64_microsoft-windows-lxss-wslhost_31bf3856ad364e35_10.0.18362.239_none_13ae3fd42b38b15a\wslhost.exe
wslhost.exe,93696,3,2452468931,2047-09-19T01:22:11.000Z,imports,api-ms-win-core-synch-l1-1-0.dll,ReleaseSemaphore,dcdafcc804bb5e5d420b273d8b99ec97,076b4a4006cd173fee9e436f083c8d065f51b171062be9f5f18c48ca8008b933,c:\Windows\WinSxS\amd64_microsoft-windows-lxss-wslhost_31bf3856ad364e35_10.0.18362.239_none_13ae3fd42b38b15a\wslhost.exe
wslhost.exe,93696,3,2452468931,2047-09-19T01:22:11.000Z,imports,api-ms-win-core-synch-l1-1-0.dll,SetEvent,dcdafcc804bb5e5d420b273d8b99ec97,076b4a4006cd173fee9e436f083c8d065f51b171062be9f5f18c48ca8008b933,c:\Windows\WinSxS\amd64_microsoft-windows-lxss-wslhost_31bf3856ad364e35_10.0.18362.239_none_13ae3fd42b38b15a\wslhost.exe
wslhost.exe,93696,3,2452468931,2047-09-19T01:22:11.000Z,imports,api-ms-win-core-synch-l1-1-0.dll,TryAcquireSRWLockExclusive,dcdafcc804bb5e5d420b273d8b99ec97,076b4a4006cd173fee9e436f083c8d065f51b171062be9f5f18c48ca8008b933,c:\Windows\WinSxS\amd64_microsoft-windows-lxss-wslhost_31bf3856ad364e35_10.0.18362.239_none_13ae3fd42b38b15a\wslhost.exe
wslhost.exe,93696,3,2452468931,2047-09-19T01:22:11.000Z,imports,api-ms-win-core-synch-l1-1-0.dll,WaitForSingleObject,dcdafcc804bb5e5d420b273d8b99ec97,076b4a4006cd173fee9e436f083c8d065f51b171062be9f5f18c48ca8008b933,c:\Windows\WinSxS\amd64_microsoft-windows-lxss-wslhost_31bf3856ad364e35_10.0.18362.239_none_13ae3fd42b38b15a\wslhost.exe
wslhost.exe,93696,3,2452468931,2047-09-19T01:22:11.000Z,imports,api-ms-win-core-synch-l1-1-0.dll,WaitForSingleObjectEx,dcdafcc804bb5e5d420b273d8b99ec97,076b4a4006cd173fee9e436f083c8d065f51b171062be9f5f18c48ca8008b933,c:\Windows\WinSxS\amd64_microsoft-windows-lxss-wslhost_31bf3856ad364e35_10.0.18362.239_none_13ae3fd42b38b15a\wslhost.exe
wslhost.exe,93696,3,2452468931,2047-09-19T01:22:11.000Z,imports,api-ms-win-core-heap-l1-1-0.dll,GetProcessHeap,dcdafcc804bb5e5d420b273d8b99ec97,076b4a4006cd173fee9e436f083c8d065f51b171062be9f5f18c48ca8008b933,c:\Windows\WinSxS\amd64_microsoft-windows-lxss-wslhost_31bf3856ad364e35_10.0.18362.239_none_13ae3fd42b38b15a\wslhost.exe
wslhost.exe,93696,3,2452468931,2047-09-19T01:22:11.000Z,imports,api-ms-win-core-heap-l1-1-0.dll,HeapAlloc,dcdafcc804bb5e5d420b273d8b99ec97,076b4a4006cd173fee9e436f083c8d065f51b171062be9f5f18c48ca8008b933,c:\Windows\WinSxS\amd64_microsoft-windows-lxss-wslhost_31bf3856ad364e35_10.0.18362.239_none_13ae3fd42b38b15a\wslhost.exe
wslhost.exe,93696,3,2452468931,2047-09-19T01:22:11.000Z,imports,api-ms-win-core-heap-l1-1-0.dll,HeapFree,dcdafcc804bb5e5d420b273d8b99ec97,076b4a4006cd173fee9e436f083c8d065f51b171062be9f5f18c48ca8008b933,c:\Windows\WinSxS\amd64_microsoft-windows-lxss-wslhost_31bf3856ad364e35_10.0.18362.239_none_13ae3fd42b38b15a\wslhost.exe
wslhost.exe,93696,3,2452468931,2047-09-19T01:22:11.000Z,imports,api-ms-win-core-errorhandling-l1-1-0.dll,GetLastError,dcdafcc804bb5e5d420b273d8b99ec97,076b4a4006cd173fee9e436f083c8d065f51b171062be9f5f18c48ca8008b933,c:\Windows\WinSxS\amd64_microsoft-windows-lxss-wslhost_31bf3856ad364e35_10.0.18362.239_none_13ae3fd42b38b15a\wslhost.exe
wslhost.exe,93696,3,2452468931,2047-09-19T01:22:11.000Z,imports,api-ms-win-core-errorhandling-l1-1-0.dll,SetLastError,dcdafcc804bb5e5d420b273d8b99ec97,076b4a4006cd173fee9e436f083c8d065f51b171062be9f5f18c48ca8008b933,c:\Windows\WinSxS\amd64_microsoft-windows-lxss-wslhost_31bf3856ad364e35_10.0.18362.239_none_13ae3fd42b38b15a\wslhost.exe
wslhost.exe,93696,3,2452468931,2047-09-19T01:22:11.000Z,imports,api-ms-win-core-errorhandling-l1-1-0.dll,SetUnhandledExceptionFilter,dcdafcc804bb5e5d420b273d8b99ec97,076b4a4006cd173fee9e436f083c8d065f51b171062be9f5f18c48ca8008b933,c:\Windows\WinSxS\amd64_microsoft-windows-lxss-wslhost_31bf3856ad364e35_10.0.18362.239_none_13ae3fd42b38b15a\wslhost.exe
wslhost.exe,93696,3,2452468931,2047-09-19T01:22:11.000Z,imports,api-ms-win-core-errorhandling-l1-1-0.dll,UnhandledExceptionFilter,dcdafcc804bb5e5d420b273d8b99ec97,076b4a4006cd173fee9e436f083c8d065f51b171062be9f5f18c48ca8008b933,c:\Windows\WinSxS\amd64_microsoft-windows-lxss-wslhost_31bf3856ad364e35_10.0.18362.239_none_13ae3fd42b38b15a\wslhost.exe
wslhost.exe,93696,3,2452468931,2047-09-19T01:22:11.000Z,imports,api-ms-win-core-processthreads-l1-1-0.dll,CreateProcessW,dcdafcc804bb5e5d420b273d8b99ec97,076b4a4006cd173fee9e436f083c8d065f51b171062be9f5f18c48ca8008b933,c:\Windows\WinSxS\amd64_microsoft-windows-lxss-wslhost_31bf3856ad364e35_10.0.18362.239_none_13ae3fd42b38b15a\wslhost.exe
wslhost.exe,93696,3,2452468931,2047-09-19T01:22:11.000Z,imports,api-ms-win-core-processthreads-l1-1-0.dll,DeleteProcThreadAttributeList,dcdafcc804bb5e5d420b273d8b99ec97,076b4a4006cd173fee9e436f083c8d065f51b171062be9f5f18c48ca8008b933,c:\Windows\WinSxS\amd64_microsoft-windows-lxss-wslhost_31bf3856ad364e35_10.0.18362.239_none_13ae3fd42b38b15a\wslhost.exe
wslhost.exe,93696,3,2452468931,2047-09-19T01:22:11.000Z,imports,api-ms-win-core-processthreads-l1-1-0.dll,GetCurrentProcess,dcdafcc804bb5e5d420b273d8b99ec97,076b4a4006cd173fee9e436f083c8d065f51b171062be9f5f18c48ca8008b933,c:\Windows\WinSxS\amd64_microsoft-windows-lxss-wslhost_31bf3856ad364e35_10.0.18362.239_none_13ae3fd42b38b15a\wslhost.exe
wslhost.exe,93696,3,2452468931,2047-09-19T01:22:11.000Z,imports,api-ms-win-core-processthreads-l1-1-0.dll,GetCurrentProcessId,dcdafcc804bb5e5d420b273d8b99ec97,076b4a4006cd173fee9e436f083c8d065f51b171062be9f5f18c48ca8008b933,c:\Windows\WinSxS\amd64_microsoft-windows-lxss-wslhost_31bf3856ad364e35_10.0.18362.239_none_13ae3fd42b38b15a\wslhost.exe
wslhost.exe,93696,3,2452468931,2047-09-19T01:22:11.000Z,imports,api-ms-win-core-processthreads-l1-1-0.dll,GetCurrentThreadId,dcdafcc804bb5e5d420b273d8b99ec97,076b4a4006cd173fee9e436f083c8d065f51b171062be9f5f18c48ca8008b933,c:\Windows\WinSxS\amd64_microsoft-windows-lxss-wslhost_31bf3856ad364e35_10.0.18362.239_none_13ae3fd42b38b15a\wslhost.exe
wslhost.exe,93696,3,2452468931,2047-09-19T01:22:11.000Z,imports,api-ms-win-core-processthreads-l1-1-0.dll,GetExitCodeProcess,dcdafcc804bb5e5d420b273d8b99ec97,076b4a4006cd173fee9e436f083c8d065f51b171062be9f5f18c48ca8008b933,c:\Windows\WinSxS\amd64_microsoft-windows-lxss-wslhost_31bf3856ad364e35_10.0.18362.239_none_13ae3fd42b38b15a\wslhost.exe
wslhost.exe,93696,3,2452468931,2047-09-19T01:22:11.000Z,imports,api-ms-win-core-processthreads-l1-1-0.dll,InitializeProcThreadAttributeList,dcdafcc804bb5e5d420b273d8b99ec97,076b4a4006cd173fee9e436f083c8d065f51b171062be9f5f18c48ca8008b933,c:\Windows\WinSxS\amd64_microsoft-windows-lxss-wslhost_31bf3856ad364e35_10.0.18362.239_none_13ae3fd42b38b15a\wslhost.exe
wslhost.exe,93696,3,2452468931,2047-09-19T01:22:11.000Z,imports,api-ms-win-core-processthreads-l1-1-0.dll,TerminateProcess,dcdafcc804bb5e5d420b273d8b99ec97,076b4a4006cd173fee9e436f083c8d065f51b171062be9f5f18c48ca8008b933,c:\Windows\WinSxS\amd64_microsoft-windows-lxss-wslhost_31bf3856ad364e35_10.0.18362.239_none_13ae3fd42b38b15a\wslhost.exe
wslhost.exe,93696,3,2452468931,2047-09-19T01:22:11.000Z,imports,api-ms-win-core-processthreads-l1-1-0.dll,UpdateProcThreadAttribute,dcdafcc804bb5e5d420b273d8b99ec97,076b4a4006cd173fee9e436f083c8d065f51b171062be9f5f18c48ca8008b933,c:\Windows\WinSxS\amd64_microsoft-windows-lxss-wslhost_31bf3856ad364e35_10.0.18362.239_none_13ae3fd42b38b15a\wslhost.exe
wslhost.exe,93696,3,2452468931,2047-09-19T01:22:11.000Z,imports,api-ms-win-core-localization-l1-2-0.dll,FormatMessageW,dcdafcc804bb5e5d420b273d8b99ec97,076b4a4006cd173fee9e436f083c8d065f51b171062be9f5f18c48ca8008b933,c:\Windows\WinSxS\amd64_microsoft-windows-lxss-wslhost_31bf3856ad364e35_10.0.18362.239_none_13ae3fd42b38b15a\wslhost.exe
wslhost.exe,93696,3,2452468931,2047-09-19T01:22:11.000Z,imports,api-ms-win-core-debug-l1-1-0.dll,DebugBreak,dcdafcc804bb5e5d420b273d8b99ec97,076b4a4006cd173fee9e436f083c8d065f51b171062be9f5f18c48ca8008b933,c:\Windows\WinSxS\amd64_microsoft-windows-lxss-wslhost_31bf3856ad364e35_10.0.18362.239_none_13ae3fd42b38b15a\wslhost.exe
wslhost.exe,93696,3,2452468931,2047-09-19T01:22:11.000Z,imports,api-ms-win-core-debug-l1-1-0.dll,IsDebuggerPresent,dcdafcc804bb5e5d420b273d8b99ec97,076b4a4006cd173fee9e436f083c8d065f51b171062be9f5f18c48ca8008b933,c:\Windows\WinSxS\amd64_microsoft-windows-lxss-wslhost_31bf3856ad364e35_10.0.18362.239_none_13ae3fd42b38b15a\wslhost.exe
wslhost.exe,93696,3,2452468931,2047-09-19T01:22:11.000Z,imports,api-ms-win-core-debug-l1-1-0.dll,OutputDebugStringW,dcdafcc804bb5e5d420b273d8b99ec97,076b4a4006cd173fee9e436f083c8d065f51b171062be9f5f18c48ca8008b933,c:\Windows\WinSxS\amd64_microsoft-windows-lxss-wslhost_31bf3856ad364e35_10.0.18362.239_none_13ae3fd42b38b15a\wslhost.exe
wslhost.exe,93696,3,2452468931,2047-09-19T01:22:11.000Z,imports,api-ms-win-core-handle-l1-1-0.dll,CloseHandle,dcdafcc804bb5e5d420b273d8b99ec97,076b4a4006cd173fee9e436f083c8d065f51b171062be9f5f18c48ca8008b933,c:\Windows\WinSxS\amd64_microsoft-windows-lxss-wslhost_31bf3856ad364e35_10.0.18362.239_none_13ae3fd42b38b15a\wslhost.exe
wslhost.exe,93696,3,2452468931,2047-09-19T01:22:11.000Z,imports,api-ms-win-core-handle-l1-1-0.dll,SetHandleInformation,dcdafcc804bb5e5d420b273d8b99ec97,076b4a4006cd173fee9e436f083c8d065f51b171062be9f5f18c48ca8008b933,c:\Windows\WinSxS\amd64_microsoft-windows-lxss-wslhost_31bf3856ad364e35_10.0.18362.239_none_13ae3fd42b38b15a\wslhost.exe
wslhost.exe,93696,3,2452468931,2047-09-19T01:22:11.000Z,imports,api-ms-win-core-rtlsupport-l1-1-0.dll,RtlCaptureContext,dcdafcc804bb5e5d420b273d8b99ec97,076b4a4006cd173fee9e436f083c8d065f51b171062be9f5f18c48ca8008b933,c:\Windows\WinSxS\amd64_microsoft-windows-lxss-wslhost_31bf3856ad364e35_10.0.18362.239_none_13ae3fd42b38b15a\wslhost.exe
wslhost.exe,93696,3,2452468931,2047-09-19T01:22:11.000Z,imports,api-ms-win-core-rtlsupport-l1-1-0.dll,RtlLookupFunctionEntry,dcdafcc804bb5e5d420b273d8b99ec97,076b4a4006cd173fee9e436f083c8d065f51b171062be9f5f18c48ca8008b933,c:\Windows\WinSxS\amd64_microsoft-windows-lxss-wslhost_31bf3856ad364e35_10.0.18362.239_none_13ae3fd42b38b15a\wslhost.exe
wslhost.exe,93696,3,2452468931,2047-09-19T01:22:11.000Z,imports,api-ms-win-core-rtlsupport-l1-1-0.dll,RtlVirtualUnwind,dcdafcc804bb5e5d420b273d8b99ec97,076b4a4006cd173fee9e436f083c8d065f51b171062be9f5f18c48ca8008b933,c:\Windows\WinSxS\amd64_microsoft-windows-lxss-wslhost_31bf3856ad364e35_10.0.18362.239_none_13ae3fd42b38b15a\wslhost.exe
wslhost.exe,93696,3,2452468931,2047-09-19T01:22:11.000Z,imports,api-ms-win-core-processthreads-l1-1-1.dll,IsProcessorFeaturePresent,dcdafcc804bb5e5d420b273d8b99ec97,076b4a4006cd173fee9e436f083c8d065f51b171062be9f5f18c48ca8008b933,c:\Windows\WinSxS\amd64_microsoft-windows-lxss-wslhost_31bf3856ad364e35_10.0.18362.239_none_13ae3fd42b38b15a\wslhost.exe
wslhost.exe,93696,3,2452468931,2047-09-19T01:22:11.000Z,imports,api-ms-win-core-profile-l1-1-0.dll,QueryPerformanceCounter,dcdafcc804bb5e5d420b273d8b99ec97,076b4a4006cd173fee9e436f083c8d065f51b171062be9f5f18c48ca8008b933,c:\Windows\WinSxS\amd64_microsoft-windows-lxss-wslhost_31bf3856ad364e35_10.0.18362.239_none_13ae3fd42b38b15a\wslhost.exe
wslhost.exe,93696,3,2452468931,2047-09-19T01:22:11.000Z,imports,api-ms-win-core-sysinfo-l1-1-0.dll,GetSystemTimeAsFileTime,dcdafcc804bb5e5d420b273d8b99ec97,076b4a4006cd173fee9e436f083c8d065f51b171062be9f5f18c48ca8008b933,c:\Windows\WinSxS\amd64_microsoft-windows-lxss-wslhost_31bf3856ad364e35_10.0.18362.239_none_13ae3fd42b38b15a\wslhost.exe
wslhost.exe,93696,3,2452468931,2047-09-19T01:22:11.000Z,imports,api-ms-win-core-interlocked-l1-1-0.dll,InitializeSListHead,dcdafcc804bb5e5d420b273d8b99ec97,076b4a4006cd173fee9e436f083c8d065f51b171062be9f5f18c48ca8008b933,c:\Windows\WinSxS\amd64_microsoft-windows-lxss-wslhost_31bf3856ad364e35_10.0.18362.239_none_13ae3fd42b38b15a\wslhost.exe
wslhost.exe,93696,3,2452468931,2047-09-19T01:22:11.000Z,imports,ntdll.dll,NtCancelIoFileEx,dcdafcc804bb5e5d420b273d8b99ec97,076b4a4006cd173fee9e436f083c8d065f51b171062be9f5f18c48ca8008b933,c:\Windows\WinSxS\amd64_microsoft-windows-lxss-wslhost_31bf3856ad364e35_10.0.18362.239_none_13ae3fd42b38b15a\wslhost.exe
wslhost.exe,93696,3,2452468931,2047-09-19T01:22:11.000Z,imports,ntdll.dll,NtCreateNamedPipeFile,dcdafcc804bb5e5d420b273d8b99ec97,076b4a4006cd173fee9e436f083c8d065f51b171062be9f5f18c48ca8008b933,c:\Windows\WinSxS\amd64_microsoft-windows-lxss-wslhost_31bf3856ad364e35_10.0.18362.239_none_13ae3fd42b38b15a\wslhost.exe
wslhost.exe,93696,3,2452468931,2047-09-19T01:22:11.000Z,imports,ntdll.dll,NtDeviceIoControlFile,dcdafcc804bb5e5d420b273d8b99ec97,076b4a4006cd173fee9e436f083c8d065f51b171062be9f5f18c48ca8008b933,c:\Windows\WinSxS\amd64_microsoft-windows-lxss-wslhost_31bf3856ad364e35_10.0.18362.239_none_13ae3fd42b38b15a\wslhost.exe
wslhost.exe,93696,3,2452468931,2047-09-19T01:22:11.000Z,imports,ntdll.dll,NtOpenFile,dcdafcc804bb5e5d420b273d8b99ec97,076b4a4006cd173fee9e436f083c8d065f51b171062be9f5f18c48ca8008b933,c:\Windows\WinSxS\amd64_microsoft-windows-lxss-wslhost_31bf3856ad364e35_10.0.18362.239_none_13ae3fd42b38b15a\wslhost.exe
wslhost.exe,93696,3,2452468931,2047-09-19T01:22:11.000Z,imports,ntdll.dll,NtQueryInformationProcess,dcdafcc804bb5e5d420b273d8b99ec97,076b4a4006cd173fee9e436f083c8d065f51b171062be9f5f18c48ca8008b933,c:\Windows\WinSxS\amd64_microsoft-windows-lxss-wslhost_31bf3856ad364e35_10.0.18362.239_none_13ae3fd42b38b15a\wslhost.exe
wslhost.exe,93696,3,2452468931,2047-09-19T01:22:11.000Z,imports,ntdll.dll,NtReadFile,dcdafcc804bb5e5d420b273d8b99ec97,076b4a4006cd173fee9e436f083c8d065f51b171062be9f5f18c48ca8008b933,c:\Windows\WinSxS\amd64_microsoft-windows-lxss-wslhost_31bf3856ad364e35_10.0.18362.239_none_13ae3fd42b38b15a\wslhost.exe
wslhost.exe,93696,3,2452468931,2047-09-19T01:22:11.000Z,imports,ntdll.dll,NtWaitForSingleObject,dcdafcc804bb5e5d420b273d8b99ec97,076b4a4006cd173fee9e436f083c8d065f51b171062be9f5f18c48ca8008b933,c:\Windows\WinSxS\amd64_microsoft-windows-lxss-wslhost_31bf3856ad364e35_10.0.18362.239_none_13ae3fd42b38b15a\wslhost.exe
wslhost.exe,93696,3,2452468931,2047-09-19T01:22:11.000Z,imports,ntdll.dll,NtWriteFile,dcdafcc804bb5e5d420b273d8b99ec97,076b4a4006cd173fee9e436f083c8d065f51b171062be9f5f18c48ca8008b933,c:\Windows\WinSxS\amd64_microsoft-windows-lxss-wslhost_31bf3856ad364e35_10.0.18362.239_none_13ae3fd42b38b15a\wslhost.exe
wslhost.exe,93696,3,2452468931,2047-09-19T01:22:11.000Z,imports,ntdll.dll,RtlGUIDFromString,dcdafcc804bb5e5d420b273d8b99ec97,076b4a4006cd173fee9e436f083c8d065f51b171062be9f5f18c48ca8008b933,c:\Windows\WinSxS\amd64_microsoft-windows-lxss-wslhost_31bf3856ad364e35_10.0.18362.239_none_13ae3fd42b38b15a\wslhost.exe
wslhost.exe,93696,3,2452468931,2047-09-19T01:22:11.000Z,imports,ntdll.dll,RtlInitUnicodeString,dcdafcc804bb5e5d420b273d8b99ec97,076b4a4006cd173fee9e436f083c8d065f51b171062be9f5f18c48ca8008b933,c:\Windows\WinSxS\amd64_microsoft-windows-lxss-wslhost_31bf3856ad364e35_10.0.18362.239_none_13ae3fd42b38b15a\wslhost.exe
wslhost.exe,93696,3,2452468931,2047-09-19T01:22:11.000Z,imports,api-ms-win-core-com-l1-1-0.dll,CoCreateInstance,dcdafcc804bb5e5d420b273d8b99ec97,076b4a4006cd173fee9e436f083c8d065f51b171062be9f5f18c48ca8008b933,c:\Windows\WinSxS\amd64_microsoft-windows-lxss-wslhost_31bf3856ad364e35_10.0.18362.239_none_13ae3fd42b38b15a\wslhost.exe
wslhost.exe,93696,3,2452468931,2047-09-19T01:22:11.000Z,imports,api-ms-win-core-com-l1-1-0.dll,CoInitializeEx,dcdafcc804bb5e5d420b273d8b99ec97,076b4a4006cd173fee9e436f083c8d065f51b171062be9f5f18c48ca8008b933,c:\Windows\WinSxS\amd64_microsoft-windows-lxss-wslhost_31bf3856ad364e35_10.0.18362.239_none_13ae3fd42b38b15a\wslhost.exe
wslhost.exe,93696,3,2452468931,2047-09-19T01:22:11.000Z,imports,api-ms-win-core-com-l1-1-0.dll,CoInitializeSecurity,dcdafcc804bb5e5d420b273d8b99ec97,076b4a4006cd173fee9e436f083c8d065f51b171062be9f5f18c48ca8008b933,c:\Windows\WinSxS\amd64_microsoft-windows-lxss-wslhost_31bf3856ad364e35_10.0.18362.239_none_13ae3fd42b38b15a\wslhost.exe
wslhost.exe,93696,3,2452468931,2047-09-19T01:22:11.000Z,imports,api-ms-win-core-com-l1-1-0.dll,CoTaskMemAlloc,dcdafcc804bb5e5d420b273d8b99ec97,076b4a4006cd173fee9e436f083c8d065f51b171062be9f5f18c48ca8008b933,c:\Windows\WinSxS\amd64_microsoft-windows-lxss-wslhost_31bf3856ad364e35_10.0.18362.239_none_13ae3fd42b38b15a\wslhost.exe
wslhost.exe,93696,3,2452468931,2047-09-19T01:22:11.000Z,imports,api-ms-win-core-com-l1-1-0.dll,CoTaskMemFree,dcdafcc804bb5e5d420b273d8b99ec97,076b4a4006cd173fee9e436f083c8d065f51b171062be9f5f18c48ca8008b933,c:\Windows\WinSxS\amd64_microsoft-windows-lxss-wslhost_31bf3856ad364e35_10.0.18362.239_none_13ae3fd42b38b15a\wslhost.exe
wslhost.exe,93696,3,2452468931,2047-09-19T01:22:11.000Z,imports,api-ms-win-core-com-l1-1-0.dll,CoUninitialize,dcdafcc804bb5e5d420b273d8b99ec97,076b4a4006cd173fee9e436f083c8d065f51b171062be9f5f18c48ca8008b933,c:\Windows\WinSxS\amd64_microsoft-windows-lxss-wslhost_31bf3856ad364e35_10.0.18362.239_none_13ae3fd42b38b15a\wslhost.exe
wslhost.exe,93696,3,2452468931,2047-09-19T01:22:11.000Z,imports,ws2_32.dll,WSASocketW,dcdafcc804bb5e5d420b273d8b99ec97,076b4a4006cd173fee9e436f083c8d065f51b171062be9f5f18c48ca8008b933,c:\Windows\WinSxS\amd64_microsoft-windows-lxss-wslhost_31bf3856ad364e35_10.0.18362.239_none_13ae3fd42b38b15a\wslhost.exe
wslhost.exe,93696,3,2452468931,2047-09-19T01:22:11.000Z,imports,api-ms-win-core-file-l1-1-0.dll,CreateFileW,dcdafcc804bb5e5d420b273d8b99ec97,076b4a4006cd173fee9e436f083c8d065f51b171062be9f5f18c48ca8008b933,c:\Windows\WinSxS\amd64_microsoft-windows-lxss-wslhost_31bf3856ad364e35_10.0.18362.239_none_13ae3fd42b38b15a\wslhost.exe
wslhost.exe,93696,3,2452468931,2047-09-19T01:22:11.000Z,imports,api-ms-win-core-file-l1-1-0.dll,ReadFile,dcdafcc804bb5e5d420b273d8b99ec97,076b4a4006cd173fee9e436f083c8d065f51b171062be9f5f18c48ca8008b933,c:\Windows\WinSxS\amd64_microsoft-windows-lxss-wslhost_31bf3856ad364e35_10.0.18362.239_none_13ae3fd42b38b15a\wslhost.exe
wslhost.exe,93696,3,2452468931,2047-09-19T01:22:11.000Z,imports,api-ms-win-core-processenvironment-l1-1-0.dll,FreeEnvironmentStringsW,dcdafcc804bb5e5d420b273d8b99ec97,076b4a4006cd173fee9e436f083c8d065f51b171062be9f5f18c48ca8008b933,c:\Windows\WinSxS\amd64_microsoft-windows-lxss-wslhost_31bf3856ad364e35_10.0.18362.239_none_13ae3fd42b38b15a\wslhost.exe
wslhost.exe,93696,3,2452468931,2047-09-19T01:22:11.000Z,imports,api-ms-win-core-processenvironment-l1-1-0.dll,GetEnvironmentStringsW,dcdafcc804bb5e5d420b273d8b99ec97,076b4a4006cd173fee9e436f083c8d065f51b171062be9f5f18c48ca8008b933,c:\Windows\WinSxS\amd64_microsoft-windows-lxss-wslhost_31bf3856ad364e35_10.0.18362.239_none_13ae3fd42b38b15a\wslhost.exe
wslhost.exe,93696,3,2452468931,2047-09-19T01:22:11.000Z,imports,api-ms-win-core-threadpool-l1-2-0.dll,CloseThreadpoolTimer,dcdafcc804bb5e5d420b273d8b99ec97,076b4a4006cd173fee9e436f083c8d065f51b171062be9f5f18c48ca8008b933,c:\Windows\WinSxS\amd64_microsoft-windows-lxss-wslhost_31bf3856ad364e35_10.0.18362.239_none_13ae3fd42b38b15a\wslhost.exe
wslhost.exe,93696,3,2452468931,2047-09-19T01:22:11.000Z,imports,api-ms-win-core-threadpool-l1-2-0.dll,CloseThreadpoolWork,dcdafcc804bb5e5d420b273d8b99ec97,076b4a4006cd173fee9e436f083c8d065f51b171062be9f5f18c48ca8008b933,c:\Windows\WinSxS\amd64_microsoft-windows-lxss-wslhost_31bf3856ad364e35_10.0.18362.239_none_13ae3fd42b38b15a\wslhost.exe
wslhost.exe,93696,3,2452468931,2047-09-19T01:22:11.000Z,imports,api-ms-win-core-threadpool-l1-2-0.dll,CreateThreadpoolTimer,dcdafcc804bb5e5d420b273d8b99ec97,076b4a4006cd173fee9e436f083c8d065f51b171062be9f5f18c48ca8008b933,c:\Windows\WinSxS\amd64_microsoft-windows-lxss-wslhost_31bf3856ad364e35_10.0.18362.239_none_13ae3fd42b38b15a\wslhost.exe
wslhost.exe,93696,3,2452468931,2047-09-19T01:22:11.000Z,imports,api-ms-win-core-threadpool-l1-2-0.dll,CreateThreadpoolWork,dcdafcc804bb5e5d420b273d8b99ec97,076b4a4006cd173fee9e436f083c8d065f51b171062be9f5f18c48ca8008b933,c:\Windows\WinSxS\amd64_microsoft-windows-lxss-wslhost_31bf3856ad364e35_10.0.18362.239_none_13ae3fd42b38b15a\wslhost.exe
wslhost.exe,93696,3,2452468931,2047-09-19T01:22:11.000Z,imports,api-ms-win-core-threadpool-l1-2-0.dll,SetThreadpoolTimer,dcdafcc804bb5e5d420b273d8b99ec97,076b4a4006cd173fee9e436f083c8d065f51b171062be9f5f18c48ca8008b933,c:\Windows\WinSxS\amd64_microsoft-windows-lxss-wslhost_31bf3856ad364e35_10.0.18362.239_none_13ae3fd42b38b15a\wslhost.exe
wslhost.exe,93696,3,2452468931,2047-09-19T01:22:11.000Z,imports,api-ms-win-core-threadpool-l1-2-0.dll,SubmitThreadpoolWork,dcdafcc804bb5e5d420b273d8b99ec97,076b4a4006cd173fee9e436f083c8d065f51b171062be9f5f18c48ca8008b933,c:\Windows\WinSxS\amd64_microsoft-windows-lxss-wslhost_31bf3856ad364e35_10.0.18362.239_none_13ae3fd42b38b15a\wslhost.exe
wslhost.exe,93696,3,2452468931,2047-09-19T01:22:11.000Z,imports,api-ms-win-core-threadpool-l1-2-0.dll,WaitForThreadpoolTimerCallbacks,dcdafcc804bb5e5d420b273d8b99ec97,076b4a4006cd173fee9e436f083c8d065f51b171062be9f5f18c48ca8008b933,c:\Windows\WinSxS\amd64_microsoft-windows-lxss-wslhost_31bf3856ad364e35_10.0.18362.239_none_13ae3fd42b38b15a\wslhost.exe
wslhost.exe,93696,3,2452468931,2047-09-19T01:22:11.000Z,imports,api-ms-win-core-synch-l1-2-1.dll,WaitForMultipleObjects,dcdafcc804bb5e5d420b273d8b99ec97,076b4a4006cd173fee9e436f083c8d065f51b171062be9f5f18c48ca8008b933,c:\Windows\WinSxS\amd64_microsoft-windows-lxss-wslhost_31bf3856ad364e35_10.0.18362.239_none_13ae3fd42b38b15a\wslhost.exe
wslhost.exe,93696,3,2452468931,2047-09-19T01:22:11.000Z,imports,api-ms-win-core-string-l1-1-0.dll,MultiByteToWideChar,dcdafcc804bb5e5d420b273d8b99ec97,076b4a4006cd173fee9e436f083c8d065f51b171062be9f5f18c48ca8008b933,c:\Windows\WinSxS\amd64_microsoft-windows-lxss-wslhost_31bf3856ad364e35_10.0.18362.239_none_13ae3fd42b38b15a\wslhost.exe
wslhost.exe,93696,3,2452468931,2047-09-19T01:22:11.000Z,imports,api-ms-win-core-console-l1-2-1.dll,ClosePseudoConsole,dcdafcc804bb5e5d420b273d8b99ec97,076b4a4006cd173fee9e436f083c8d065f51b171062be9f5f18c48ca8008b933,c:\Windows\WinSxS\amd64_microsoft-windows-lxss-wslhost_31bf3856ad364e35_10.0.18362.239_none_13ae3fd42b38b15a\wslhost.exe
wslhost.exe,93696,3,2452468931,2047-09-19T01:22:11.000Z,imports,api-ms-win-core-console-l1-2-1.dll,CreatePseudoConsole,dcdafcc804bb5e5d420b273d8b99ec97,076b4a4006cd173fee9e436f083c8d065f51b171062be9f5f18c48ca8008b933,c:\Windows\WinSxS\amd64_microsoft-windows-lxss-wslhost_31bf3856ad364e35_10.0.18362.239_none_13ae3fd42b38b15a\wslhost.exe
wslhost.exe,93696,3,2452468931,2047-09-19T01:22:11.000Z,imports,api-ms-win-core-console-l1-2-1.dll,ResizePseudoConsole,dcdafcc804bb5e5d420b273d8b99ec97,076b4a4006cd173fee9e436f083c8d065f51b171062be9f5f18c48ca8008b933,c:\Windows\WinSxS\amd64_microsoft-windows-lxss-wslhost_31bf3856ad364e35_10.0.18362.239_none_13ae3fd42b38b15a\wslhost.exe
wslhost.exe,93696,3,2452468931,2047-09-19T01:22:11.000Z,imports,api-ms-win-core-memory-l1-1-0.dll,ReadProcessMemory,dcdafcc804bb5e5d420b273d8b99ec97,076b4a4006cd173fee9e436f083c8d065f51b171062be9f5f18c48ca8008b933,c:\Windows\WinSxS\amd64_microsoft-windows-lxss-wslhost_31bf3856ad364e35_10.0.18362.239_none_13ae3fd42b38b15a\wslhost.exe
wslhost.exe,93696,3,2452468931,2047-09-19T01:22:11.000Z,imports,api-ms-win-core-io-l1-1-0.dll,CancelIoEx,dcdafcc804bb5e5d420b273d8b99ec97,076b4a4006cd173fee9e436f083c8d065f51b171062be9f5f18c48ca8008b933,c:\Windows\WinSxS\amd64_microsoft-windows-lxss-wslhost_31bf3856ad364e35_10.0.18362.239_none_13ae3fd42b38b15a\wslhost.exe
wslhost.exe,93696,3,2452468931,2047-09-19T01:22:11.000Z,imports,api-ms-win-core-io-l1-1-0.dll,GetOverlappedResult,dcdafcc804bb5e5d420b273d8b99ec97,076b4a4006cd173fee9e436f083c8d065f51b171062be9f5f18c48ca8008b933,c:\Windows\WinSxS\amd64_microsoft-windows-lxss-wslhost_31bf3856ad364e35_10.0.18362.239_none_13ae3fd42b38b15a\wslhost.exe
wslhost.exe,93696,3,2452468931,2047-09-19T01:22:11.000Z,imports,api-ms-win-eventing-provider-l1-1-0.dll,EventRegister,dcdafcc804bb5e5d420b273d8b99ec97,076b4a4006cd173fee9e436f083c8d065f51b171062be9f5f18c48ca8008b933,c:\Windows\WinSxS\amd64_microsoft-windows-lxss-wslhost_31bf3856ad364e35_10.0.18362.239_none_13ae3fd42b38b15a\wslhost.exe
wslhost.exe,93696,3,2452468931,2047-09-19T01:22:11.000Z,imports,api-ms-win-eventing-provider-l1-1-0.dll,EventSetInformation,dcdafcc804bb5e5d420b273d8b99ec97,076b4a4006cd173fee9e436f083c8d065f51b171062be9f5f18c48ca8008b933,c:\Windows\WinSxS\amd64_microsoft-windows-lxss-wslhost_31bf3856ad364e35_10.0.18362.239_none_13ae3fd42b38b15a\wslhost.exe
wslhost.exe,93696,3,2452468931,2047-09-19T01:22:11.000Z,imports,api-ms-win-eventing-provider-l1-1-0.dll,EventUnregister,dcdafcc804bb5e5d420b273d8b99ec97,076b4a4006cd173fee9e436f083c8d065f51b171062be9f5f18c48ca8008b933,c:\Windows\WinSxS\amd64_microsoft-windows-lxss-wslhost_31bf3856ad364e35_10.0.18362.239_none_13ae3fd42b38b15a\wslhost.exe
wslhost.exe,93696,3,2452468931,2047-09-19T01:22:11.000Z,imports,api-ms-win-eventing-provider-l1-1-0.dll,EventWriteTransfer,dcdafcc804bb5e5d420b273d8b99ec97,076b4a4006cd173fee9e436f083c8d065f51b171062be9f5f18c48ca8008b933,c:\Windows\WinSxS\amd64_microsoft-windows-lxss-wslhost_31bf3856ad364e35_10.0.18362.239_none_13ae3fd42b38b15a\wslhost.exe
wslhost.exe,93696,3,2452468931,2047-09-19T01:22:11.000Z,imports,api-ms-win-core-util-l1-1-0.dll,DecodePointer,dcdafcc804bb5e5d420b273d8b99ec97,076b4a4006cd173fee9e436f083c8d065f51b171062be9f5f18c48ca8008b933,c:\Windows\WinSxS\amd64_microsoft-windows-lxss-wslhost_31bf3856ad364e35_10.0.18362.239_none_13ae3fd42b38b15a\wslhost.exe
