jscript.dll,690176,2,297246495,1979-06-03T08:28:15.000Z,imports,msvcrt.dll,_CIfmod,f76a4dc88e8bd39c9fbcd12705cac462,c1878d5d058129177e2b958d393860d95131b627c6f26224fb0b756a7eaaf8f1,c:\Windows\WinSxS\wow64_microsoft-windows-scripting-jscript_31bf3856ad364e35_11.0.18362.418_none_26e81a71e678714f\jscript.dll
jscript.dll,690176,2,297246495,1979-06-03T08:28:15.000Z,imports,msvcrt.dll,_CIlog,f76a4dc88e8bd39c9fbcd12705cac462,c1878d5d058129177e2b958d393860d95131b627c6f26224fb0b756a7eaaf8f1,c:\Windows\WinSxS\wow64_microsoft-windows-scripting-jscript_31bf3856ad364e35_11.0.18362.418_none_26e81a71e678714f\jscript.dll
jscript.dll,690176,2,297246495,1979-06-03T08:28:15.000Z,imports,msvcrt.dll,_XcptFilter,f76a4dc88e8bd39c9fbcd12705cac462,c1878d5d058129177e2b958d393860d95131b627c6f26224fb0b756a7eaaf8f1,c:\Windows\WinSxS\wow64_microsoft-windows-scripting-jscript_31bf3856ad364e35_11.0.18362.418_none_26e81a71e678714f\jscript.dll
jscript.dll,690176,2,297246495,1979-06-03T08:28:15.000Z,imports,msvcrt.dll,__dllonexit,f76a4dc88e8bd39c9fbcd12705cac462,c1878d5d058129177e2b958d393860d95131b627c6f26224fb0b756a7eaaf8f1,c:\Windows\WinSxS\wow64_microsoft-windows-scripting-jscript_31bf3856ad364e35_11.0.18362.418_none_26e81a71e678714f\jscript.dll
jscript.dll,690176,2,297246495,1979-06-03T08:28:15.000Z,imports,msvcrt.dll,_amsg_exit,f76a4dc88e8bd39c9fbcd12705cac462,c1878d5d058129177e2b958d393860d95131b627c6f26224fb0b756a7eaaf8f1,c:\Windows\WinSxS\wow64_microsoft-windows-scripting-jscript_31bf3856ad364e35_11.0.18362.418_none_26e81a71e678714f\jscript.dll
jscript.dll,690176,2,297246495,1979-06-03T08:28:15.000Z,imports,msvcrt.dll,_callnewh,f76a4dc88e8bd39c9fbcd12705cac462,c1878d5d058129177e2b958d393860d95131b627c6f26224fb0b756a7eaaf8f1,c:\Windows\WinSxS\wow64_microsoft-windows-scripting-jscript_31bf3856ad364e35_11.0.18362.418_none_26e81a71e678714f\jscript.dll
jscript.dll,690176,2,297246495,1979-06-03T08:28:15.000Z,imports,msvcrt.dll,_clearfp,f76a4dc88e8bd39c9fbcd12705cac462,c1878d5d058129177e2b958d393860d95131b627c6f26224fb0b756a7eaaf8f1,c:\Windows\WinSxS\wow64_microsoft-windows-scripting-jscript_31bf3856ad364e35_11.0.18362.418_none_26e81a71e678714f\jscript.dll
jscript.dll,690176,2,297246495,1979-06-03T08:28:15.000Z,imports,msvcrt.dll,_control87,f76a4dc88e8bd39c9fbcd12705cac462,c1878d5d058129177e2b958d393860d95131b627c6f26224fb0b756a7eaaf8f1,c:\Windows\WinSxS\wow64_microsoft-windows-scripting-jscript_31bf3856ad364e35_11.0.18362.418_none_26e81a71e678714f\jscript.dll
jscript.dll,690176,2,297246495,1979-06-03T08:28:15.000Z,imports,msvcrt.dll,_except_handler4_common,f76a4dc88e8bd39c9fbcd12705cac462,c1878d5d058129177e2b958d393860d95131b627c6f26224fb0b756a7eaaf8f1,c:\Windows\WinSxS\wow64_microsoft-windows-scripting-jscript_31bf3856ad364e35_11.0.18362.418_none_26e81a71e678714f\jscript.dll
jscript.dll,690176,2,297246495,1979-06-03T08:28:15.000Z,imports,msvcrt.dll,_ftime,f76a4dc88e8bd39c9fbcd12705cac462,c1878d5d058129177e2b958d393860d95131b627c6f26224fb0b756a7eaaf8f1,c:\Windows\WinSxS\wow64_microsoft-windows-scripting-jscript_31bf3856ad364e35_11.0.18362.418_none_26e81a71e678714f\jscript.dll
jscript.dll,690176,2,297246495,1979-06-03T08:28:15.000Z,imports,msvcrt.dll,_ftol2,f76a4dc88e8bd39c9fbcd12705cac462,c1878d5d058129177e2b958d393860d95131b627c6f26224fb0b756a7eaaf8f1,c:\Windows\WinSxS\wow64_microsoft-windows-scripting-jscript_31bf3856ad364e35_11.0.18362.418_none_26e81a71e678714f\jscript.dll
jscript.dll,690176,2,297246495,1979-06-03T08:28:15.000Z,imports,msvcrt.dll,_ftol2_sse,f76a4dc88e8bd39c9fbcd12705cac462,c1878d5d058129177e2b958d393860d95131b627c6f26224fb0b756a7eaaf8f1,c:\Windows\WinSxS\wow64_microsoft-windows-scripting-jscript_31bf3856ad364e35_11.0.18362.418_none_26e81a71e678714f\jscript.dll
jscript.dll,690176,2,297246495,1979-06-03T08:28:15.000Z,imports,msvcrt.dll,_initterm,f76a4dc88e8bd39c9fbcd12705cac462,c1878d5d058129177e2b958d393860d95131b627c6f26224fb0b756a7eaaf8f1,c:\Windows\WinSxS\wow64_microsoft-windows-scripting-jscript_31bf3856ad364e35_11.0.18362.418_none_26e81a71e678714f\jscript.dll
jscript.dll,690176,2,297246495,1979-06-03T08:28:15.000Z,imports,msvcrt.dll,_ismbblead,f76a4dc88e8bd39c9fbcd12705cac462,c1878d5d058129177e2b958d393860d95131b627c6f26224fb0b756a7eaaf8f1,c:\Windows\WinSxS\wow64_microsoft-windows-scripting-jscript_31bf3856ad364e35_11.0.18362.418_none_26e81a71e678714f\jscript.dll
jscript.dll,690176,2,297246495,1979-06-03T08:28:15.000Z,imports,msvcrt.dll,_isnan,f76a4dc88e8bd39c9fbcd12705cac462,c1878d5d058129177e2b958d393860d95131b627c6f26224fb0b756a7eaaf8f1,c:\Windows\WinSxS\wow64_microsoft-windows-scripting-jscript_31bf3856ad364e35_11.0.18362.418_none_26e81a71e678714f\jscript.dll
jscript.dll,690176,2,297246495,1979-06-03T08:28:15.000Z,imports,msvcrt.dll,_local_unwind4,f76a4dc88e8bd39c9fbcd12705cac462,c1878d5d058129177e2b958d393860d95131b627c6f26224fb0b756a7eaaf8f1,c:\Windows\WinSxS\wow64_microsoft-windows-scripting-jscript_31bf3856ad364e35_11.0.18362.418_none_26e81a71e678714f\jscript.dll
jscript.dll,690176,2,297246495,1979-06-03T08:28:15.000Z,imports,msvcrt.dll,_lock,f76a4dc88e8bd39c9fbcd12705cac462,c1878d5d058129177e2b958d393860d95131b627c6f26224fb0b756a7eaaf8f1,c:\Windows\WinSxS\wow64_microsoft-windows-scripting-jscript_31bf3856ad364e35_11.0.18362.418_none_26e81a71e678714f\jscript.dll
jscript.dll,690176,2,297246495,1979-06-03T08:28:15.000Z,imports,msvcrt.dll,_ltow,f76a4dc88e8bd39c9fbcd12705cac462,c1878d5d058129177e2b958d393860d95131b627c6f26224fb0b756a7eaaf8f1,c:\Windows\WinSxS\wow64_microsoft-windows-scripting-jscript_31bf3856ad364e35_11.0.18362.418_none_26e81a71e678714f\jscript.dll
jscript.dll,690176,2,297246495,1979-06-03T08:28:15.000Z,imports,msvcrt.dll,_mbsicmp,f76a4dc88e8bd39c9fbcd12705cac462,c1878d5d058129177e2b958d393860d95131b627c6f26224fb0b756a7eaaf8f1,c:\Windows\WinSxS\wow64_microsoft-windows-scripting-jscript_31bf3856ad364e35_11.0.18362.418_none_26e81a71e678714f\jscript.dll
jscript.dll,690176,2,297246495,1979-06-03T08:28:15.000Z,imports,msvcrt.dll,_mbsrchr,f76a4dc88e8bd39c9fbcd12705cac462,c1878d5d058129177e2b958d393860d95131b627c6f26224fb0b756a7eaaf8f1,c:\Windows\WinSxS\wow64_microsoft-windows-scripting-jscript_31bf3856ad364e35_11.0.18362.418_none_26e81a71e678714f\jscript.dll
jscript.dll,690176,2,297246495,1979-06-03T08:28:15.000Z,imports,msvcrt.dll,_onexit,f76a4dc88e8bd39c9fbcd12705cac462,c1878d5d058129177e2b958d393860d95131b627c6f26224fb0b756a7eaaf8f1,c:\Windows\WinSxS\wow64_microsoft-windows-scripting-jscript_31bf3856ad364e35_11.0.18362.418_none_26e81a71e678714f\jscript.dll
jscript.dll,690176,2,297246495,1979-06-03T08:28:15.000Z,imports,msvcrt.dll,_purecall,f76a4dc88e8bd39c9fbcd12705cac462,c1878d5d058129177e2b958d393860d95131b627c6f26224fb0b756a7eaaf8f1,c:\Windows\WinSxS\wow64_microsoft-windows-scripting-jscript_31bf3856ad364e35_11.0.18362.418_none_26e81a71e678714f\jscript.dll
jscript.dll,690176,2,297246495,1979-06-03T08:28:15.000Z,imports,msvcrt.dll,_resetstkoflw,f76a4dc88e8bd39c9fbcd12705cac462,c1878d5d058129177e2b958d393860d95131b627c6f26224fb0b756a7eaaf8f1,c:\Windows\WinSxS\wow64_microsoft-windows-scripting-jscript_31bf3856ad364e35_11.0.18362.418_none_26e81a71e678714f\jscript.dll
jscript.dll,690176,2,297246495,1979-06-03T08:28:15.000Z,imports,msvcrt.dll,_setjmp3,f76a4dc88e8bd39c9fbcd12705cac462,c1878d5d058129177e2b958d393860d95131b627c6f26224fb0b756a7eaaf8f1,c:\Windows\WinSxS\wow64_microsoft-windows-scripting-jscript_31bf3856ad364e35_11.0.18362.418_none_26e81a71e678714f\jscript.dll
jscript.dll,690176,2,297246495,1979-06-03T08:28:15.000Z,imports,msvcrt.dll,_snwprintf_s,f76a4dc88e8bd39c9fbcd12705cac462,c1878d5d058129177e2b958d393860d95131b627c6f26224fb0b756a7eaaf8f1,c:\Windows\WinSxS\wow64_microsoft-windows-scripting-jscript_31bf3856ad364e35_11.0.18362.418_none_26e81a71e678714f\jscript.dll
jscript.dll,690176,2,297246495,1979-06-03T08:28:15.000Z,imports,msvcrt.dll,_splitpath_s,f76a4dc88e8bd39c9fbcd12705cac462,c1878d5d058129177e2b958d393860d95131b627c6f26224fb0b756a7eaaf8f1,c:\Windows\WinSxS\wow64_microsoft-windows-scripting-jscript_31bf3856ad364e35_11.0.18362.418_none_26e81a71e678714f\jscript.dll
jscript.dll,690176,2,297246495,1979-06-03T08:28:15.000Z,imports,msvcrt.dll,_statusfp,f76a4dc88e8bd39c9fbcd12705cac462,c1878d5d058129177e2b958d393860d95131b627c6f26224fb0b756a7eaaf8f1,c:\Windows\WinSxS\wow64_microsoft-windows-scripting-jscript_31bf3856ad364e35_11.0.18362.418_none_26e81a71e678714f\jscript.dll
jscript.dll,690176,2,297246495,1979-06-03T08:28:15.000Z,imports,msvcrt.dll,_tzset,f76a4dc88e8bd39c9fbcd12705cac462,c1878d5d058129177e2b958d393860d95131b627c6f26224fb0b756a7eaaf8f1,c:\Windows\WinSxS\wow64_microsoft-windows-scripting-jscript_31bf3856ad364e35_11.0.18362.418_none_26e81a71e678714f\jscript.dll
jscript.dll,690176,2,297246495,1979-06-03T08:28:15.000Z,imports,msvcrt.dll,_ultow_s,f76a4dc88e8bd39c9fbcd12705cac462,c1878d5d058129177e2b958d393860d95131b627c6f26224fb0b756a7eaaf8f1,c:\Windows\WinSxS\wow64_microsoft-windows-scripting-jscript_31bf3856ad364e35_11.0.18362.418_none_26e81a71e678714f\jscript.dll
jscript.dll,690176,2,297246495,1979-06-03T08:28:15.000Z,imports,msvcrt.dll,_unlock,f76a4dc88e8bd39c9fbcd12705cac462,c1878d5d058129177e2b958d393860d95131b627c6f26224fb0b756a7eaaf8f1,c:\Windows\WinSxS\wow64_microsoft-windows-scripting-jscript_31bf3856ad364e35_11.0.18362.418_none_26e81a71e678714f\jscript.dll
jscript.dll,690176,2,297246495,1979-06-03T08:28:15.000Z,imports,msvcrt.dll,_vsnwprintf,f76a4dc88e8bd39c9fbcd12705cac462,c1878d5d058129177e2b958d393860d95131b627c6f26224fb0b756a7eaaf8f1,c:\Windows\WinSxS\wow64_microsoft-windows-scripting-jscript_31bf3856ad364e35_11.0.18362.418_none_26e81a71e678714f\jscript.dll
jscript.dll,690176,2,297246495,1979-06-03T08:28:15.000Z,imports,msvcrt.dll,_wasctime,f76a4dc88e8bd39c9fbcd12705cac462,c1878d5d058129177e2b958d393860d95131b627c6f26224fb0b756a7eaaf8f1,c:\Windows\WinSxS\wow64_microsoft-windows-scripting-jscript_31bf3856ad364e35_11.0.18362.418_none_26e81a71e678714f\jscript.dll
jscript.dll,690176,2,297246495,1979-06-03T08:28:15.000Z,imports,msvcrt.dll,_wcsdup,f76a4dc88e8bd39c9fbcd12705cac462,c1878d5d058129177e2b958d393860d95131b627c6f26224fb0b756a7eaaf8f1,c:\Windows\WinSxS\wow64_microsoft-windows-scripting-jscript_31bf3856ad364e35_11.0.18362.418_none_26e81a71e678714f\jscript.dll
jscript.dll,690176,2,297246495,1979-06-03T08:28:15.000Z,imports,msvcrt.dll,_wcsicmp,f76a4dc88e8bd39c9fbcd12705cac462,c1878d5d058129177e2b958d393860d95131b627c6f26224fb0b756a7eaaf8f1,c:\Windows\WinSxS\wow64_microsoft-windows-scripting-jscript_31bf3856ad364e35_11.0.18362.418_none_26e81a71e678714f\jscript.dll
jscript.dll,690176,2,297246495,1979-06-03T08:28:15.000Z,imports,msvcrt.dll,_wcslwr,f76a4dc88e8bd39c9fbcd12705cac462,c1878d5d058129177e2b958d393860d95131b627c6f26224fb0b756a7eaaf8f1,c:\Windows\WinSxS\wow64_microsoft-windows-scripting-jscript_31bf3856ad364e35_11.0.18362.418_none_26e81a71e678714f\jscript.dll
jscript.dll,690176,2,297246495,1979-06-03T08:28:15.000Z,imports,msvcrt.dll,_wcsnicmp,f76a4dc88e8bd39c9fbcd12705cac462,c1878d5d058129177e2b958d393860d95131b627c6f26224fb0b756a7eaaf8f1,c:\Windows\WinSxS\wow64_microsoft-windows-scripting-jscript_31bf3856ad364e35_11.0.18362.418_none_26e81a71e678714f\jscript.dll
jscript.dll,690176,2,297246495,1979-06-03T08:28:15.000Z,imports,msvcrt.dll,acos,f76a4dc88e8bd39c9fbcd12705cac462,c1878d5d058129177e2b958d393860d95131b627c6f26224fb0b756a7eaaf8f1,c:\Windows\WinSxS\wow64_microsoft-windows-scripting-jscript_31bf3856ad364e35_11.0.18362.418_none_26e81a71e678714f\jscript.dll
jscript.dll,690176,2,297246495,1979-06-03T08:28:15.000Z,imports,msvcrt.dll,asin,f76a4dc88e8bd39c9fbcd12705cac462,c1878d5d058129177e2b958d393860d95131b627c6f26224fb0b756a7eaaf8f1,c:\Windows\WinSxS\wow64_microsoft-windows-scripting-jscript_31bf3856ad364e35_11.0.18362.418_none_26e81a71e678714f\jscript.dll
jscript.dll,690176,2,297246495,1979-06-03T08:28:15.000Z,imports,msvcrt.dll,atan,f76a4dc88e8bd39c9fbcd12705cac462,c1878d5d058129177e2b958d393860d95131b627c6f26224fb0b756a7eaaf8f1,c:\Windows\WinSxS\wow64_microsoft-windows-scripting-jscript_31bf3856ad364e35_11.0.18362.418_none_26e81a71e678714f\jscript.dll
jscript.dll,690176,2,297246495,1979-06-03T08:28:15.000Z,imports,msvcrt.dll,atan2,f76a4dc88e8bd39c9fbcd12705cac462,c1878d5d058129177e2b958d393860d95131b627c6f26224fb0b756a7eaaf8f1,c:\Windows\WinSxS\wow64_microsoft-windows-scripting-jscript_31bf3856ad364e35_11.0.18362.418_none_26e81a71e678714f\jscript.dll
jscript.dll,690176,2,297246495,1979-06-03T08:28:15.000Z,imports,msvcrt.dll,atoi,f76a4dc88e8bd39c9fbcd12705cac462,c1878d5d058129177e2b958d393860d95131b627c6f26224fb0b756a7eaaf8f1,c:\Windows\WinSxS\wow64_microsoft-windows-scripting-jscript_31bf3856ad364e35_11.0.18362.418_none_26e81a71e678714f\jscript.dll
jscript.dll,690176,2,297246495,1979-06-03T08:28:15.000Z,imports,msvcrt.dll,bsearch,f76a4dc88e8bd39c9fbcd12705cac462,c1878d5d058129177e2b958d393860d95131b627c6f26224fb0b756a7eaaf8f1,c:\Windows\WinSxS\wow64_microsoft-windows-scripting-jscript_31bf3856ad364e35_11.0.18362.418_none_26e81a71e678714f\jscript.dll
jscript.dll,690176,2,297246495,1979-06-03T08:28:15.000Z,imports,msvcrt.dll,ceil,f76a4dc88e8bd39c9fbcd12705cac462,c1878d5d058129177e2b958d393860d95131b627c6f26224fb0b756a7eaaf8f1,c:\Windows\WinSxS\wow64_microsoft-windows-scripting-jscript_31bf3856ad364e35_11.0.18362.418_none_26e81a71e678714f\jscript.dll
jscript.dll,690176,2,297246495,1979-06-03T08:28:15.000Z,imports,msvcrt.dll,cos,f76a4dc88e8bd39c9fbcd12705cac462,c1878d5d058129177e2b958d393860d95131b627c6f26224fb0b756a7eaaf8f1,c:\Windows\WinSxS\wow64_microsoft-windows-scripting-jscript_31bf3856ad364e35_11.0.18362.418_none_26e81a71e678714f\jscript.dll
jscript.dll,690176,2,297246495,1979-06-03T08:28:15.000Z,imports,msvcrt.dll,exp,f76a4dc88e8bd39c9fbcd12705cac462,c1878d5d058129177e2b958d393860d95131b627c6f26224fb0b756a7eaaf8f1,c:\Windows\WinSxS\wow64_microsoft-windows-scripting-jscript_31bf3856ad364e35_11.0.18362.418_none_26e81a71e678714f\jscript.dll
jscript.dll,690176,2,297246495,1979-06-03T08:28:15.000Z,imports,msvcrt.dll,floor,f76a4dc88e8bd39c9fbcd12705cac462,c1878d5d058129177e2b958d393860d95131b627c6f26224fb0b756a7eaaf8f1,c:\Windows\WinSxS\wow64_microsoft-windows-scripting-jscript_31bf3856ad364e35_11.0.18362.418_none_26e81a71e678714f\jscript.dll
jscript.dll,690176,2,297246495,1979-06-03T08:28:15.000Z,imports,msvcrt.dll,fmod,f76a4dc88e8bd39c9fbcd12705cac462,c1878d5d058129177e2b958d393860d95131b627c6f26224fb0b756a7eaaf8f1,c:\Windows\WinSxS\wow64_microsoft-windows-scripting-jscript_31bf3856ad364e35_11.0.18362.418_none_26e81a71e678714f\jscript.dll
jscript.dll,690176,2,297246495,1979-06-03T08:28:15.000Z,imports,msvcrt.dll,free,f76a4dc88e8bd39c9fbcd12705cac462,c1878d5d058129177e2b958d393860d95131b627c6f26224fb0b756a7eaaf8f1,c:\Windows\WinSxS\wow64_microsoft-windows-scripting-jscript_31bf3856ad364e35_11.0.18362.418_none_26e81a71e678714f\jscript.dll
jscript.dll,690176,2,297246495,1979-06-03T08:28:15.000Z,imports,msvcrt.dll,isalpha,f76a4dc88e8bd39c9fbcd12705cac462,c1878d5d058129177e2b958d393860d95131b627c6f26224fb0b756a7eaaf8f1,c:\Windows\WinSxS\wow64_microsoft-windows-scripting-jscript_31bf3856ad364e35_11.0.18362.418_none_26e81a71e678714f\jscript.dll
jscript.dll,690176,2,297246495,1979-06-03T08:28:15.000Z,imports,msvcrt.dll,isdigit,f76a4dc88e8bd39c9fbcd12705cac462,c1878d5d058129177e2b958d393860d95131b627c6f26224fb0b756a7eaaf8f1,c:\Windows\WinSxS\wow64_microsoft-windows-scripting-jscript_31bf3856ad364e35_11.0.18362.418_none_26e81a71e678714f\jscript.dll
jscript.dll,690176,2,297246495,1979-06-03T08:28:15.000Z,imports,msvcrt.dll,iswalpha,f76a4dc88e8bd39c9fbcd12705cac462,c1878d5d058129177e2b958d393860d95131b627c6f26224fb0b756a7eaaf8f1,c:\Windows\WinSxS\wow64_microsoft-windows-scripting-jscript_31bf3856ad364e35_11.0.18362.418_none_26e81a71e678714f\jscript.dll
jscript.dll,690176,2,297246495,1979-06-03T08:28:15.000Z,imports,msvcrt.dll,iswxdigit,f76a4dc88e8bd39c9fbcd12705cac462,c1878d5d058129177e2b958d393860d95131b627c6f26224fb0b756a7eaaf8f1,c:\Windows\WinSxS\wow64_microsoft-windows-scripting-jscript_31bf3856ad364e35_11.0.18362.418_none_26e81a71e678714f\jscript.dll
jscript.dll,690176,2,297246495,1979-06-03T08:28:15.000Z,imports,msvcrt.dll,localtime,f76a4dc88e8bd39c9fbcd12705cac462,c1878d5d058129177e2b958d393860d95131b627c6f26224fb0b756a7eaaf8f1,c:\Windows\WinSxS\wow64_microsoft-windows-scripting-jscript_31bf3856ad364e35_11.0.18362.418_none_26e81a71e678714f\jscript.dll
jscript.dll,690176,2,297246495,1979-06-03T08:28:15.000Z,imports,msvcrt.dll,log,f76a4dc88e8bd39c9fbcd12705cac462,c1878d5d058129177e2b958d393860d95131b627c6f26224fb0b756a7eaaf8f1,c:\Windows\WinSxS\wow64_microsoft-windows-scripting-jscript_31bf3856ad364e35_11.0.18362.418_none_26e81a71e678714f\jscript.dll
jscript.dll,690176,2,297246495,1979-06-03T08:28:15.000Z,imports,msvcrt.dll,longjmp,f76a4dc88e8bd39c9fbcd12705cac462,c1878d5d058129177e2b958d393860d95131b627c6f26224fb0b756a7eaaf8f1,c:\Windows\WinSxS\wow64_microsoft-windows-scripting-jscript_31bf3856ad364e35_11.0.18362.418_none_26e81a71e678714f\jscript.dll
jscript.dll,690176,2,297246495,1979-06-03T08:28:15.000Z,imports,msvcrt.dll,malloc,f76a4dc88e8bd39c9fbcd12705cac462,c1878d5d058129177e2b958d393860d95131b627c6f26224fb0b756a7eaaf8f1,c:\Windows\WinSxS\wow64_microsoft-windows-scripting-jscript_31bf3856ad364e35_11.0.18362.418_none_26e81a71e678714f\jscript.dll
jscript.dll,690176,2,297246495,1979-06-03T08:28:15.000Z,imports,msvcrt.dll,memcmp,f76a4dc88e8bd39c9fbcd12705cac462,c1878d5d058129177e2b958d393860d95131b627c6f26224fb0b756a7eaaf8f1,c:\Windows\WinSxS\wow64_microsoft-windows-scripting-jscript_31bf3856ad364e35_11.0.18362.418_none_26e81a71e678714f\jscript.dll
jscript.dll,690176,2,297246495,1979-06-03T08:28:15.000Z,imports,msvcrt.dll,memcpy,f76a4dc88e8bd39c9fbcd12705cac462,c1878d5d058129177e2b958d393860d95131b627c6f26224fb0b756a7eaaf8f1,c:\Windows\WinSxS\wow64_microsoft-windows-scripting-jscript_31bf3856ad364e35_11.0.18362.418_none_26e81a71e678714f\jscript.dll
jscript.dll,690176,2,297246495,1979-06-03T08:28:15.000Z,imports,msvcrt.dll,memcpy_s,f76a4dc88e8bd39c9fbcd12705cac462,c1878d5d058129177e2b958d393860d95131b627c6f26224fb0b756a7eaaf8f1,c:\Windows\WinSxS\wow64_microsoft-windows-scripting-jscript_31bf3856ad364e35_11.0.18362.418_none_26e81a71e678714f\jscript.dll
jscript.dll,690176,2,297246495,1979-06-03T08:28:15.000Z,imports,msvcrt.dll,memmove,f76a4dc88e8bd39c9fbcd12705cac462,c1878d5d058129177e2b958d393860d95131b627c6f26224fb0b756a7eaaf8f1,c:\Windows\WinSxS\wow64_microsoft-windows-scripting-jscript_31bf3856ad364e35_11.0.18362.418_none_26e81a71e678714f\jscript.dll
jscript.dll,690176,2,297246495,1979-06-03T08:28:15.000Z,imports,msvcrt.dll,memmove_s,f76a4dc88e8bd39c9fbcd12705cac462,c1878d5d058129177e2b958d393860d95131b627c6f26224fb0b756a7eaaf8f1,c:\Windows\WinSxS\wow64_microsoft-windows-scripting-jscript_31bf3856ad364e35_11.0.18362.418_none_26e81a71e678714f\jscript.dll
jscript.dll,690176,2,297246495,1979-06-03T08:28:15.000Z,imports,msvcrt.dll,memset,f76a4dc88e8bd39c9fbcd12705cac462,c1878d5d058129177e2b958d393860d95131b627c6f26224fb0b756a7eaaf8f1,c:\Windows\WinSxS\wow64_microsoft-windows-scripting-jscript_31bf3856ad364e35_11.0.18362.418_none_26e81a71e678714f\jscript.dll
jscript.dll,690176,2,297246495,1979-06-03T08:28:15.000Z,imports,msvcrt.dll,pow,f76a4dc88e8bd39c9fbcd12705cac462,c1878d5d058129177e2b958d393860d95131b627c6f26224fb0b756a7eaaf8f1,c:\Windows\WinSxS\wow64_microsoft-windows-scripting-jscript_31bf3856ad364e35_11.0.18362.418_none_26e81a71e678714f\jscript.dll
jscript.dll,690176,2,297246495,1979-06-03T08:28:15.000Z,imports,msvcrt.dll,realloc,f76a4dc88e8bd39c9fbcd12705cac462,c1878d5d058129177e2b958d393860d95131b627c6f26224fb0b756a7eaaf8f1,c:\Windows\WinSxS\wow64_microsoft-windows-scripting-jscript_31bf3856ad364e35_11.0.18362.418_none_26e81a71e678714f\jscript.dll
jscript.dll,690176,2,297246495,1979-06-03T08:28:15.000Z,imports,msvcrt.dll,sin,f76a4dc88e8bd39c9fbcd12705cac462,c1878d5d058129177e2b958d393860d95131b627c6f26224fb0b756a7eaaf8f1,c:\Windows\WinSxS\wow64_microsoft-windows-scripting-jscript_31bf3856ad364e35_11.0.18362.418_none_26e81a71e678714f\jscript.dll
jscript.dll,690176,2,297246495,1979-06-03T08:28:15.000Z,imports,msvcrt.dll,sprintf_s,f76a4dc88e8bd39c9fbcd12705cac462,c1878d5d058129177e2b958d393860d95131b627c6f26224fb0b756a7eaaf8f1,c:\Windows\WinSxS\wow64_microsoft-windows-scripting-jscript_31bf3856ad364e35_11.0.18362.418_none_26e81a71e678714f\jscript.dll
jscript.dll,690176,2,297246495,1979-06-03T08:28:15.000Z,imports,msvcrt.dll,sqrt,f76a4dc88e8bd39c9fbcd12705cac462,c1878d5d058129177e2b958d393860d95131b627c6f26224fb0b756a7eaaf8f1,c:\Windows\WinSxS\wow64_microsoft-windows-scripting-jscript_31bf3856ad364e35_11.0.18362.418_none_26e81a71e678714f\jscript.dll
jscript.dll,690176,2,297246495,1979-06-03T08:28:15.000Z,imports,msvcrt.dll,strcat_s,f76a4dc88e8bd39c9fbcd12705cac462,c1878d5d058129177e2b958d393860d95131b627c6f26224fb0b756a7eaaf8f1,c:\Windows\WinSxS\wow64_microsoft-windows-scripting-jscript_31bf3856ad364e35_11.0.18362.418_none_26e81a71e678714f\jscript.dll
jscript.dll,690176,2,297246495,1979-06-03T08:28:15.000Z,imports,msvcrt.dll,strcpy_s,f76a4dc88e8bd39c9fbcd12705cac462,c1878d5d058129177e2b958d393860d95131b627c6f26224fb0b756a7eaaf8f1,c:\Windows\WinSxS\wow64_microsoft-windows-scripting-jscript_31bf3856ad364e35_11.0.18362.418_none_26e81a71e678714f\jscript.dll
jscript.dll,690176,2,297246495,1979-06-03T08:28:15.000Z,imports,msvcrt.dll,strrchr,f76a4dc88e8bd39c9fbcd12705cac462,c1878d5d058129177e2b958d393860d95131b627c6f26224fb0b756a7eaaf8f1,c:\Windows\WinSxS\wow64_microsoft-windows-scripting-jscript_31bf3856ad364e35_11.0.18362.418_none_26e81a71e678714f\jscript.dll
jscript.dll,690176,2,297246495,1979-06-03T08:28:15.000Z,imports,msvcrt.dll,strtoul,f76a4dc88e8bd39c9fbcd12705cac462,c1878d5d058129177e2b958d393860d95131b627c6f26224fb0b756a7eaaf8f1,c:\Windows\WinSxS\wow64_microsoft-windows-scripting-jscript_31bf3856ad364e35_11.0.18362.418_none_26e81a71e678714f\jscript.dll
jscript.dll,690176,2,297246495,1979-06-03T08:28:15.000Z,imports,msvcrt.dll,swprintf_s,f76a4dc88e8bd39c9fbcd12705cac462,c1878d5d058129177e2b958d393860d95131b627c6f26224fb0b756a7eaaf8f1,c:\Windows\WinSxS\wow64_microsoft-windows-scripting-jscript_31bf3856ad364e35_11.0.18362.418_none_26e81a71e678714f\jscript.dll
jscript.dll,690176,2,297246495,1979-06-03T08:28:15.000Z,imports,msvcrt.dll,swscanf_s,f76a4dc88e8bd39c9fbcd12705cac462,c1878d5d058129177e2b958d393860d95131b627c6f26224fb0b756a7eaaf8f1,c:\Windows\WinSxS\wow64_microsoft-windows-scripting-jscript_31bf3856ad364e35_11.0.18362.418_none_26e81a71e678714f\jscript.dll
jscript.dll,690176,2,297246495,1979-06-03T08:28:15.000Z,imports,msvcrt.dll,tan,f76a4dc88e8bd39c9fbcd12705cac462,c1878d5d058129177e2b958d393860d95131b627c6f26224fb0b756a7eaaf8f1,c:\Windows\WinSxS\wow64_microsoft-windows-scripting-jscript_31bf3856ad364e35_11.0.18362.418_none_26e81a71e678714f\jscript.dll
jscript.dll,690176,2,297246495,1979-06-03T08:28:15.000Z,imports,msvcrt.dll,towlower,f76a4dc88e8bd39c9fbcd12705cac462,c1878d5d058129177e2b958d393860d95131b627c6f26224fb0b756a7eaaf8f1,c:\Windows\WinSxS\wow64_microsoft-windows-scripting-jscript_31bf3856ad364e35_11.0.18362.418_none_26e81a71e678714f\jscript.dll
jscript.dll,690176,2,297246495,1979-06-03T08:28:15.000Z,imports,msvcrt.dll,wcscat_s,f76a4dc88e8bd39c9fbcd12705cac462,c1878d5d058129177e2b958d393860d95131b627c6f26224fb0b756a7eaaf8f1,c:\Windows\WinSxS\wow64_microsoft-windows-scripting-jscript_31bf3856ad364e35_11.0.18362.418_none_26e81a71e678714f\jscript.dll
jscript.dll,690176,2,297246495,1979-06-03T08:28:15.000Z,imports,msvcrt.dll,wcschr,f76a4dc88e8bd39c9fbcd12705cac462,c1878d5d058129177e2b958d393860d95131b627c6f26224fb0b756a7eaaf8f1,c:\Windows\WinSxS\wow64_microsoft-windows-scripting-jscript_31bf3856ad364e35_11.0.18362.418_none_26e81a71e678714f\jscript.dll
jscript.dll,690176,2,297246495,1979-06-03T08:28:15.000Z,imports,msvcrt.dll,wcscpy_s,f76a4dc88e8bd39c9fbcd12705cac462,c1878d5d058129177e2b958d393860d95131b627c6f26224fb0b756a7eaaf8f1,c:\Windows\WinSxS\wow64_microsoft-windows-scripting-jscript_31bf3856ad364e35_11.0.18362.418_none_26e81a71e678714f\jscript.dll
jscript.dll,690176,2,297246495,1979-06-03T08:28:15.000Z,imports,msvcrt.dll,wcscspn,f76a4dc88e8bd39c9fbcd12705cac462,c1878d5d058129177e2b958d393860d95131b627c6f26224fb0b756a7eaaf8f1,c:\Windows\WinSxS\wow64_microsoft-windows-scripting-jscript_31bf3856ad364e35_11.0.18362.418_none_26e81a71e678714f\jscript.dll
jscript.dll,690176,2,297246495,1979-06-03T08:28:15.000Z,imports,msvcrt.dll,wcsncat_s,f76a4dc88e8bd39c9fbcd12705cac462,c1878d5d058129177e2b958d393860d95131b627c6f26224fb0b756a7eaaf8f1,c:\Windows\WinSxS\wow64_microsoft-windows-scripting-jscript_31bf3856ad364e35_11.0.18362.418_none_26e81a71e678714f\jscript.dll
jscript.dll,690176,2,297246495,1979-06-03T08:28:15.000Z,imports,msvcrt.dll,wcsncmp,f76a4dc88e8bd39c9fbcd12705cac462,c1878d5d058129177e2b958d393860d95131b627c6f26224fb0b756a7eaaf8f1,c:\Windows\WinSxS\wow64_microsoft-windows-scripting-jscript_31bf3856ad364e35_11.0.18362.418_none_26e81a71e678714f\jscript.dll
jscript.dll,690176,2,297246495,1979-06-03T08:28:15.000Z,imports,msvcrt.dll,wcsncpy_s,f76a4dc88e8bd39c9fbcd12705cac462,c1878d5d058129177e2b958d393860d95131b627c6f26224fb0b756a7eaaf8f1,c:\Windows\WinSxS\wow64_microsoft-windows-scripting-jscript_31bf3856ad364e35_11.0.18362.418_none_26e81a71e678714f\jscript.dll
jscript.dll,690176,2,297246495,1979-06-03T08:28:15.000Z,imports,msvcrt.dll,wcsstr,f76a4dc88e8bd39c9fbcd12705cac462,c1878d5d058129177e2b958d393860d95131b627c6f26224fb0b756a7eaaf8f1,c:\Windows\WinSxS\wow64_microsoft-windows-scripting-jscript_31bf3856ad364e35_11.0.18362.418_none_26e81a71e678714f\jscript.dll
jscript.dll,690176,2,297246495,1979-06-03T08:28:15.000Z,imports,advapi32.dll,EventWriteTransfer,f76a4dc88e8bd39c9fbcd12705cac462,c1878d5d058129177e2b958d393860d95131b627c6f26224fb0b756a7eaaf8f1,c:\Windows\WinSxS\wow64_microsoft-windows-scripting-jscript_31bf3856ad364e35_11.0.18362.418_none_26e81a71e678714f\jscript.dll
jscript.dll,690176,2,297246495,1979-06-03T08:28:15.000Z,imports,advapi32.dll,RegCloseKey,f76a4dc88e8bd39c9fbcd12705cac462,c1878d5d058129177e2b958d393860d95131b627c6f26224fb0b756a7eaaf8f1,c:\Windows\WinSxS\wow64_microsoft-windows-scripting-jscript_31bf3856ad364e35_11.0.18362.418_none_26e81a71e678714f\jscript.dll
jscript.dll,690176,2,297246495,1979-06-03T08:28:15.000Z,imports,advapi32.dll,RegCreateKeyExA,f76a4dc88e8bd39c9fbcd12705cac462,c1878d5d058129177e2b958d393860d95131b627c6f26224fb0b756a7eaaf8f1,c:\Windows\WinSxS\wow64_microsoft-windows-scripting-jscript_31bf3856ad364e35_11.0.18362.418_none_26e81a71e678714f\jscript.dll
jscript.dll,690176,2,297246495,1979-06-03T08:28:15.000Z,imports,advapi32.dll,RegCreateKeyExW,f76a4dc88e8bd39c9fbcd12705cac462,c1878d5d058129177e2b958d393860d95131b627c6f26224fb0b756a7eaaf8f1,c:\Windows\WinSxS\wow64_microsoft-windows-scripting-jscript_31bf3856ad364e35_11.0.18362.418_none_26e81a71e678714f\jscript.dll
jscript.dll,690176,2,297246495,1979-06-03T08:28:15.000Z,imports,advapi32.dll,RegDeleteKeyExA,f76a4dc88e8bd39c9fbcd12705cac462,c1878d5d058129177e2b958d393860d95131b627c6f26224fb0b756a7eaaf8f1,c:\Windows\WinSxS\wow64_microsoft-windows-scripting-jscript_31bf3856ad364e35_11.0.18362.418_none_26e81a71e678714f\jscript.dll
jscript.dll,690176,2,297246495,1979-06-03T08:28:15.000Z,imports,advapi32.dll,RegGetValueW,f76a4dc88e8bd39c9fbcd12705cac462,c1878d5d058129177e2b958d393860d95131b627c6f26224fb0b756a7eaaf8f1,c:\Windows\WinSxS\wow64_microsoft-windows-scripting-jscript_31bf3856ad364e35_11.0.18362.418_none_26e81a71e678714f\jscript.dll
jscript.dll,690176,2,297246495,1979-06-03T08:28:15.000Z,imports,advapi32.dll,RegOpenKeyExA,f76a4dc88e8bd39c9fbcd12705cac462,c1878d5d058129177e2b958d393860d95131b627c6f26224fb0b756a7eaaf8f1,c:\Windows\WinSxS\wow64_microsoft-windows-scripting-jscript_31bf3856ad364e35_11.0.18362.418_none_26e81a71e678714f\jscript.dll
jscript.dll,690176,2,297246495,1979-06-03T08:28:15.000Z,imports,advapi32.dll,RegOpenKeyExW,f76a4dc88e8bd39c9fbcd12705cac462,c1878d5d058129177e2b958d393860d95131b627c6f26224fb0b756a7eaaf8f1,c:\Windows\WinSxS\wow64_microsoft-windows-scripting-jscript_31bf3856ad364e35_11.0.18362.418_none_26e81a71e678714f\jscript.dll
jscript.dll,690176,2,297246495,1979-06-03T08:28:15.000Z,imports,advapi32.dll,RegQueryValueExA,f76a4dc88e8bd39c9fbcd12705cac462,c1878d5d058129177e2b958d393860d95131b627c6f26224fb0b756a7eaaf8f1,c:\Windows\WinSxS\wow64_microsoft-windows-scripting-jscript_31bf3856ad364e35_11.0.18362.418_none_26e81a71e678714f\jscript.dll
jscript.dll,690176,2,297246495,1979-06-03T08:28:15.000Z,imports,advapi32.dll,RegQueryValueExW,f76a4dc88e8bd39c9fbcd12705cac462,c1878d5d058129177e2b958d393860d95131b627c6f26224fb0b756a7eaaf8f1,c:\Windows\WinSxS\wow64_microsoft-windows-scripting-jscript_31bf3856ad364e35_11.0.18362.418_none_26e81a71e678714f\jscript.dll
jscript.dll,690176,2,297246495,1979-06-03T08:28:15.000Z,imports,advapi32.dll,RegSetValueExA,f76a4dc88e8bd39c9fbcd12705cac462,c1878d5d058129177e2b958d393860d95131b627c6f26224fb0b756a7eaaf8f1,c:\Windows\WinSxS\wow64_microsoft-windows-scripting-jscript_31bf3856ad364e35_11.0.18362.418_none_26e81a71e678714f\jscript.dll
jscript.dll,690176,2,297246495,1979-06-03T08:28:15.000Z,imports,advapi32.dll,RegSetValueExW,f76a4dc88e8bd39c9fbcd12705cac462,c1878d5d058129177e2b958d393860d95131b627c6f26224fb0b756a7eaaf8f1,c:\Windows\WinSxS\wow64_microsoft-windows-scripting-jscript_31bf3856ad364e35_11.0.18362.418_none_26e81a71e678714f\jscript.dll
jscript.dll,690176,2,297246495,1979-06-03T08:28:15.000Z,imports,kernel32.dll,AcquireSRWLockExclusive,f76a4dc88e8bd39c9fbcd12705cac462,c1878d5d058129177e2b958d393860d95131b627c6f26224fb0b756a7eaaf8f1,c:\Windows\WinSxS\wow64_microsoft-windows-scripting-jscript_31bf3856ad364e35_11.0.18362.418_none_26e81a71e678714f\jscript.dll
jscript.dll,690176,2,297246495,1979-06-03T08:28:15.000Z,imports,kernel32.dll,AcquireSRWLockShared,f76a4dc88e8bd39c9fbcd12705cac462,c1878d5d058129177e2b958d393860d95131b627c6f26224fb0b756a7eaaf8f1,c:\Windows\WinSxS\wow64_microsoft-windows-scripting-jscript_31bf3856ad364e35_11.0.18362.418_none_26e81a71e678714f\jscript.dll
jscript.dll,690176,2,297246495,1979-06-03T08:28:15.000Z,imports,kernel32.dll,CloseHandle,f76a4dc88e8bd39c9fbcd12705cac462,c1878d5d058129177e2b958d393860d95131b627c6f26224fb0b756a7eaaf8f1,c:\Windows\WinSxS\wow64_microsoft-windows-scripting-jscript_31bf3856ad364e35_11.0.18362.418_none_26e81a71e678714f\jscript.dll
jscript.dll,690176,2,297246495,1979-06-03T08:28:15.000Z,imports,kernel32.dll,CloseThreadpoolTimer,f76a4dc88e8bd39c9fbcd12705cac462,c1878d5d058129177e2b958d393860d95131b627c6f26224fb0b756a7eaaf8f1,c:\Windows\WinSxS\wow64_microsoft-windows-scripting-jscript_31bf3856ad364e35_11.0.18362.418_none_26e81a71e678714f\jscript.dll
jscript.dll,690176,2,297246495,1979-06-03T08:28:15.000Z,imports,kernel32.dll,CompareStringA,f76a4dc88e8bd39c9fbcd12705cac462,c1878d5d058129177e2b958d393860d95131b627c6f26224fb0b756a7eaaf8f1,c:\Windows\WinSxS\wow64_microsoft-windows-scripting-jscript_31bf3856ad364e35_11.0.18362.418_none_26e81a71e678714f\jscript.dll
jscript.dll,690176,2,297246495,1979-06-03T08:28:15.000Z,imports,kernel32.dll,CompareStringW,f76a4dc88e8bd39c9fbcd12705cac462,c1878d5d058129177e2b958d393860d95131b627c6f26224fb0b756a7eaaf8f1,c:\Windows\WinSxS\wow64_microsoft-windows-scripting-jscript_31bf3856ad364e35_11.0.18362.418_none_26e81a71e678714f\jscript.dll
jscript.dll,690176,2,297246495,1979-06-03T08:28:15.000Z,imports,kernel32.dll,CreateFileMappingW,f76a4dc88e8bd39c9fbcd12705cac462,c1878d5d058129177e2b958d393860d95131b627c6f26224fb0b756a7eaaf8f1,c:\Windows\WinSxS\wow64_microsoft-windows-scripting-jscript_31bf3856ad364e35_11.0.18362.418_none_26e81a71e678714f\jscript.dll
jscript.dll,690176,2,297246495,1979-06-03T08:28:15.000Z,imports,kernel32.dll,CreateFileW,f76a4dc88e8bd39c9fbcd12705cac462,c1878d5d058129177e2b958d393860d95131b627c6f26224fb0b756a7eaaf8f1,c:\Windows\WinSxS\wow64_microsoft-windows-scripting-jscript_31bf3856ad364e35_11.0.18362.418_none_26e81a71e678714f\jscript.dll
jscript.dll,690176,2,297246495,1979-06-03T08:28:15.000Z,imports,kernel32.dll,CreateMutexExW,f76a4dc88e8bd39c9fbcd12705cac462,c1878d5d058129177e2b958d393860d95131b627c6f26224fb0b756a7eaaf8f1,c:\Windows\WinSxS\wow64_microsoft-windows-scripting-jscript_31bf3856ad364e35_11.0.18362.418_none_26e81a71e678714f\jscript.dll
jscript.dll,690176,2,297246495,1979-06-03T08:28:15.000Z,imports,kernel32.dll,CreateSemaphoreExW,f76a4dc88e8bd39c9fbcd12705cac462,c1878d5d058129177e2b958d393860d95131b627c6f26224fb0b756a7eaaf8f1,c:\Windows\WinSxS\wow64_microsoft-windows-scripting-jscript_31bf3856ad364e35_11.0.18362.418_none_26e81a71e678714f\jscript.dll
jscript.dll,690176,2,297246495,1979-06-03T08:28:15.000Z,imports,kernel32.dll,CreateThreadpoolTimer,f76a4dc88e8bd39c9fbcd12705cac462,c1878d5d058129177e2b958d393860d95131b627c6f26224fb0b756a7eaaf8f1,c:\Windows\WinSxS\wow64_microsoft-windows-scripting-jscript_31bf3856ad364e35_11.0.18362.418_none_26e81a71e678714f\jscript.dll
jscript.dll,690176,2,297246495,1979-06-03T08:28:15.000Z,imports,kernel32.dll,DebugBreak,f76a4dc88e8bd39c9fbcd12705cac462,c1878d5d058129177e2b958d393860d95131b627c6f26224fb0b756a7eaaf8f1,c:\Windows\WinSxS\wow64_microsoft-windows-scripting-jscript_31bf3856ad364e35_11.0.18362.418_none_26e81a71e678714f\jscript.dll
jscript.dll,690176,2,297246495,1979-06-03T08:28:15.000Z,imports,kernel32.dll,DelayLoadFailureHook,f76a4dc88e8bd39c9fbcd12705cac462,c1878d5d058129177e2b958d393860d95131b627c6f26224fb0b756a7eaaf8f1,c:\Windows\WinSxS\wow64_microsoft-windows-scripting-jscript_31bf3856ad364e35_11.0.18362.418_none_26e81a71e678714f\jscript.dll
jscript.dll,690176,2,297246495,1979-06-03T08:28:15.000Z,imports,kernel32.dll,DeleteCriticalSection,f76a4dc88e8bd39c9fbcd12705cac462,c1878d5d058129177e2b958d393860d95131b627c6f26224fb0b756a7eaaf8f1,c:\Windows\WinSxS\wow64_microsoft-windows-scripting-jscript_31bf3856ad364e35_11.0.18362.418_none_26e81a71e678714f\jscript.dll
jscript.dll,690176,2,297246495,1979-06-03T08:28:15.000Z,imports,kernel32.dll,EnterCriticalSection,f76a4dc88e8bd39c9fbcd12705cac462,c1878d5d058129177e2b958d393860d95131b627c6f26224fb0b756a7eaaf8f1,c:\Windows\WinSxS\wow64_microsoft-windows-scripting-jscript_31bf3856ad364e35_11.0.18362.418_none_26e81a71e678714f\jscript.dll
jscript.dll,690176,2,297246495,1979-06-03T08:28:15.000Z,imports,kernel32.dll,FindResourceA,f76a4dc88e8bd39c9fbcd12705cac462,c1878d5d058129177e2b958d393860d95131b627c6f26224fb0b756a7eaaf8f1,c:\Windows\WinSxS\wow64_microsoft-windows-scripting-jscript_31bf3856ad364e35_11.0.18362.418_none_26e81a71e678714f\jscript.dll
jscript.dll,690176,2,297246495,1979-06-03T08:28:15.000Z,imports,kernel32.dll,FindResourceExW,f76a4dc88e8bd39c9fbcd12705cac462,c1878d5d058129177e2b958d393860d95131b627c6f26224fb0b756a7eaaf8f1,c:\Windows\WinSxS\wow64_microsoft-windows-scripting-jscript_31bf3856ad364e35_11.0.18362.418_none_26e81a71e678714f\jscript.dll
jscript.dll,690176,2,297246495,1979-06-03T08:28:15.000Z,imports,kernel32.dll,FormatMessageW,f76a4dc88e8bd39c9fbcd12705cac462,c1878d5d058129177e2b958d393860d95131b627c6f26224fb0b756a7eaaf8f1,c:\Windows\WinSxS\wow64_microsoft-windows-scripting-jscript_31bf3856ad364e35_11.0.18362.418_none_26e81a71e678714f\jscript.dll
jscript.dll,690176,2,297246495,1979-06-03T08:28:15.000Z,imports,kernel32.dll,FreeLibrary,f76a4dc88e8bd39c9fbcd12705cac462,c1878d5d058129177e2b958d393860d95131b627c6f26224fb0b756a7eaaf8f1,c:\Windows\WinSxS\wow64_microsoft-windows-scripting-jscript_31bf3856ad364e35_11.0.18362.418_none_26e81a71e678714f\jscript.dll
jscript.dll,690176,2,297246495,1979-06-03T08:28:15.000Z,imports,kernel32.dll,FreeResource,f76a4dc88e8bd39c9fbcd12705cac462,c1878d5d058129177e2b958d393860d95131b627c6f26224fb0b756a7eaaf8f1,c:\Windows\WinSxS\wow64_microsoft-windows-scripting-jscript_31bf3856ad364e35_11.0.18362.418_none_26e81a71e678714f\jscript.dll
jscript.dll,690176,2,297246495,1979-06-03T08:28:15.000Z,imports,kernel32.dll,GetACP,f76a4dc88e8bd39c9fbcd12705cac462,c1878d5d058129177e2b958d393860d95131b627c6f26224fb0b756a7eaaf8f1,c:\Windows\WinSxS\wow64_microsoft-windows-scripting-jscript_31bf3856ad364e35_11.0.18362.418_none_26e81a71e678714f\jscript.dll
jscript.dll,690176,2,297246495,1979-06-03T08:28:15.000Z,imports,kernel32.dll,GetComputerNameA,f76a4dc88e8bd39c9fbcd12705cac462,c1878d5d058129177e2b958d393860d95131b627c6f26224fb0b756a7eaaf8f1,c:\Windows\WinSxS\wow64_microsoft-windows-scripting-jscript_31bf3856ad364e35_11.0.18362.418_none_26e81a71e678714f\jscript.dll
jscript.dll,690176,2,297246495,1979-06-03T08:28:15.000Z,imports,kernel32.dll,GetCurrentProcess,f76a4dc88e8bd39c9fbcd12705cac462,c1878d5d058129177e2b958d393860d95131b627c6f26224fb0b756a7eaaf8f1,c:\Windows\WinSxS\wow64_microsoft-windows-scripting-jscript_31bf3856ad364e35_11.0.18362.418_none_26e81a71e678714f\jscript.dll
jscript.dll,690176,2,297246495,1979-06-03T08:28:15.000Z,imports,kernel32.dll,GetCurrentProcessId,f76a4dc88e8bd39c9fbcd12705cac462,c1878d5d058129177e2b958d393860d95131b627c6f26224fb0b756a7eaaf8f1,c:\Windows\WinSxS\wow64_microsoft-windows-scripting-jscript_31bf3856ad364e35_11.0.18362.418_none_26e81a71e678714f\jscript.dll
jscript.dll,690176,2,297246495,1979-06-03T08:28:15.000Z,imports,kernel32.dll,GetCurrentThreadId,f76a4dc88e8bd39c9fbcd12705cac462,c1878d5d058129177e2b958d393860d95131b627c6f26224fb0b756a7eaaf8f1,c:\Windows\WinSxS\wow64_microsoft-windows-scripting-jscript_31bf3856ad364e35_11.0.18362.418_none_26e81a71e678714f\jscript.dll
jscript.dll,690176,2,297246495,1979-06-03T08:28:15.000Z,imports,kernel32.dll,GetDateFormatA,f76a4dc88e8bd39c9fbcd12705cac462,c1878d5d058129177e2b958d393860d95131b627c6f26224fb0b756a7eaaf8f1,c:\Windows\WinSxS\wow64_microsoft-windows-scripting-jscript_31bf3856ad364e35_11.0.18362.418_none_26e81a71e678714f\jscript.dll
jscript.dll,690176,2,297246495,1979-06-03T08:28:15.000Z,imports,kernel32.dll,GetDateFormatW,f76a4dc88e8bd39c9fbcd12705cac462,c1878d5d058129177e2b958d393860d95131b627c6f26224fb0b756a7eaaf8f1,c:\Windows\WinSxS\wow64_microsoft-windows-scripting-jscript_31bf3856ad364e35_11.0.18362.418_none_26e81a71e678714f\jscript.dll
jscript.dll,690176,2,297246495,1979-06-03T08:28:15.000Z,imports,kernel32.dll,GetEnvironmentVariableW,f76a4dc88e8bd39c9fbcd12705cac462,c1878d5d058129177e2b958d393860d95131b627c6f26224fb0b756a7eaaf8f1,c:\Windows\WinSxS\wow64_microsoft-windows-scripting-jscript_31bf3856ad364e35_11.0.18362.418_none_26e81a71e678714f\jscript.dll
jscript.dll,690176,2,297246495,1979-06-03T08:28:15.000Z,imports,kernel32.dll,GetLastError,f76a4dc88e8bd39c9fbcd12705cac462,c1878d5d058129177e2b958d393860d95131b627c6f26224fb0b756a7eaaf8f1,c:\Windows\WinSxS\wow64_microsoft-windows-scripting-jscript_31bf3856ad364e35_11.0.18362.418_none_26e81a71e678714f\jscript.dll
jscript.dll,690176,2,297246495,1979-06-03T08:28:15.000Z,imports,kernel32.dll,GetLocaleInfoA,f76a4dc88e8bd39c9fbcd12705cac462,c1878d5d058129177e2b958d393860d95131b627c6f26224fb0b756a7eaaf8f1,c:\Windows\WinSxS\wow64_microsoft-windows-scripting-jscript_31bf3856ad364e35_11.0.18362.418_none_26e81a71e678714f\jscript.dll
jscript.dll,690176,2,297246495,1979-06-03T08:28:15.000Z,imports,kernel32.dll,GetLocaleInfoW,f76a4dc88e8bd39c9fbcd12705cac462,c1878d5d058129177e2b958d393860d95131b627c6f26224fb0b756a7eaaf8f1,c:\Windows\WinSxS\wow64_microsoft-windows-scripting-jscript_31bf3856ad364e35_11.0.18362.418_none_26e81a71e678714f\jscript.dll
jscript.dll,690176,2,297246495,1979-06-03T08:28:15.000Z,imports,kernel32.dll,GetModuleFileNameA,f76a4dc88e8bd39c9fbcd12705cac462,c1878d5d058129177e2b958d393860d95131b627c6f26224fb0b756a7eaaf8f1,c:\Windows\WinSxS\wow64_microsoft-windows-scripting-jscript_31bf3856ad364e35_11.0.18362.418_none_26e81a71e678714f\jscript.dll
jscript.dll,690176,2,297246495,1979-06-03T08:28:15.000Z,imports,kernel32.dll,GetModuleFileNameW,f76a4dc88e8bd39c9fbcd12705cac462,c1878d5d058129177e2b958d393860d95131b627c6f26224fb0b756a7eaaf8f1,c:\Windows\WinSxS\wow64_microsoft-windows-scripting-jscript_31bf3856ad364e35_11.0.18362.418_none_26e81a71e678714f\jscript.dll
jscript.dll,690176,2,297246495,1979-06-03T08:28:15.000Z,imports,kernel32.dll,GetModuleHandleA,f76a4dc88e8bd39c9fbcd12705cac462,c1878d5d058129177e2b958d393860d95131b627c6f26224fb0b756a7eaaf8f1,c:\Windows\WinSxS\wow64_microsoft-windows-scripting-jscript_31bf3856ad364e35_11.0.18362.418_none_26e81a71e678714f\jscript.dll
jscript.dll,690176,2,297246495,1979-06-03T08:28:15.000Z,imports,kernel32.dll,GetModuleHandleExW,f76a4dc88e8bd39c9fbcd12705cac462,c1878d5d058129177e2b958d393860d95131b627c6f26224fb0b756a7eaaf8f1,c:\Windows\WinSxS\wow64_microsoft-windows-scripting-jscript_31bf3856ad364e35_11.0.18362.418_none_26e81a71e678714f\jscript.dll
jscript.dll,690176,2,297246495,1979-06-03T08:28:15.000Z,imports,kernel32.dll,GetModuleHandleW,f76a4dc88e8bd39c9fbcd12705cac462,c1878d5d058129177e2b958d393860d95131b627c6f26224fb0b756a7eaaf8f1,c:\Windows\WinSxS\wow64_microsoft-windows-scripting-jscript_31bf3856ad364e35_11.0.18362.418_none_26e81a71e678714f\jscript.dll
jscript.dll,690176,2,297246495,1979-06-03T08:28:15.000Z,imports,kernel32.dll,GetNumberFormatA,f76a4dc88e8bd39c9fbcd12705cac462,c1878d5d058129177e2b958d393860d95131b627c6f26224fb0b756a7eaaf8f1,c:\Windows\WinSxS\wow64_microsoft-windows-scripting-jscript_31bf3856ad364e35_11.0.18362.418_none_26e81a71e678714f\jscript.dll
jscript.dll,690176,2,297246495,1979-06-03T08:28:15.000Z,imports,kernel32.dll,GetNumberFormatW,f76a4dc88e8bd39c9fbcd12705cac462,c1878d5d058129177e2b958d393860d95131b627c6f26224fb0b756a7eaaf8f1,c:\Windows\WinSxS\wow64_microsoft-windows-scripting-jscript_31bf3856ad364e35_11.0.18362.418_none_26e81a71e678714f\jscript.dll
jscript.dll,690176,2,297246495,1979-06-03T08:28:15.000Z,imports,kernel32.dll,GetProcAddress,f76a4dc88e8bd39c9fbcd12705cac462,c1878d5d058129177e2b958d393860d95131b627c6f26224fb0b756a7eaaf8f1,c:\Windows\WinSxS\wow64_microsoft-windows-scripting-jscript_31bf3856ad364e35_11.0.18362.418_none_26e81a71e678714f\jscript.dll
jscript.dll,690176,2,297246495,1979-06-03T08:28:15.000Z,imports,kernel32.dll,GetProcessHeap,f76a4dc88e8bd39c9fbcd12705cac462,c1878d5d058129177e2b958d393860d95131b627c6f26224fb0b756a7eaaf8f1,c:\Windows\WinSxS\wow64_microsoft-windows-scripting-jscript_31bf3856ad364e35_11.0.18362.418_none_26e81a71e678714f\jscript.dll
jscript.dll,690176,2,297246495,1979-06-03T08:28:15.000Z,imports,kernel32.dll,GetStringTypeA,f76a4dc88e8bd39c9fbcd12705cac462,c1878d5d058129177e2b958d393860d95131b627c6f26224fb0b756a7eaaf8f1,c:\Windows\WinSxS\wow64_microsoft-windows-scripting-jscript_31bf3856ad364e35_11.0.18362.418_none_26e81a71e678714f\jscript.dll
jscript.dll,690176,2,297246495,1979-06-03T08:28:15.000Z,imports,kernel32.dll,GetStringTypeW,f76a4dc88e8bd39c9fbcd12705cac462,c1878d5d058129177e2b958d393860d95131b627c6f26224fb0b756a7eaaf8f1,c:\Windows\WinSxS\wow64_microsoft-windows-scripting-jscript_31bf3856ad364e35_11.0.18362.418_none_26e81a71e678714f\jscript.dll
jscript.dll,690176,2,297246495,1979-06-03T08:28:15.000Z,imports,kernel32.dll,GetSystemDefaultLCID,f76a4dc88e8bd39c9fbcd12705cac462,c1878d5d058129177e2b958d393860d95131b627c6f26224fb0b756a7eaaf8f1,c:\Windows\WinSxS\wow64_microsoft-windows-scripting-jscript_31bf3856ad364e35_11.0.18362.418_none_26e81a71e678714f\jscript.dll
jscript.dll,690176,2,297246495,1979-06-03T08:28:15.000Z,imports,kernel32.dll,GetSystemDefaultUILanguage,f76a4dc88e8bd39c9fbcd12705cac462,c1878d5d058129177e2b958d393860d95131b627c6f26224fb0b756a7eaaf8f1,c:\Windows\WinSxS\wow64_microsoft-windows-scripting-jscript_31bf3856ad364e35_11.0.18362.418_none_26e81a71e678714f\jscript.dll
jscript.dll,690176,2,297246495,1979-06-03T08:28:15.000Z,imports,kernel32.dll,GetSystemDirectoryW,f76a4dc88e8bd39c9fbcd12705cac462,c1878d5d058129177e2b958d393860d95131b627c6f26224fb0b756a7eaaf8f1,c:\Windows\WinSxS\wow64_microsoft-windows-scripting-jscript_31bf3856ad364e35_11.0.18362.418_none_26e81a71e678714f\jscript.dll
jscript.dll,690176,2,297246495,1979-06-03T08:28:15.000Z,imports,kernel32.dll,GetSystemTime,f76a4dc88e8bd39c9fbcd12705cac462,c1878d5d058129177e2b958d393860d95131b627c6f26224fb0b756a7eaaf8f1,c:\Windows\WinSxS\wow64_microsoft-windows-scripting-jscript_31bf3856ad364e35_11.0.18362.418_none_26e81a71e678714f\jscript.dll
jscript.dll,690176,2,297246495,1979-06-03T08:28:15.000Z,imports,kernel32.dll,GetSystemTimeAsFileTime,f76a4dc88e8bd39c9fbcd12705cac462,c1878d5d058129177e2b958d393860d95131b627c6f26224fb0b756a7eaaf8f1,c:\Windows\WinSxS\wow64_microsoft-windows-scripting-jscript_31bf3856ad364e35_11.0.18362.418_none_26e81a71e678714f\jscript.dll
jscript.dll,690176,2,297246495,1979-06-03T08:28:15.000Z,imports,kernel32.dll,GetTickCount,f76a4dc88e8bd39c9fbcd12705cac462,c1878d5d058129177e2b958d393860d95131b627c6f26224fb0b756a7eaaf8f1,c:\Windows\WinSxS\wow64_microsoft-windows-scripting-jscript_31bf3856ad364e35_11.0.18362.418_none_26e81a71e678714f\jscript.dll
jscript.dll,690176,2,297246495,1979-06-03T08:28:15.000Z,imports,kernel32.dll,GetTimeFormatA,f76a4dc88e8bd39c9fbcd12705cac462,c1878d5d058129177e2b958d393860d95131b627c6f26224fb0b756a7eaaf8f1,c:\Windows\WinSxS\wow64_microsoft-windows-scripting-jscript_31bf3856ad364e35_11.0.18362.418_none_26e81a71e678714f\jscript.dll
jscript.dll,690176,2,297246495,1979-06-03T08:28:15.000Z,imports,kernel32.dll,GetTimeFormatW,f76a4dc88e8bd39c9fbcd12705cac462,c1878d5d058129177e2b958d393860d95131b627c6f26224fb0b756a7eaaf8f1,c:\Windows\WinSxS\wow64_microsoft-windows-scripting-jscript_31bf3856ad364e35_11.0.18362.418_none_26e81a71e678714f\jscript.dll
jscript.dll,690176,2,297246495,1979-06-03T08:28:15.000Z,imports,kernel32.dll,GetTimeZoneInformation,f76a4dc88e8bd39c9fbcd12705cac462,c1878d5d058129177e2b958d393860d95131b627c6f26224fb0b756a7eaaf8f1,c:\Windows\WinSxS\wow64_microsoft-windows-scripting-jscript_31bf3856ad364e35_11.0.18362.418_none_26e81a71e678714f\jscript.dll
jscript.dll,690176,2,297246495,1979-06-03T08:28:15.000Z,imports,kernel32.dll,GetUserDefaultLCID,f76a4dc88e8bd39c9fbcd12705cac462,c1878d5d058129177e2b958d393860d95131b627c6f26224fb0b756a7eaaf8f1,c:\Windows\WinSxS\wow64_microsoft-windows-scripting-jscript_31bf3856ad364e35_11.0.18362.418_none_26e81a71e678714f\jscript.dll
jscript.dll,690176,2,297246495,1979-06-03T08:28:15.000Z,imports,kernel32.dll,GetUserDefaultUILanguage,f76a4dc88e8bd39c9fbcd12705cac462,c1878d5d058129177e2b958d393860d95131b627c6f26224fb0b756a7eaaf8f1,c:\Windows\WinSxS\wow64_microsoft-windows-scripting-jscript_31bf3856ad364e35_11.0.18362.418_none_26e81a71e678714f\jscript.dll
jscript.dll,690176,2,297246495,1979-06-03T08:28:15.000Z,imports,kernel32.dll,GetVersionExA,f76a4dc88e8bd39c9fbcd12705cac462,c1878d5d058129177e2b958d393860d95131b627c6f26224fb0b756a7eaaf8f1,c:\Windows\WinSxS\wow64_microsoft-windows-scripting-jscript_31bf3856ad364e35_11.0.18362.418_none_26e81a71e678714f\jscript.dll
jscript.dll,690176,2,297246495,1979-06-03T08:28:15.000Z,imports,kernel32.dll,GetVersionExW,f76a4dc88e8bd39c9fbcd12705cac462,c1878d5d058129177e2b958d393860d95131b627c6f26224fb0b756a7eaaf8f1,c:\Windows\WinSxS\wow64_microsoft-windows-scripting-jscript_31bf3856ad364e35_11.0.18362.418_none_26e81a71e678714f\jscript.dll
jscript.dll,690176,2,297246495,1979-06-03T08:28:15.000Z,imports,kernel32.dll,HeapAlloc,f76a4dc88e8bd39c9fbcd12705cac462,c1878d5d058129177e2b958d393860d95131b627c6f26224fb0b756a7eaaf8f1,c:\Windows\WinSxS\wow64_microsoft-windows-scripting-jscript_31bf3856ad364e35_11.0.18362.418_none_26e81a71e678714f\jscript.dll
jscript.dll,690176,2,297246495,1979-06-03T08:28:15.000Z,imports,kernel32.dll,HeapFree,f76a4dc88e8bd39c9fbcd12705cac462,c1878d5d058129177e2b958d393860d95131b627c6f26224fb0b756a7eaaf8f1,c:\Windows\WinSxS\wow64_microsoft-windows-scripting-jscript_31bf3856ad364e35_11.0.18362.418_none_26e81a71e678714f\jscript.dll
jscript.dll,690176,2,297246495,1979-06-03T08:28:15.000Z,imports,kernel32.dll,InitOnceExecuteOnce,f76a4dc88e8bd39c9fbcd12705cac462,c1878d5d058129177e2b958d393860d95131b627c6f26224fb0b756a7eaaf8f1,c:\Windows\WinSxS\wow64_microsoft-windows-scripting-jscript_31bf3856ad364e35_11.0.18362.418_none_26e81a71e678714f\jscript.dll
jscript.dll,690176,2,297246495,1979-06-03T08:28:15.000Z,imports,kernel32.dll,InitializeCriticalSection,f76a4dc88e8bd39c9fbcd12705cac462,c1878d5d058129177e2b958d393860d95131b627c6f26224fb0b756a7eaaf8f1,c:\Windows\WinSxS\wow64_microsoft-windows-scripting-jscript_31bf3856ad364e35_11.0.18362.418_none_26e81a71e678714f\jscript.dll
jscript.dll,690176,2,297246495,1979-06-03T08:28:15.000Z,imports,kernel32.dll,InitializeCriticalSectionEx,f76a4dc88e8bd39c9fbcd12705cac462,c1878d5d058129177e2b958d393860d95131b627c6f26224fb0b756a7eaaf8f1,c:\Windows\WinSxS\wow64_microsoft-windows-scripting-jscript_31bf3856ad364e35_11.0.18362.418_none_26e81a71e678714f\jscript.dll
jscript.dll,690176,2,297246495,1979-06-03T08:28:15.000Z,imports,kernel32.dll,IsDebuggerPresent,f76a4dc88e8bd39c9fbcd12705cac462,c1878d5d058129177e2b958d393860d95131b627c6f26224fb0b756a7eaaf8f1,c:\Windows\WinSxS\wow64_microsoft-windows-scripting-jscript_31bf3856ad364e35_11.0.18362.418_none_26e81a71e678714f\jscript.dll
jscript.dll,690176,2,297246495,1979-06-03T08:28:15.000Z,imports,kernel32.dll,IsValidCodePage,f76a4dc88e8bd39c9fbcd12705cac462,c1878d5d058129177e2b958d393860d95131b627c6f26224fb0b756a7eaaf8f1,c:\Windows\WinSxS\wow64_microsoft-windows-scripting-jscript_31bf3856ad364e35_11.0.18362.418_none_26e81a71e678714f\jscript.dll
jscript.dll,690176,2,297246495,1979-06-03T08:28:15.000Z,imports,kernel32.dll,IsValidLocale,f76a4dc88e8bd39c9fbcd12705cac462,c1878d5d058129177e2b958d393860d95131b627c6f26224fb0b756a7eaaf8f1,c:\Windows\WinSxS\wow64_microsoft-windows-scripting-jscript_31bf3856ad364e35_11.0.18362.418_none_26e81a71e678714f\jscript.dll
jscript.dll,690176,2,297246495,1979-06-03T08:28:15.000Z,imports,kernel32.dll,LCMapStringA,f76a4dc88e8bd39c9fbcd12705cac462,c1878d5d058129177e2b958d393860d95131b627c6f26224fb0b756a7eaaf8f1,c:\Windows\WinSxS\wow64_microsoft-windows-scripting-jscript_31bf3856ad364e35_11.0.18362.418_none_26e81a71e678714f\jscript.dll
jscript.dll,690176,2,297246495,1979-06-03T08:28:15.000Z,imports,kernel32.dll,LCMapStringW,f76a4dc88e8bd39c9fbcd12705cac462,c1878d5d058129177e2b958d393860d95131b627c6f26224fb0b756a7eaaf8f1,c:\Windows\WinSxS\wow64_microsoft-windows-scripting-jscript_31bf3856ad364e35_11.0.18362.418_none_26e81a71e678714f\jscript.dll
jscript.dll,690176,2,297246495,1979-06-03T08:28:15.000Z,imports,kernel32.dll,LeaveCriticalSection,f76a4dc88e8bd39c9fbcd12705cac462,c1878d5d058129177e2b958d393860d95131b627c6f26224fb0b756a7eaaf8f1,c:\Windows\WinSxS\wow64_microsoft-windows-scripting-jscript_31bf3856ad364e35_11.0.18362.418_none_26e81a71e678714f\jscript.dll
jscript.dll,690176,2,297246495,1979-06-03T08:28:15.000Z,imports,kernel32.dll,LoadLibraryExA,f76a4dc88e8bd39c9fbcd12705cac462,c1878d5d058129177e2b958d393860d95131b627c6f26224fb0b756a7eaaf8f1,c:\Windows\WinSxS\wow64_microsoft-windows-scripting-jscript_31bf3856ad364e35_11.0.18362.418_none_26e81a71e678714f\jscript.dll
jscript.dll,690176,2,297246495,1979-06-03T08:28:15.000Z,imports,kernel32.dll,LoadLibraryExW,f76a4dc88e8bd39c9fbcd12705cac462,c1878d5d058129177e2b958d393860d95131b627c6f26224fb0b756a7eaaf8f1,c:\Windows\WinSxS\wow64_microsoft-windows-scripting-jscript_31bf3856ad364e35_11.0.18362.418_none_26e81a71e678714f\jscript.dll
jscript.dll,690176,2,297246495,1979-06-03T08:28:15.000Z,imports,kernel32.dll,LoadResource,f76a4dc88e8bd39c9fbcd12705cac462,c1878d5d058129177e2b958d393860d95131b627c6f26224fb0b756a7eaaf8f1,c:\Windows\WinSxS\wow64_microsoft-windows-scripting-jscript_31bf3856ad364e35_11.0.18362.418_none_26e81a71e678714f\jscript.dll
jscript.dll,690176,2,297246495,1979-06-03T08:28:15.000Z,imports,kernel32.dll,LocalAlloc,f76a4dc88e8bd39c9fbcd12705cac462,c1878d5d058129177e2b958d393860d95131b627c6f26224fb0b756a7eaaf8f1,c:\Windows\WinSxS\wow64_microsoft-windows-scripting-jscript_31bf3856ad364e35_11.0.18362.418_none_26e81a71e678714f\jscript.dll
jscript.dll,690176,2,297246495,1979-06-03T08:28:15.000Z,imports,kernel32.dll,LocalFree,f76a4dc88e8bd39c9fbcd12705cac462,c1878d5d058129177e2b958d393860d95131b627c6f26224fb0b756a7eaaf8f1,c:\Windows\WinSxS\wow64_microsoft-windows-scripting-jscript_31bf3856ad364e35_11.0.18362.418_none_26e81a71e678714f\jscript.dll
jscript.dll,690176,2,297246495,1979-06-03T08:28:15.000Z,imports,kernel32.dll,LockResource,f76a4dc88e8bd39c9fbcd12705cac462,c1878d5d058129177e2b958d393860d95131b627c6f26224fb0b756a7eaaf8f1,c:\Windows\WinSxS\wow64_microsoft-windows-scripting-jscript_31bf3856ad364e35_11.0.18362.418_none_26e81a71e678714f\jscript.dll
jscript.dll,690176,2,297246495,1979-06-03T08:28:15.000Z,imports,kernel32.dll,MapViewOfFile,f76a4dc88e8bd39c9fbcd12705cac462,c1878d5d058129177e2b958d393860d95131b627c6f26224fb0b756a7eaaf8f1,c:\Windows\WinSxS\wow64_microsoft-windows-scripting-jscript_31bf3856ad364e35_11.0.18362.418_none_26e81a71e678714f\jscript.dll
jscript.dll,690176,2,297246495,1979-06-03T08:28:15.000Z,imports,kernel32.dll,MulDiv,f76a4dc88e8bd39c9fbcd12705cac462,c1878d5d058129177e2b958d393860d95131b627c6f26224fb0b756a7eaaf8f1,c:\Windows\WinSxS\wow64_microsoft-windows-scripting-jscript_31bf3856ad364e35_11.0.18362.418_none_26e81a71e678714f\jscript.dll
jscript.dll,690176,2,297246495,1979-06-03T08:28:15.000Z,imports,kernel32.dll,MultiByteToWideChar,f76a4dc88e8bd39c9fbcd12705cac462,c1878d5d058129177e2b958d393860d95131b627c6f26224fb0b756a7eaaf8f1,c:\Windows\WinSxS\wow64_microsoft-windows-scripting-jscript_31bf3856ad364e35_11.0.18362.418_none_26e81a71e678714f\jscript.dll
jscript.dll,690176,2,297246495,1979-06-03T08:28:15.000Z,imports,kernel32.dll,OpenSemaphoreW,f76a4dc88e8bd39c9fbcd12705cac462,c1878d5d058129177e2b958d393860d95131b627c6f26224fb0b756a7eaaf8f1,c:\Windows\WinSxS\wow64_microsoft-windows-scripting-jscript_31bf3856ad364e35_11.0.18362.418_none_26e81a71e678714f\jscript.dll
jscript.dll,690176,2,297246495,1979-06-03T08:28:15.000Z,imports,kernel32.dll,OutputDebugStringW,f76a4dc88e8bd39c9fbcd12705cac462,c1878d5d058129177e2b958d393860d95131b627c6f26224fb0b756a7eaaf8f1,c:\Windows\WinSxS\wow64_microsoft-windows-scripting-jscript_31bf3856ad364e35_11.0.18362.418_none_26e81a71e678714f\jscript.dll
jscript.dll,690176,2,297246495,1979-06-03T08:28:15.000Z,imports,kernel32.dll,QueryPerformanceCounter,f76a4dc88e8bd39c9fbcd12705cac462,c1878d5d058129177e2b958d393860d95131b627c6f26224fb0b756a7eaaf8f1,c:\Windows\WinSxS\wow64_microsoft-windows-scripting-jscript_31bf3856ad364e35_11.0.18362.418_none_26e81a71e678714f\jscript.dll
jscript.dll,690176,2,297246495,1979-06-03T08:28:15.000Z,imports,kernel32.dll,ReleaseMutex,f76a4dc88e8bd39c9fbcd12705cac462,c1878d5d058129177e2b958d393860d95131b627c6f26224fb0b756a7eaaf8f1,c:\Windows\WinSxS\wow64_microsoft-windows-scripting-jscript_31bf3856ad364e35_11.0.18362.418_none_26e81a71e678714f\jscript.dll
jscript.dll,690176,2,297246495,1979-06-03T08:28:15.000Z,imports,kernel32.dll,ReleaseSRWLockExclusive,f76a4dc88e8bd39c9fbcd12705cac462,c1878d5d058129177e2b958d393860d95131b627c6f26224fb0b756a7eaaf8f1,c:\Windows\WinSxS\wow64_microsoft-windows-scripting-jscript_31bf3856ad364e35_11.0.18362.418_none_26e81a71e678714f\jscript.dll
jscript.dll,690176,2,297246495,1979-06-03T08:28:15.000Z,imports,kernel32.dll,ReleaseSRWLockShared,f76a4dc88e8bd39c9fbcd12705cac462,c1878d5d058129177e2b958d393860d95131b627c6f26224fb0b756a7eaaf8f1,c:\Windows\WinSxS\wow64_microsoft-windows-scripting-jscript_31bf3856ad364e35_11.0.18362.418_none_26e81a71e678714f\jscript.dll
jscript.dll,690176,2,297246495,1979-06-03T08:28:15.000Z,imports,kernel32.dll,ReleaseSemaphore,f76a4dc88e8bd39c9fbcd12705cac462,c1878d5d058129177e2b958d393860d95131b627c6f26224fb0b756a7eaaf8f1,c:\Windows\WinSxS\wow64_microsoft-windows-scripting-jscript_31bf3856ad364e35_11.0.18362.418_none_26e81a71e678714f\jscript.dll
jscript.dll,690176,2,297246495,1979-06-03T08:28:15.000Z,imports,kernel32.dll,ResolveDelayLoadedAPI,f76a4dc88e8bd39c9fbcd12705cac462,c1878d5d058129177e2b958d393860d95131b627c6f26224fb0b756a7eaaf8f1,c:\Windows\WinSxS\wow64_microsoft-windows-scripting-jscript_31bf3856ad364e35_11.0.18362.418_none_26e81a71e678714f\jscript.dll
jscript.dll,690176,2,297246495,1979-06-03T08:28:15.000Z,imports,kernel32.dll,RtlCaptureContext,f76a4dc88e8bd39c9fbcd12705cac462,c1878d5d058129177e2b958d393860d95131b627c6f26224fb0b756a7eaaf8f1,c:\Windows\WinSxS\wow64_microsoft-windows-scripting-jscript_31bf3856ad364e35_11.0.18362.418_none_26e81a71e678714f\jscript.dll
jscript.dll,690176,2,297246495,1979-06-03T08:28:15.000Z,imports,kernel32.dll,SearchPathW,f76a4dc88e8bd39c9fbcd12705cac462,c1878d5d058129177e2b958d393860d95131b627c6f26224fb0b756a7eaaf8f1,c:\Windows\WinSxS\wow64_microsoft-windows-scripting-jscript_31bf3856ad364e35_11.0.18362.418_none_26e81a71e678714f\jscript.dll
jscript.dll,690176,2,297246495,1979-06-03T08:28:15.000Z,imports,kernel32.dll,SetLastError,f76a4dc88e8bd39c9fbcd12705cac462,c1878d5d058129177e2b958d393860d95131b627c6f26224fb0b756a7eaaf8f1,c:\Windows\WinSxS\wow64_microsoft-windows-scripting-jscript_31bf3856ad364e35_11.0.18362.418_none_26e81a71e678714f\jscript.dll
jscript.dll,690176,2,297246495,1979-06-03T08:28:15.000Z,imports,kernel32.dll,SetThreadpoolTimer,f76a4dc88e8bd39c9fbcd12705cac462,c1878d5d058129177e2b958d393860d95131b627c6f26224fb0b756a7eaaf8f1,c:\Windows\WinSxS\wow64_microsoft-windows-scripting-jscript_31bf3856ad364e35_11.0.18362.418_none_26e81a71e678714f\jscript.dll
jscript.dll,690176,2,297246495,1979-06-03T08:28:15.000Z,imports,kernel32.dll,SetUnhandledExceptionFilter,f76a4dc88e8bd39c9fbcd12705cac462,c1878d5d058129177e2b958d393860d95131b627c6f26224fb0b756a7eaaf8f1,c:\Windows\WinSxS\wow64_microsoft-windows-scripting-jscript_31bf3856ad364e35_11.0.18362.418_none_26e81a71e678714f\jscript.dll
jscript.dll,690176,2,297246495,1979-06-03T08:28:15.000Z,imports,kernel32.dll,SizeofResource,f76a4dc88e8bd39c9fbcd12705cac462,c1878d5d058129177e2b958d393860d95131b627c6f26224fb0b756a7eaaf8f1,c:\Windows\WinSxS\wow64_microsoft-windows-scripting-jscript_31bf3856ad364e35_11.0.18362.418_none_26e81a71e678714f\jscript.dll
jscript.dll,690176,2,297246495,1979-06-03T08:28:15.000Z,imports,kernel32.dll,Sleep,f76a4dc88e8bd39c9fbcd12705cac462,c1878d5d058129177e2b958d393860d95131b627c6f26224fb0b756a7eaaf8f1,c:\Windows\WinSxS\wow64_microsoft-windows-scripting-jscript_31bf3856ad364e35_11.0.18362.418_none_26e81a71e678714f\jscript.dll
jscript.dll,690176,2,297246495,1979-06-03T08:28:15.000Z,imports,kernel32.dll,TerminateProcess,f76a4dc88e8bd39c9fbcd12705cac462,c1878d5d058129177e2b958d393860d95131b627c6f26224fb0b756a7eaaf8f1,c:\Windows\WinSxS\wow64_microsoft-windows-scripting-jscript_31bf3856ad364e35_11.0.18362.418_none_26e81a71e678714f\jscript.dll
jscript.dll,690176,2,297246495,1979-06-03T08:28:15.000Z,imports,kernel32.dll,TlsAlloc,f76a4dc88e8bd39c9fbcd12705cac462,c1878d5d058129177e2b958d393860d95131b627c6f26224fb0b756a7eaaf8f1,c:\Windows\WinSxS\wow64_microsoft-windows-scripting-jscript_31bf3856ad364e35_11.0.18362.418_none_26e81a71e678714f\jscript.dll
jscript.dll,690176,2,297246495,1979-06-03T08:28:15.000Z,imports,kernel32.dll,TlsFree,f76a4dc88e8bd39c9fbcd12705cac462,c1878d5d058129177e2b958d393860d95131b627c6f26224fb0b756a7eaaf8f1,c:\Windows\WinSxS\wow64_microsoft-windows-scripting-jscript_31bf3856ad364e35_11.0.18362.418_none_26e81a71e678714f\jscript.dll
jscript.dll,690176,2,297246495,1979-06-03T08:28:15.000Z,imports,kernel32.dll,TlsGetValue,f76a4dc88e8bd39c9fbcd12705cac462,c1878d5d058129177e2b958d393860d95131b627c6f26224fb0b756a7eaaf8f1,c:\Windows\WinSxS\wow64_microsoft-windows-scripting-jscript_31bf3856ad364e35_11.0.18362.418_none_26e81a71e678714f\jscript.dll
jscript.dll,690176,2,297246495,1979-06-03T08:28:15.000Z,imports,kernel32.dll,TlsSetValue,f76a4dc88e8bd39c9fbcd12705cac462,c1878d5d058129177e2b958d393860d95131b627c6f26224fb0b756a7eaaf8f1,c:\Windows\WinSxS\wow64_microsoft-windows-scripting-jscript_31bf3856ad364e35_11.0.18362.418_none_26e81a71e678714f\jscript.dll
jscript.dll,690176,2,297246495,1979-06-03T08:28:15.000Z,imports,kernel32.dll,UnhandledExceptionFilter,f76a4dc88e8bd39c9fbcd12705cac462,c1878d5d058129177e2b958d393860d95131b627c6f26224fb0b756a7eaaf8f1,c:\Windows\WinSxS\wow64_microsoft-windows-scripting-jscript_31bf3856ad364e35_11.0.18362.418_none_26e81a71e678714f\jscript.dll
jscript.dll,690176,2,297246495,1979-06-03T08:28:15.000Z,imports,kernel32.dll,UnmapViewOfFile,f76a4dc88e8bd39c9fbcd12705cac462,c1878d5d058129177e2b958d393860d95131b627c6f26224fb0b756a7eaaf8f1,c:\Windows\WinSxS\wow64_microsoft-windows-scripting-jscript_31bf3856ad364e35_11.0.18362.418_none_26e81a71e678714f\jscript.dll
jscript.dll,690176,2,297246495,1979-06-03T08:28:15.000Z,imports,kernel32.dll,VirtualProtect,f76a4dc88e8bd39c9fbcd12705cac462,c1878d5d058129177e2b958d393860d95131b627c6f26224fb0b756a7eaaf8f1,c:\Windows\WinSxS\wow64_microsoft-windows-scripting-jscript_31bf3856ad364e35_11.0.18362.418_none_26e81a71e678714f\jscript.dll
jscript.dll,690176,2,297246495,1979-06-03T08:28:15.000Z,imports,kernel32.dll,VirtualQuery,f76a4dc88e8bd39c9fbcd12705cac462,c1878d5d058129177e2b958d393860d95131b627c6f26224fb0b756a7eaaf8f1,c:\Windows\WinSxS\wow64_microsoft-windows-scripting-jscript_31bf3856ad364e35_11.0.18362.418_none_26e81a71e678714f\jscript.dll
jscript.dll,690176,2,297246495,1979-06-03T08:28:15.000Z,imports,kernel32.dll,WaitForSingleObject,f76a4dc88e8bd39c9fbcd12705cac462,c1878d5d058129177e2b958d393860d95131b627c6f26224fb0b756a7eaaf8f1,c:\Windows\WinSxS\wow64_microsoft-windows-scripting-jscript_31bf3856ad364e35_11.0.18362.418_none_26e81a71e678714f\jscript.dll
jscript.dll,690176,2,297246495,1979-06-03T08:28:15.000Z,imports,kernel32.dll,WaitForSingleObjectEx,f76a4dc88e8bd39c9fbcd12705cac462,c1878d5d058129177e2b958d393860d95131b627c6f26224fb0b756a7eaaf8f1,c:\Windows\WinSxS\wow64_microsoft-windows-scripting-jscript_31bf3856ad364e35_11.0.18362.418_none_26e81a71e678714f\jscript.dll
jscript.dll,690176,2,297246495,1979-06-03T08:28:15.000Z,imports,kernel32.dll,WaitForThreadpoolTimerCallbacks,f76a4dc88e8bd39c9fbcd12705cac462,c1878d5d058129177e2b958d393860d95131b627c6f26224fb0b756a7eaaf8f1,c:\Windows\WinSxS\wow64_microsoft-windows-scripting-jscript_31bf3856ad364e35_11.0.18362.418_none_26e81a71e678714f\jscript.dll
jscript.dll,690176,2,297246495,1979-06-03T08:28:15.000Z,imports,kernel32.dll,WerGetFlags,f76a4dc88e8bd39c9fbcd12705cac462,c1878d5d058129177e2b958d393860d95131b627c6f26224fb0b756a7eaaf8f1,c:\Windows\WinSxS\wow64_microsoft-windows-scripting-jscript_31bf3856ad364e35_11.0.18362.418_none_26e81a71e678714f\jscript.dll
jscript.dll,690176,2,297246495,1979-06-03T08:28:15.000Z,imports,kernel32.dll,WerSetFlags,f76a4dc88e8bd39c9fbcd12705cac462,c1878d5d058129177e2b958d393860d95131b627c6f26224fb0b756a7eaaf8f1,c:\Windows\WinSxS\wow64_microsoft-windows-scripting-jscript_31bf3856ad364e35_11.0.18362.418_none_26e81a71e678714f\jscript.dll
jscript.dll,690176,2,297246495,1979-06-03T08:28:15.000Z,imports,kernel32.dll,WideCharToMultiByte,f76a4dc88e8bd39c9fbcd12705cac462,c1878d5d058129177e2b958d393860d95131b627c6f26224fb0b756a7eaaf8f1,c:\Windows\WinSxS\wow64_microsoft-windows-scripting-jscript_31bf3856ad364e35_11.0.18362.418_none_26e81a71e678714f\jscript.dll
jscript.dll,690176,2,297246495,1979-06-03T08:28:15.000Z,imports,shlwapi.dll,PathFileExistsW,f76a4dc88e8bd39c9fbcd12705cac462,c1878d5d058129177e2b958d393860d95131b627c6f26224fb0b756a7eaaf8f1,c:\Windows\WinSxS\wow64_microsoft-windows-scripting-jscript_31bf3856ad364e35_11.0.18362.418_none_26e81a71e678714f\jscript.dll
jscript.dll,690176,2,297246495,1979-06-03T08:28:15.000Z,imports,shlwapi.dll,PathRemoveFileSpecW,f76a4dc88e8bd39c9fbcd12705cac462,c1878d5d058129177e2b958d393860d95131b627c6f26224fb0b756a7eaaf8f1,c:\Windows\WinSxS\wow64_microsoft-windows-scripting-jscript_31bf3856ad364e35_11.0.18362.418_none_26e81a71e678714f\jscript.dll
jscript.dll,690176,2,297246495,1979-06-03T08:28:15.000Z,imports,api-ms-win-downlevel-version-l1-1-0.dll,GetFileVersionInfoExW,f76a4dc88e8bd39c9fbcd12705cac462,c1878d5d058129177e2b958d393860d95131b627c6f26224fb0b756a7eaaf8f1,c:\Windows\WinSxS\wow64_microsoft-windows-scripting-jscript_31bf3856ad364e35_11.0.18362.418_none_26e81a71e678714f\jscript.dll
jscript.dll,690176,2,297246495,1979-06-03T08:28:15.000Z,imports,api-ms-win-downlevel-version-l1-1-0.dll,GetFileVersionInfoSizeExW,f76a4dc88e8bd39c9fbcd12705cac462,c1878d5d058129177e2b958d393860d95131b627c6f26224fb0b756a7eaaf8f1,c:\Windows\WinSxS\wow64_microsoft-windows-scripting-jscript_31bf3856ad364e35_11.0.18362.418_none_26e81a71e678714f\jscript.dll
jscript.dll,690176,2,297246495,1979-06-03T08:28:15.000Z,imports,api-ms-win-downlevel-version-l1-1-0.dll,VerQueryValueW,f76a4dc88e8bd39c9fbcd12705cac462,c1878d5d058129177e2b958d393860d95131b627c6f26224fb0b756a7eaaf8f1,c:\Windows\WinSxS\wow64_microsoft-windows-scripting-jscript_31bf3856ad364e35_11.0.18362.418_none_26e81a71e678714f\jscript.dll
jscript.dll,690176,2,297246495,1979-06-03T08:28:15.000Z,exports,jscript.dll,DllCanUnloadNow,f76a4dc88e8bd39c9fbcd12705cac462,c1878d5d058129177e2b958d393860d95131b627c6f26224fb0b756a7eaaf8f1,c:\Windows\WinSxS\wow64_microsoft-windows-scripting-jscript_31bf3856ad364e35_11.0.18362.418_none_26e81a71e678714f\jscript.dll
jscript.dll,690176,2,297246495,1979-06-03T08:28:15.000Z,exports,jscript.dll,DllGetClassObject,f76a4dc88e8bd39c9fbcd12705cac462,c1878d5d058129177e2b958d393860d95131b627c6f26224fb0b756a7eaaf8f1,c:\Windows\WinSxS\wow64_microsoft-windows-scripting-jscript_31bf3856ad364e35_11.0.18362.418_none_26e81a71e678714f\jscript.dll
jscript.dll,690176,2,297246495,1979-06-03T08:28:15.000Z,exports,jscript.dll,DllRegisterServer,f76a4dc88e8bd39c9fbcd12705cac462,c1878d5d058129177e2b958d393860d95131b627c6f26224fb0b756a7eaaf8f1,c:\Windows\WinSxS\wow64_microsoft-windows-scripting-jscript_31bf3856ad364e35_11.0.18362.418_none_26e81a71e678714f\jscript.dll
jscript.dll,690176,2,297246495,1979-06-03T08:28:15.000Z,exports,jscript.dll,DllUnregisterServer,f76a4dc88e8bd39c9fbcd12705cac462,c1878d5d058129177e2b958d393860d95131b627c6f26224fb0b756a7eaaf8f1,c:\Windows\WinSxS\wow64_microsoft-windows-scripting-jscript_31bf3856ad364e35_11.0.18362.418_none_26e81a71e678714f\jscript.dll
