msdtcuiu.dll,322048,3,195171848,1976-03-08T22:24:08.000Z,imports,api-ms-win-core-com-l1-1-0.dll,CoCreateInstance,1674982bd7340b13b16e275b84c9fc88,7f4ac27315c6376cedf84798cbb10213418e24ea5a75a4301e23cf5c99fd8731,c:\Windows\System32\msdtcuiu.dll
msdtcuiu.dll,322048,3,195171848,1976-03-08T22:24:08.000Z,imports,api-ms-win-core-com-l1-1-0.dll,CoGetObjectContext,1674982bd7340b13b16e275b84c9fc88,7f4ac27315c6376cedf84798cbb10213418e24ea5a75a4301e23cf5c99fd8731,c:\Windows\System32\msdtcuiu.dll
msdtcuiu.dll,322048,3,195171848,1976-03-08T22:24:08.000Z,imports,api-ms-win-core-com-l1-1-0.dll,CoTaskMemAlloc,1674982bd7340b13b16e275b84c9fc88,7f4ac27315c6376cedf84798cbb10213418e24ea5a75a4301e23cf5c99fd8731,c:\Windows\System32\msdtcuiu.dll
msdtcuiu.dll,322048,3,195171848,1976-03-08T22:24:08.000Z,imports,api-ms-win-core-com-l1-1-0.dll,CoTaskMemFree,1674982bd7340b13b16e275b84c9fc88,7f4ac27315c6376cedf84798cbb10213418e24ea5a75a4301e23cf5c99fd8731,c:\Windows\System32\msdtcuiu.dll
msdtcuiu.dll,322048,3,195171848,1976-03-08T22:24:08.000Z,imports,api-ms-win-core-com-l1-1-0.dll,CreateStreamOnHGlobal,1674982bd7340b13b16e275b84c9fc88,7f4ac27315c6376cedf84798cbb10213418e24ea5a75a4301e23cf5c99fd8731,c:\Windows\System32\msdtcuiu.dll
msdtcuiu.dll,322048,3,195171848,1976-03-08T22:24:08.000Z,imports,api-ms-win-core-com-l1-1-0.dll,StringFromGUID2,1674982bd7340b13b16e275b84c9fc88,7f4ac27315c6376cedf84798cbb10213418e24ea5a75a4301e23cf5c99fd8731,c:\Windows\System32\msdtcuiu.dll
msdtcuiu.dll,322048,3,195171848,1976-03-08T22:24:08.000Z,imports,api-ms-win-core-heap-l2-1-0.dll,GlobalAlloc,1674982bd7340b13b16e275b84c9fc88,7f4ac27315c6376cedf84798cbb10213418e24ea5a75a4301e23cf5c99fd8731,c:\Windows\System32\msdtcuiu.dll
msdtcuiu.dll,322048,3,195171848,1976-03-08T22:24:08.000Z,imports,api-ms-win-core-heap-l2-1-0.dll,GlobalFree,1674982bd7340b13b16e275b84c9fc88,7f4ac27315c6376cedf84798cbb10213418e24ea5a75a4301e23cf5c99fd8731,c:\Windows\System32\msdtcuiu.dll
msdtcuiu.dll,322048,3,195171848,1976-03-08T22:24:08.000Z,imports,api-ms-win-core-heap-l2-1-0.dll,LocalAlloc,1674982bd7340b13b16e275b84c9fc88,7f4ac27315c6376cedf84798cbb10213418e24ea5a75a4301e23cf5c99fd8731,c:\Windows\System32\msdtcuiu.dll
msdtcuiu.dll,322048,3,195171848,1976-03-08T22:24:08.000Z,imports,api-ms-win-core-heap-l2-1-0.dll,LocalFree,1674982bd7340b13b16e275b84c9fc88,7f4ac27315c6376cedf84798cbb10213418e24ea5a75a4301e23cf5c99fd8731,c:\Windows\System32\msdtcuiu.dll
msdtcuiu.dll,322048,3,195171848,1976-03-08T22:24:08.000Z,imports,api-ms-win-core-errorhandling-l1-1-0.dll,GetLastError,1674982bd7340b13b16e275b84c9fc88,7f4ac27315c6376cedf84798cbb10213418e24ea5a75a4301e23cf5c99fd8731,c:\Windows\System32\msdtcuiu.dll
msdtcuiu.dll,322048,3,195171848,1976-03-08T22:24:08.000Z,imports,api-ms-win-core-errorhandling-l1-1-0.dll,SetLastError,1674982bd7340b13b16e275b84c9fc88,7f4ac27315c6376cedf84798cbb10213418e24ea5a75a4301e23cf5c99fd8731,c:\Windows\System32\msdtcuiu.dll
msdtcuiu.dll,322048,3,195171848,1976-03-08T22:24:08.000Z,imports,api-ms-win-core-errorhandling-l1-1-0.dll,SetUnhandledExceptionFilter,1674982bd7340b13b16e275b84c9fc88,7f4ac27315c6376cedf84798cbb10213418e24ea5a75a4301e23cf5c99fd8731,c:\Windows\System32\msdtcuiu.dll
msdtcuiu.dll,322048,3,195171848,1976-03-08T22:24:08.000Z,imports,api-ms-win-core-errorhandling-l1-1-0.dll,UnhandledExceptionFilter,1674982bd7340b13b16e275b84c9fc88,7f4ac27315c6376cedf84798cbb10213418e24ea5a75a4301e23cf5c99fd8731,c:\Windows\System32\msdtcuiu.dll
msdtcuiu.dll,322048,3,195171848,1976-03-08T22:24:08.000Z,imports,dnsapi.dll,DnsValidateName_W,1674982bd7340b13b16e275b84c9fc88,7f4ac27315c6376cedf84798cbb10213418e24ea5a75a4301e23cf5c99fd8731,c:\Windows\System32\msdtcuiu.dll
msdtcuiu.dll,322048,3,195171848,1976-03-08T22:24:08.000Z,imports,api-ms-win-core-file-l1-1-0.dll,CreateDirectoryW,1674982bd7340b13b16e275b84c9fc88,7f4ac27315c6376cedf84798cbb10213418e24ea5a75a4301e23cf5c99fd8731,c:\Windows\System32\msdtcuiu.dll
msdtcuiu.dll,322048,3,195171848,1976-03-08T22:24:08.000Z,imports,api-ms-win-core-file-l1-1-0.dll,CreateFileW,1674982bd7340b13b16e275b84c9fc88,7f4ac27315c6376cedf84798cbb10213418e24ea5a75a4301e23cf5c99fd8731,c:\Windows\System32\msdtcuiu.dll
msdtcuiu.dll,322048,3,195171848,1976-03-08T22:24:08.000Z,imports,api-ms-win-core-file-l1-1-0.dll,DeleteFileW,1674982bd7340b13b16e275b84c9fc88,7f4ac27315c6376cedf84798cbb10213418e24ea5a75a4301e23cf5c99fd8731,c:\Windows\System32\msdtcuiu.dll
msdtcuiu.dll,322048,3,195171848,1976-03-08T22:24:08.000Z,imports,api-ms-win-core-file-l1-1-0.dll,FindClose,1674982bd7340b13b16e275b84c9fc88,7f4ac27315c6376cedf84798cbb10213418e24ea5a75a4301e23cf5c99fd8731,c:\Windows\System32\msdtcuiu.dll
msdtcuiu.dll,322048,3,195171848,1976-03-08T22:24:08.000Z,imports,api-ms-win-core-file-l1-1-0.dll,FindFirstFileW,1674982bd7340b13b16e275b84c9fc88,7f4ac27315c6376cedf84798cbb10213418e24ea5a75a4301e23cf5c99fd8731,c:\Windows\System32\msdtcuiu.dll
msdtcuiu.dll,322048,3,195171848,1976-03-08T22:24:08.000Z,imports,api-ms-win-core-file-l1-1-0.dll,FindNextFileW,1674982bd7340b13b16e275b84c9fc88,7f4ac27315c6376cedf84798cbb10213418e24ea5a75a4301e23cf5c99fd8731,c:\Windows\System32\msdtcuiu.dll
msdtcuiu.dll,322048,3,195171848,1976-03-08T22:24:08.000Z,imports,api-ms-win-core-file-l1-1-0.dll,GetDriveTypeW,1674982bd7340b13b16e275b84c9fc88,7f4ac27315c6376cedf84798cbb10213418e24ea5a75a4301e23cf5c99fd8731,c:\Windows\System32\msdtcuiu.dll
msdtcuiu.dll,322048,3,195171848,1976-03-08T22:24:08.000Z,imports,api-ms-win-core-file-l1-1-0.dll,GetFileAttributesW,1674982bd7340b13b16e275b84c9fc88,7f4ac27315c6376cedf84798cbb10213418e24ea5a75a4301e23cf5c99fd8731,c:\Windows\System32\msdtcuiu.dll
msdtcuiu.dll,322048,3,195171848,1976-03-08T22:24:08.000Z,imports,api-ms-win-core-file-l1-1-0.dll,GetFullPathNameW,1674982bd7340b13b16e275b84c9fc88,7f4ac27315c6376cedf84798cbb10213418e24ea5a75a4301e23cf5c99fd8731,c:\Windows\System32\msdtcuiu.dll
msdtcuiu.dll,322048,3,195171848,1976-03-08T22:24:08.000Z,imports,api-ms-win-core-file-l1-1-0.dll,SetFileAttributesW,1674982bd7340b13b16e275b84c9fc88,7f4ac27315c6376cedf84798cbb10213418e24ea5a75a4301e23cf5c99fd8731,c:\Windows\System32\msdtcuiu.dll
msdtcuiu.dll,322048,3,195171848,1976-03-08T22:24:08.000Z,imports,api-ms-win-core-file-l2-1-0.dll,MoveFileExW,1674982bd7340b13b16e275b84c9fc88,7f4ac27315c6376cedf84798cbb10213418e24ea5a75a4301e23cf5c99fd8731,c:\Windows\System32\msdtcuiu.dll
msdtcuiu.dll,322048,3,195171848,1976-03-08T22:24:08.000Z,imports,api-ms-win-core-libraryloader-l1-2-0.dll,DisableThreadLibraryCalls,1674982bd7340b13b16e275b84c9fc88,7f4ac27315c6376cedf84798cbb10213418e24ea5a75a4301e23cf5c99fd8731,c:\Windows\System32\msdtcuiu.dll
msdtcuiu.dll,322048,3,195171848,1976-03-08T22:24:08.000Z,imports,api-ms-win-core-libraryloader-l1-2-0.dll,FindResourceExW,1674982bd7340b13b16e275b84c9fc88,7f4ac27315c6376cedf84798cbb10213418e24ea5a75a4301e23cf5c99fd8731,c:\Windows\System32\msdtcuiu.dll
msdtcuiu.dll,322048,3,195171848,1976-03-08T22:24:08.000Z,imports,api-ms-win-core-libraryloader-l1-2-0.dll,FreeLibrary,1674982bd7340b13b16e275b84c9fc88,7f4ac27315c6376cedf84798cbb10213418e24ea5a75a4301e23cf5c99fd8731,c:\Windows\System32\msdtcuiu.dll
msdtcuiu.dll,322048,3,195171848,1976-03-08T22:24:08.000Z,imports,api-ms-win-core-libraryloader-l1-2-0.dll,FreeResource,1674982bd7340b13b16e275b84c9fc88,7f4ac27315c6376cedf84798cbb10213418e24ea5a75a4301e23cf5c99fd8731,c:\Windows\System32\msdtcuiu.dll
msdtcuiu.dll,322048,3,195171848,1976-03-08T22:24:08.000Z,imports,api-ms-win-core-libraryloader-l1-2-0.dll,GetModuleFileNameW,1674982bd7340b13b16e275b84c9fc88,7f4ac27315c6376cedf84798cbb10213418e24ea5a75a4301e23cf5c99fd8731,c:\Windows\System32\msdtcuiu.dll
msdtcuiu.dll,322048,3,195171848,1976-03-08T22:24:08.000Z,imports,api-ms-win-core-libraryloader-l1-2-0.dll,GetModuleHandleExW,1674982bd7340b13b16e275b84c9fc88,7f4ac27315c6376cedf84798cbb10213418e24ea5a75a4301e23cf5c99fd8731,c:\Windows\System32\msdtcuiu.dll
msdtcuiu.dll,322048,3,195171848,1976-03-08T22:24:08.000Z,imports,api-ms-win-core-libraryloader-l1-2-0.dll,GetModuleHandleW,1674982bd7340b13b16e275b84c9fc88,7f4ac27315c6376cedf84798cbb10213418e24ea5a75a4301e23cf5c99fd8731,c:\Windows\System32\msdtcuiu.dll
msdtcuiu.dll,322048,3,195171848,1976-03-08T22:24:08.000Z,imports,api-ms-win-core-libraryloader-l1-2-0.dll,GetProcAddress,1674982bd7340b13b16e275b84c9fc88,7f4ac27315c6376cedf84798cbb10213418e24ea5a75a4301e23cf5c99fd8731,c:\Windows\System32\msdtcuiu.dll
msdtcuiu.dll,322048,3,195171848,1976-03-08T22:24:08.000Z,imports,api-ms-win-core-libraryloader-l1-2-0.dll,LoadLibraryExA,1674982bd7340b13b16e275b84c9fc88,7f4ac27315c6376cedf84798cbb10213418e24ea5a75a4301e23cf5c99fd8731,c:\Windows\System32\msdtcuiu.dll
msdtcuiu.dll,322048,3,195171848,1976-03-08T22:24:08.000Z,imports,api-ms-win-core-libraryloader-l1-2-0.dll,LoadLibraryExW,1674982bd7340b13b16e275b84c9fc88,7f4ac27315c6376cedf84798cbb10213418e24ea5a75a4301e23cf5c99fd8731,c:\Windows\System32\msdtcuiu.dll
msdtcuiu.dll,322048,3,195171848,1976-03-08T22:24:08.000Z,imports,api-ms-win-core-libraryloader-l1-2-0.dll,LoadResource,1674982bd7340b13b16e275b84c9fc88,7f4ac27315c6376cedf84798cbb10213418e24ea5a75a4301e23cf5c99fd8731,c:\Windows\System32\msdtcuiu.dll
msdtcuiu.dll,322048,3,195171848,1976-03-08T22:24:08.000Z,imports,api-ms-win-core-libraryloader-l1-2-0.dll,LoadStringA,1674982bd7340b13b16e275b84c9fc88,7f4ac27315c6376cedf84798cbb10213418e24ea5a75a4301e23cf5c99fd8731,c:\Windows\System32\msdtcuiu.dll
msdtcuiu.dll,322048,3,195171848,1976-03-08T22:24:08.000Z,imports,api-ms-win-core-libraryloader-l1-2-0.dll,LoadStringW,1674982bd7340b13b16e275b84c9fc88,7f4ac27315c6376cedf84798cbb10213418e24ea5a75a4301e23cf5c99fd8731,c:\Windows\System32\msdtcuiu.dll
msdtcuiu.dll,322048,3,195171848,1976-03-08T22:24:08.000Z,imports,api-ms-win-core-libraryloader-l1-2-0.dll,LockResource,1674982bd7340b13b16e275b84c9fc88,7f4ac27315c6376cedf84798cbb10213418e24ea5a75a4301e23cf5c99fd8731,c:\Windows\System32\msdtcuiu.dll
msdtcuiu.dll,322048,3,195171848,1976-03-08T22:24:08.000Z,imports,api-ms-win-core-libraryloader-l1-2-1.dll,FindResourceW,1674982bd7340b13b16e275b84c9fc88,7f4ac27315c6376cedf84798cbb10213418e24ea5a75a4301e23cf5c99fd8731,c:\Windows\System32\msdtcuiu.dll
msdtcuiu.dll,322048,3,195171848,1976-03-08T22:24:08.000Z,imports,api-ms-win-core-libraryloader-l1-2-1.dll,LoadLibraryW,1674982bd7340b13b16e275b84c9fc88,7f4ac27315c6376cedf84798cbb10213418e24ea5a75a4301e23cf5c99fd8731,c:\Windows\System32\msdtcuiu.dll
msdtcuiu.dll,322048,3,195171848,1976-03-08T22:24:08.000Z,imports,api-ms-win-core-debug-l1-1-0.dll,DebugBreak,1674982bd7340b13b16e275b84c9fc88,7f4ac27315c6376cedf84798cbb10213418e24ea5a75a4301e23cf5c99fd8731,c:\Windows\System32\msdtcuiu.dll
msdtcuiu.dll,322048,3,195171848,1976-03-08T22:24:08.000Z,imports,api-ms-win-core-debug-l1-1-0.dll,IsDebuggerPresent,1674982bd7340b13b16e275b84c9fc88,7f4ac27315c6376cedf84798cbb10213418e24ea5a75a4301e23cf5c99fd8731,c:\Windows\System32\msdtcuiu.dll
msdtcuiu.dll,322048,3,195171848,1976-03-08T22:24:08.000Z,imports,api-ms-win-core-debug-l1-1-0.dll,OutputDebugStringA,1674982bd7340b13b16e275b84c9fc88,7f4ac27315c6376cedf84798cbb10213418e24ea5a75a4301e23cf5c99fd8731,c:\Windows\System32\msdtcuiu.dll
msdtcuiu.dll,322048,3,195171848,1976-03-08T22:24:08.000Z,imports,api-ms-win-core-debug-l1-1-0.dll,OutputDebugStringW,1674982bd7340b13b16e275b84c9fc88,7f4ac27315c6376cedf84798cbb10213418e24ea5a75a4301e23cf5c99fd8731,c:\Windows\System32\msdtcuiu.dll
msdtcuiu.dll,322048,3,195171848,1976-03-08T22:24:08.000Z,imports,api-ms-win-core-registry-l1-1-0.dll,RegCloseKey,1674982bd7340b13b16e275b84c9fc88,7f4ac27315c6376cedf84798cbb10213418e24ea5a75a4301e23cf5c99fd8731,c:\Windows\System32\msdtcuiu.dll
msdtcuiu.dll,322048,3,195171848,1976-03-08T22:24:08.000Z,imports,api-ms-win-core-registry-l1-1-0.dll,RegCreateKeyExA,1674982bd7340b13b16e275b84c9fc88,7f4ac27315c6376cedf84798cbb10213418e24ea5a75a4301e23cf5c99fd8731,c:\Windows\System32\msdtcuiu.dll
msdtcuiu.dll,322048,3,195171848,1976-03-08T22:24:08.000Z,imports,api-ms-win-core-registry-l1-1-0.dll,RegCreateKeyExW,1674982bd7340b13b16e275b84c9fc88,7f4ac27315c6376cedf84798cbb10213418e24ea5a75a4301e23cf5c99fd8731,c:\Windows\System32\msdtcuiu.dll
msdtcuiu.dll,322048,3,195171848,1976-03-08T22:24:08.000Z,imports,api-ms-win-core-registry-l1-1-0.dll,RegOpenKeyExA,1674982bd7340b13b16e275b84c9fc88,7f4ac27315c6376cedf84798cbb10213418e24ea5a75a4301e23cf5c99fd8731,c:\Windows\System32\msdtcuiu.dll
msdtcuiu.dll,322048,3,195171848,1976-03-08T22:24:08.000Z,imports,api-ms-win-core-registry-l1-1-0.dll,RegOpenKeyExW,1674982bd7340b13b16e275b84c9fc88,7f4ac27315c6376cedf84798cbb10213418e24ea5a75a4301e23cf5c99fd8731,c:\Windows\System32\msdtcuiu.dll
msdtcuiu.dll,322048,3,195171848,1976-03-08T22:24:08.000Z,imports,api-ms-win-core-registry-l1-1-0.dll,RegQueryValueExA,1674982bd7340b13b16e275b84c9fc88,7f4ac27315c6376cedf84798cbb10213418e24ea5a75a4301e23cf5c99fd8731,c:\Windows\System32\msdtcuiu.dll
msdtcuiu.dll,322048,3,195171848,1976-03-08T22:24:08.000Z,imports,api-ms-win-core-registry-l1-1-0.dll,RegQueryValueExW,1674982bd7340b13b16e275b84c9fc88,7f4ac27315c6376cedf84798cbb10213418e24ea5a75a4301e23cf5c99fd8731,c:\Windows\System32\msdtcuiu.dll
msdtcuiu.dll,322048,3,195171848,1976-03-08T22:24:08.000Z,imports,api-ms-win-core-registry-l1-1-0.dll,RegSetValueExA,1674982bd7340b13b16e275b84c9fc88,7f4ac27315c6376cedf84798cbb10213418e24ea5a75a4301e23cf5c99fd8731,c:\Windows\System32\msdtcuiu.dll
msdtcuiu.dll,322048,3,195171848,1976-03-08T22:24:08.000Z,imports,api-ms-win-core-registry-l1-1-0.dll,RegSetValueExW,1674982bd7340b13b16e275b84c9fc88,7f4ac27315c6376cedf84798cbb10213418e24ea5a75a4301e23cf5c99fd8731,c:\Windows\System32\msdtcuiu.dll
msdtcuiu.dll,322048,3,195171848,1976-03-08T22:24:08.000Z,imports,api-ms-win-core-synch-l1-1-0.dll,CreateEventA,1674982bd7340b13b16e275b84c9fc88,7f4ac27315c6376cedf84798cbb10213418e24ea5a75a4301e23cf5c99fd8731,c:\Windows\System32\msdtcuiu.dll
msdtcuiu.dll,322048,3,195171848,1976-03-08T22:24:08.000Z,imports,api-ms-win-core-synch-l1-1-0.dll,CreateEventW,1674982bd7340b13b16e275b84c9fc88,7f4ac27315c6376cedf84798cbb10213418e24ea5a75a4301e23cf5c99fd8731,c:\Windows\System32\msdtcuiu.dll
msdtcuiu.dll,322048,3,195171848,1976-03-08T22:24:08.000Z,imports,api-ms-win-core-synch-l1-1-0.dll,CreateMutexW,1674982bd7340b13b16e275b84c9fc88,7f4ac27315c6376cedf84798cbb10213418e24ea5a75a4301e23cf5c99fd8731,c:\Windows\System32\msdtcuiu.dll
msdtcuiu.dll,322048,3,195171848,1976-03-08T22:24:08.000Z,imports,api-ms-win-core-synch-l1-1-0.dll,DeleteCriticalSection,1674982bd7340b13b16e275b84c9fc88,7f4ac27315c6376cedf84798cbb10213418e24ea5a75a4301e23cf5c99fd8731,c:\Windows\System32\msdtcuiu.dll
msdtcuiu.dll,322048,3,195171848,1976-03-08T22:24:08.000Z,imports,api-ms-win-core-synch-l1-1-0.dll,EnterCriticalSection,1674982bd7340b13b16e275b84c9fc88,7f4ac27315c6376cedf84798cbb10213418e24ea5a75a4301e23cf5c99fd8731,c:\Windows\System32\msdtcuiu.dll
msdtcuiu.dll,322048,3,195171848,1976-03-08T22:24:08.000Z,imports,api-ms-win-core-synch-l1-1-0.dll,InitializeCriticalSection,1674982bd7340b13b16e275b84c9fc88,7f4ac27315c6376cedf84798cbb10213418e24ea5a75a4301e23cf5c99fd8731,c:\Windows\System32\msdtcuiu.dll
msdtcuiu.dll,322048,3,195171848,1976-03-08T22:24:08.000Z,imports,api-ms-win-core-synch-l1-1-0.dll,InitializeCriticalSectionAndSpinCount,1674982bd7340b13b16e275b84c9fc88,7f4ac27315c6376cedf84798cbb10213418e24ea5a75a4301e23cf5c99fd8731,c:\Windows\System32\msdtcuiu.dll
msdtcuiu.dll,322048,3,195171848,1976-03-08T22:24:08.000Z,imports,api-ms-win-core-synch-l1-1-0.dll,LeaveCriticalSection,1674982bd7340b13b16e275b84c9fc88,7f4ac27315c6376cedf84798cbb10213418e24ea5a75a4301e23cf5c99fd8731,c:\Windows\System32\msdtcuiu.dll
msdtcuiu.dll,322048,3,195171848,1976-03-08T22:24:08.000Z,imports,api-ms-win-core-synch-l1-1-0.dll,OpenMutexW,1674982bd7340b13b16e275b84c9fc88,7f4ac27315c6376cedf84798cbb10213418e24ea5a75a4301e23cf5c99fd8731,c:\Windows\System32\msdtcuiu.dll
msdtcuiu.dll,322048,3,195171848,1976-03-08T22:24:08.000Z,imports,api-ms-win-core-synch-l1-1-0.dll,ReleaseMutex,1674982bd7340b13b16e275b84c9fc88,7f4ac27315c6376cedf84798cbb10213418e24ea5a75a4301e23cf5c99fd8731,c:\Windows\System32\msdtcuiu.dll
msdtcuiu.dll,322048,3,195171848,1976-03-08T22:24:08.000Z,imports,api-ms-win-core-synch-l1-1-0.dll,ResetEvent,1674982bd7340b13b16e275b84c9fc88,7f4ac27315c6376cedf84798cbb10213418e24ea5a75a4301e23cf5c99fd8731,c:\Windows\System32\msdtcuiu.dll
msdtcuiu.dll,322048,3,195171848,1976-03-08T22:24:08.000Z,imports,api-ms-win-core-synch-l1-1-0.dll,SetEvent,1674982bd7340b13b16e275b84c9fc88,7f4ac27315c6376cedf84798cbb10213418e24ea5a75a4301e23cf5c99fd8731,c:\Windows\System32\msdtcuiu.dll
msdtcuiu.dll,322048,3,195171848,1976-03-08T22:24:08.000Z,imports,api-ms-win-core-synch-l1-1-0.dll,WaitForSingleObject,1674982bd7340b13b16e275b84c9fc88,7f4ac27315c6376cedf84798cbb10213418e24ea5a75a4301e23cf5c99fd8731,c:\Windows\System32\msdtcuiu.dll
msdtcuiu.dll,322048,3,195171848,1976-03-08T22:24:08.000Z,imports,api-ms-win-core-synch-l1-1-0.dll,WaitForSingleObjectEx,1674982bd7340b13b16e275b84c9fc88,7f4ac27315c6376cedf84798cbb10213418e24ea5a75a4301e23cf5c99fd8731,c:\Windows\System32\msdtcuiu.dll
msdtcuiu.dll,322048,3,195171848,1976-03-08T22:24:08.000Z,imports,api-ms-win-core-localization-l1-2-0.dll,FormatMessageW,1674982bd7340b13b16e275b84c9fc88,7f4ac27315c6376cedf84798cbb10213418e24ea5a75a4301e23cf5c99fd8731,c:\Windows\System32\msdtcuiu.dll
msdtcuiu.dll,322048,3,195171848,1976-03-08T22:24:08.000Z,imports,api-ms-win-service-management-l1-1-0.dll,CloseServiceHandle,1674982bd7340b13b16e275b84c9fc88,7f4ac27315c6376cedf84798cbb10213418e24ea5a75a4301e23cf5c99fd8731,c:\Windows\System32\msdtcuiu.dll
msdtcuiu.dll,322048,3,195171848,1976-03-08T22:24:08.000Z,imports,api-ms-win-service-management-l1-1-0.dll,OpenSCManagerW,1674982bd7340b13b16e275b84c9fc88,7f4ac27315c6376cedf84798cbb10213418e24ea5a75a4301e23cf5c99fd8731,c:\Windows\System32\msdtcuiu.dll
msdtcuiu.dll,322048,3,195171848,1976-03-08T22:24:08.000Z,imports,api-ms-win-service-management-l1-1-0.dll,OpenServiceW,1674982bd7340b13b16e275b84c9fc88,7f4ac27315c6376cedf84798cbb10213418e24ea5a75a4301e23cf5c99fd8731,c:\Windows\System32\msdtcuiu.dll
msdtcuiu.dll,322048,3,195171848,1976-03-08T22:24:08.000Z,imports,api-ms-win-core-memory-l1-1-0.dll,CreateFileMappingW,1674982bd7340b13b16e275b84c9fc88,7f4ac27315c6376cedf84798cbb10213418e24ea5a75a4301e23cf5c99fd8731,c:\Windows\System32\msdtcuiu.dll
msdtcuiu.dll,322048,3,195171848,1976-03-08T22:24:08.000Z,imports,api-ms-win-core-memory-l1-1-0.dll,MapViewOfFile,1674982bd7340b13b16e275b84c9fc88,7f4ac27315c6376cedf84798cbb10213418e24ea5a75a4301e23cf5c99fd8731,c:\Windows\System32\msdtcuiu.dll
msdtcuiu.dll,322048,3,195171848,1976-03-08T22:24:08.000Z,imports,api-ms-win-core-memory-l1-1-0.dll,OpenFileMappingW,1674982bd7340b13b16e275b84c9fc88,7f4ac27315c6376cedf84798cbb10213418e24ea5a75a4301e23cf5c99fd8731,c:\Windows\System32\msdtcuiu.dll
msdtcuiu.dll,322048,3,195171848,1976-03-08T22:24:08.000Z,imports,api-ms-win-core-memory-l1-1-0.dll,UnmapViewOfFile,1674982bd7340b13b16e275b84c9fc88,7f4ac27315c6376cedf84798cbb10213418e24ea5a75a4301e23cf5c99fd8731,c:\Windows\System32\msdtcuiu.dll
msdtcuiu.dll,322048,3,195171848,1976-03-08T22:24:08.000Z,imports,api-ms-win-core-memory-l1-1-0.dll,VirtualAlloc,1674982bd7340b13b16e275b84c9fc88,7f4ac27315c6376cedf84798cbb10213418e24ea5a75a4301e23cf5c99fd8731,c:\Windows\System32\msdtcuiu.dll
msdtcuiu.dll,322048,3,195171848,1976-03-08T22:24:08.000Z,imports,api-ms-win-core-memory-l1-1-0.dll,VirtualFree,1674982bd7340b13b16e275b84c9fc88,7f4ac27315c6376cedf84798cbb10213418e24ea5a75a4301e23cf5c99fd8731,c:\Windows\System32\msdtcuiu.dll
msdtcuiu.dll,322048,3,195171848,1976-03-08T22:24:08.000Z,imports,api-ms-win-core-sysinfo-l1-1-0.dll,GetComputerNameExW,1674982bd7340b13b16e275b84c9fc88,7f4ac27315c6376cedf84798cbb10213418e24ea5a75a4301e23cf5c99fd8731,c:\Windows\System32\msdtcuiu.dll
msdtcuiu.dll,322048,3,195171848,1976-03-08T22:24:08.000Z,imports,api-ms-win-core-sysinfo-l1-1-0.dll,GetLocalTime,1674982bd7340b13b16e275b84c9fc88,7f4ac27315c6376cedf84798cbb10213418e24ea5a75a4301e23cf5c99fd8731,c:\Windows\System32\msdtcuiu.dll
msdtcuiu.dll,322048,3,195171848,1976-03-08T22:24:08.000Z,imports,api-ms-win-core-sysinfo-l1-1-0.dll,GetSystemDirectoryA,1674982bd7340b13b16e275b84c9fc88,7f4ac27315c6376cedf84798cbb10213418e24ea5a75a4301e23cf5c99fd8731,c:\Windows\System32\msdtcuiu.dll
msdtcuiu.dll,322048,3,195171848,1976-03-08T22:24:08.000Z,imports,api-ms-win-core-sysinfo-l1-1-0.dll,GetSystemDirectoryW,1674982bd7340b13b16e275b84c9fc88,7f4ac27315c6376cedf84798cbb10213418e24ea5a75a4301e23cf5c99fd8731,c:\Windows\System32\msdtcuiu.dll
msdtcuiu.dll,322048,3,195171848,1976-03-08T22:24:08.000Z,imports,api-ms-win-core-sysinfo-l1-1-0.dll,GetSystemTimeAsFileTime,1674982bd7340b13b16e275b84c9fc88,7f4ac27315c6376cedf84798cbb10213418e24ea5a75a4301e23cf5c99fd8731,c:\Windows\System32\msdtcuiu.dll
msdtcuiu.dll,322048,3,195171848,1976-03-08T22:24:08.000Z,imports,api-ms-win-core-sysinfo-l1-1-0.dll,GetSystemWindowsDirectoryA,1674982bd7340b13b16e275b84c9fc88,7f4ac27315c6376cedf84798cbb10213418e24ea5a75a4301e23cf5c99fd8731,c:\Windows\System32\msdtcuiu.dll
msdtcuiu.dll,322048,3,195171848,1976-03-08T22:24:08.000Z,imports,api-ms-win-core-sysinfo-l1-1-0.dll,GetTickCount,1674982bd7340b13b16e275b84c9fc88,7f4ac27315c6376cedf84798cbb10213418e24ea5a75a4301e23cf5c99fd8731,c:\Windows\System32\msdtcuiu.dll
msdtcuiu.dll,322048,3,195171848,1976-03-08T22:24:08.000Z,imports,api-ms-win-core-handle-l1-1-0.dll,CloseHandle,1674982bd7340b13b16e275b84c9fc88,7f4ac27315c6376cedf84798cbb10213418e24ea5a75a4301e23cf5c99fd8731,c:\Windows\System32\msdtcuiu.dll
msdtcuiu.dll,322048,3,195171848,1976-03-08T22:24:08.000Z,imports,api-ms-win-service-winsvc-l1-1-0.dll,QueryServiceStatus,1674982bd7340b13b16e275b84c9fc88,7f4ac27315c6376cedf84798cbb10213418e24ea5a75a4301e23cf5c99fd8731,c:\Windows\System32\msdtcuiu.dll
msdtcuiu.dll,322048,3,195171848,1976-03-08T22:24:08.000Z,imports,api-ms-win-core-heap-obsolete-l1-1-0.dll,GlobalLock,1674982bd7340b13b16e275b84c9fc88,7f4ac27315c6376cedf84798cbb10213418e24ea5a75a4301e23cf5c99fd8731,c:\Windows\System32\msdtcuiu.dll
msdtcuiu.dll,322048,3,195171848,1976-03-08T22:24:08.000Z,imports,api-ms-win-core-heap-obsolete-l1-1-0.dll,GlobalSize,1674982bd7340b13b16e275b84c9fc88,7f4ac27315c6376cedf84798cbb10213418e24ea5a75a4301e23cf5c99fd8731,c:\Windows\System32\msdtcuiu.dll
msdtcuiu.dll,322048,3,195171848,1976-03-08T22:24:08.000Z,imports,api-ms-win-core-heap-obsolete-l1-1-0.dll,GlobalUnlock,1674982bd7340b13b16e275b84c9fc88,7f4ac27315c6376cedf84798cbb10213418e24ea5a75a4301e23cf5c99fd8731,c:\Windows\System32\msdtcuiu.dll
msdtcuiu.dll,322048,3,195171848,1976-03-08T22:24:08.000Z,imports,api-ms-win-core-sidebyside-l1-1-0.dll,ActivateActCtx,1674982bd7340b13b16e275b84c9fc88,7f4ac27315c6376cedf84798cbb10213418e24ea5a75a4301e23cf5c99fd8731,c:\Windows\System32\msdtcuiu.dll
msdtcuiu.dll,322048,3,195171848,1976-03-08T22:24:08.000Z,imports,api-ms-win-core-sidebyside-l1-1-0.dll,CreateActCtxW,1674982bd7340b13b16e275b84c9fc88,7f4ac27315c6376cedf84798cbb10213418e24ea5a75a4301e23cf5c99fd8731,c:\Windows\System32\msdtcuiu.dll
msdtcuiu.dll,322048,3,195171848,1976-03-08T22:24:08.000Z,imports,api-ms-win-core-sidebyside-l1-1-0.dll,DeactivateActCtx,1674982bd7340b13b16e275b84c9fc88,7f4ac27315c6376cedf84798cbb10213418e24ea5a75a4301e23cf5c99fd8731,c:\Windows\System32\msdtcuiu.dll
msdtcuiu.dll,322048,3,195171848,1976-03-08T22:24:08.000Z,imports,api-ms-win-core-sidebyside-l1-1-0.dll,FindActCtxSectionStringW,1674982bd7340b13b16e275b84c9fc88,7f4ac27315c6376cedf84798cbb10213418e24ea5a75a4301e23cf5c99fd8731,c:\Windows\System32\msdtcuiu.dll
msdtcuiu.dll,322048,3,195171848,1976-03-08T22:24:08.000Z,imports,api-ms-win-core-sidebyside-l1-1-0.dll,QueryActCtxW,1674982bd7340b13b16e275b84c9fc88,7f4ac27315c6376cedf84798cbb10213418e24ea5a75a4301e23cf5c99fd8731,c:\Windows\System32\msdtcuiu.dll
msdtcuiu.dll,322048,3,195171848,1976-03-08T22:24:08.000Z,imports,ole32.dll,CreateDataAdviseHolder,1674982bd7340b13b16e275b84c9fc88,7f4ac27315c6376cedf84798cbb10213418e24ea5a75a4301e23cf5c99fd8731,c:\Windows\System32\msdtcuiu.dll
msdtcuiu.dll,322048,3,195171848,1976-03-08T22:24:08.000Z,imports,ole32.dll,CreateOleAdviseHolder,1674982bd7340b13b16e275b84c9fc88,7f4ac27315c6376cedf84798cbb10213418e24ea5a75a4301e23cf5c99fd8731,c:\Windows\System32\msdtcuiu.dll
msdtcuiu.dll,322048,3,195171848,1976-03-08T22:24:08.000Z,imports,ole32.dll,OleRegEnumVerbs,1674982bd7340b13b16e275b84c9fc88,7f4ac27315c6376cedf84798cbb10213418e24ea5a75a4301e23cf5c99fd8731,c:\Windows\System32\msdtcuiu.dll
msdtcuiu.dll,322048,3,195171848,1976-03-08T22:24:08.000Z,imports,ole32.dll,OleRegGetMiscStatus,1674982bd7340b13b16e275b84c9fc88,7f4ac27315c6376cedf84798cbb10213418e24ea5a75a4301e23cf5c99fd8731,c:\Windows\System32\msdtcuiu.dll
msdtcuiu.dll,322048,3,195171848,1976-03-08T22:24:08.000Z,imports,ole32.dll,OleRegGetUserType,1674982bd7340b13b16e275b84c9fc88,7f4ac27315c6376cedf84798cbb10213418e24ea5a75a4301e23cf5c99fd8731,c:\Windows\System32\msdtcuiu.dll
msdtcuiu.dll,322048,3,195171848,1976-03-08T22:24:08.000Z,imports,ole32.dll,ReleaseStgMedium,1674982bd7340b13b16e275b84c9fc88,7f4ac27315c6376cedf84798cbb10213418e24ea5a75a4301e23cf5c99fd8731,c:\Windows\System32\msdtcuiu.dll
msdtcuiu.dll,322048,3,195171848,1976-03-08T22:24:08.000Z,imports,advapi32.dll,DeregisterEventSource,1674982bd7340b13b16e275b84c9fc88,7f4ac27315c6376cedf84798cbb10213418e24ea5a75a4301e23cf5c99fd8731,c:\Windows\System32\msdtcuiu.dll
msdtcuiu.dll,322048,3,195171848,1976-03-08T22:24:08.000Z,imports,advapi32.dll,EnableTrace,1674982bd7340b13b16e275b84c9fc88,7f4ac27315c6376cedf84798cbb10213418e24ea5a75a4301e23cf5c99fd8731,c:\Windows\System32\msdtcuiu.dll
msdtcuiu.dll,322048,3,195171848,1976-03-08T22:24:08.000Z,imports,advapi32.dll,FlushTraceW,1674982bd7340b13b16e275b84c9fc88,7f4ac27315c6376cedf84798cbb10213418e24ea5a75a4301e23cf5c99fd8731,c:\Windows\System32\msdtcuiu.dll
msdtcuiu.dll,322048,3,195171848,1976-03-08T22:24:08.000Z,imports,advapi32.dll,LookupPrivilegeValueA,1674982bd7340b13b16e275b84c9fc88,7f4ac27315c6376cedf84798cbb10213418e24ea5a75a4301e23cf5c99fd8731,c:\Windows\System32\msdtcuiu.dll
msdtcuiu.dll,322048,3,195171848,1976-03-08T22:24:08.000Z,imports,advapi32.dll,QueryTraceW,1674982bd7340b13b16e275b84c9fc88,7f4ac27315c6376cedf84798cbb10213418e24ea5a75a4301e23cf5c99fd8731,c:\Windows\System32\msdtcuiu.dll
msdtcuiu.dll,322048,3,195171848,1976-03-08T22:24:08.000Z,imports,advapi32.dll,RegConnectRegistryW,1674982bd7340b13b16e275b84c9fc88,7f4ac27315c6376cedf84798cbb10213418e24ea5a75a4301e23cf5c99fd8731,c:\Windows\System32\msdtcuiu.dll
msdtcuiu.dll,322048,3,195171848,1976-03-08T22:24:08.000Z,imports,advapi32.dll,RegisterEventSourceW,1674982bd7340b13b16e275b84c9fc88,7f4ac27315c6376cedf84798cbb10213418e24ea5a75a4301e23cf5c99fd8731,c:\Windows\System32\msdtcuiu.dll
msdtcuiu.dll,322048,3,195171848,1976-03-08T22:24:08.000Z,imports,advapi32.dll,ReportEventW,1674982bd7340b13b16e275b84c9fc88,7f4ac27315c6376cedf84798cbb10213418e24ea5a75a4301e23cf5c99fd8731,c:\Windows\System32\msdtcuiu.dll
msdtcuiu.dll,322048,3,195171848,1976-03-08T22:24:08.000Z,imports,advapi32.dll,SetNamedSecurityInfoW,1674982bd7340b13b16e275b84c9fc88,7f4ac27315c6376cedf84798cbb10213418e24ea5a75a4301e23cf5c99fd8731,c:\Windows\System32\msdtcuiu.dll
msdtcuiu.dll,322048,3,195171848,1976-03-08T22:24:08.000Z,imports,kernel32.dll,MoveFileW,1674982bd7340b13b16e275b84c9fc88,7f4ac27315c6376cedf84798cbb10213418e24ea5a75a4301e23cf5c99fd8731,c:\Windows\System32\msdtcuiu.dll
msdtcuiu.dll,322048,3,195171848,1976-03-08T22:24:08.000Z,imports,kernel32.dll,QueueUserWorkItem,1674982bd7340b13b16e275b84c9fc88,7f4ac27315c6376cedf84798cbb10213418e24ea5a75a4301e23cf5c99fd8731,c:\Windows\System32\msdtcuiu.dll
msdtcuiu.dll,322048,3,195171848,1976-03-08T22:24:08.000Z,imports,kernel32.dll,UnregisterWaitEx,1674982bd7340b13b16e275b84c9fc88,7f4ac27315c6376cedf84798cbb10213418e24ea5a75a4301e23cf5c99fd8731,c:\Windows\System32\msdtcuiu.dll
msdtcuiu.dll,322048,3,195171848,1976-03-08T22:24:08.000Z,imports,user32.dll,BeginPaint,1674982bd7340b13b16e275b84c9fc88,7f4ac27315c6376cedf84798cbb10213418e24ea5a75a4301e23cf5c99fd8731,c:\Windows\System32\msdtcuiu.dll
msdtcuiu.dll,322048,3,195171848,1976-03-08T22:24:08.000Z,imports,user32.dll,CallWindowProcW,1674982bd7340b13b16e275b84c9fc88,7f4ac27315c6376cedf84798cbb10213418e24ea5a75a4301e23cf5c99fd8731,c:\Windows\System32\msdtcuiu.dll
msdtcuiu.dll,322048,3,195171848,1976-03-08T22:24:08.000Z,imports,user32.dll,CheckMenuItem,1674982bd7340b13b16e275b84c9fc88,7f4ac27315c6376cedf84798cbb10213418e24ea5a75a4301e23cf5c99fd8731,c:\Windows\System32\msdtcuiu.dll
msdtcuiu.dll,322048,3,195171848,1976-03-08T22:24:08.000Z,imports,user32.dll,CloseClipboard,1674982bd7340b13b16e275b84c9fc88,7f4ac27315c6376cedf84798cbb10213418e24ea5a75a4301e23cf5c99fd8731,c:\Windows\System32\msdtcuiu.dll
msdtcuiu.dll,322048,3,195171848,1976-03-08T22:24:08.000Z,imports,user32.dll,CreateDialogParamW,1674982bd7340b13b16e275b84c9fc88,7f4ac27315c6376cedf84798cbb10213418e24ea5a75a4301e23cf5c99fd8731,c:\Windows\System32\msdtcuiu.dll
msdtcuiu.dll,322048,3,195171848,1976-03-08T22:24:08.000Z,imports,user32.dll,CreateWindowExW,1674982bd7340b13b16e275b84c9fc88,7f4ac27315c6376cedf84798cbb10213418e24ea5a75a4301e23cf5c99fd8731,c:\Windows\System32\msdtcuiu.dll
msdtcuiu.dll,322048,3,195171848,1976-03-08T22:24:08.000Z,imports,user32.dll,DefWindowProcW,1674982bd7340b13b16e275b84c9fc88,7f4ac27315c6376cedf84798cbb10213418e24ea5a75a4301e23cf5c99fd8731,c:\Windows\System32\msdtcuiu.dll
msdtcuiu.dll,322048,3,195171848,1976-03-08T22:24:08.000Z,imports,user32.dll,DestroyAcceleratorTable,1674982bd7340b13b16e275b84c9fc88,7f4ac27315c6376cedf84798cbb10213418e24ea5a75a4301e23cf5c99fd8731,c:\Windows\System32\msdtcuiu.dll
msdtcuiu.dll,322048,3,195171848,1976-03-08T22:24:08.000Z,imports,user32.dll,DestroyMenu,1674982bd7340b13b16e275b84c9fc88,7f4ac27315c6376cedf84798cbb10213418e24ea5a75a4301e23cf5c99fd8731,c:\Windows\System32\msdtcuiu.dll
msdtcuiu.dll,322048,3,195171848,1976-03-08T22:24:08.000Z,imports,user32.dll,DestroyWindow,1674982bd7340b13b16e275b84c9fc88,7f4ac27315c6376cedf84798cbb10213418e24ea5a75a4301e23cf5c99fd8731,c:\Windows\System32\msdtcuiu.dll
msdtcuiu.dll,322048,3,195171848,1976-03-08T22:24:08.000Z,imports,user32.dll,DialogBoxParamW,1674982bd7340b13b16e275b84c9fc88,7f4ac27315c6376cedf84798cbb10213418e24ea5a75a4301e23cf5c99fd8731,c:\Windows\System32\msdtcuiu.dll
msdtcuiu.dll,322048,3,195171848,1976-03-08T22:24:08.000Z,imports,user32.dll,EmptyClipboard,1674982bd7340b13b16e275b84c9fc88,7f4ac27315c6376cedf84798cbb10213418e24ea5a75a4301e23cf5c99fd8731,c:\Windows\System32\msdtcuiu.dll
msdtcuiu.dll,322048,3,195171848,1976-03-08T22:24:08.000Z,imports,user32.dll,EnableMenuItem,1674982bd7340b13b16e275b84c9fc88,7f4ac27315c6376cedf84798cbb10213418e24ea5a75a4301e23cf5c99fd8731,c:\Windows\System32\msdtcuiu.dll
msdtcuiu.dll,322048,3,195171848,1976-03-08T22:24:08.000Z,imports,user32.dll,EnableWindow,1674982bd7340b13b16e275b84c9fc88,7f4ac27315c6376cedf84798cbb10213418e24ea5a75a4301e23cf5c99fd8731,c:\Windows\System32\msdtcuiu.dll
msdtcuiu.dll,322048,3,195171848,1976-03-08T22:24:08.000Z,imports,user32.dll,EndDialog,1674982bd7340b13b16e275b84c9fc88,7f4ac27315c6376cedf84798cbb10213418e24ea5a75a4301e23cf5c99fd8731,c:\Windows\System32\msdtcuiu.dll
msdtcuiu.dll,322048,3,195171848,1976-03-08T22:24:08.000Z,imports,user32.dll,EndPaint,1674982bd7340b13b16e275b84c9fc88,7f4ac27315c6376cedf84798cbb10213418e24ea5a75a4301e23cf5c99fd8731,c:\Windows\System32\msdtcuiu.dll
msdtcuiu.dll,322048,3,195171848,1976-03-08T22:24:08.000Z,imports,user32.dll,EqualRect,1674982bd7340b13b16e275b84c9fc88,7f4ac27315c6376cedf84798cbb10213418e24ea5a75a4301e23cf5c99fd8731,c:\Windows\System32\msdtcuiu.dll
msdtcuiu.dll,322048,3,195171848,1976-03-08T22:24:08.000Z,imports,user32.dll,GetActiveWindow,1674982bd7340b13b16e275b84c9fc88,7f4ac27315c6376cedf84798cbb10213418e24ea5a75a4301e23cf5c99fd8731,c:\Windows\System32\msdtcuiu.dll
msdtcuiu.dll,322048,3,195171848,1976-03-08T22:24:08.000Z,imports,user32.dll,GetClientRect,1674982bd7340b13b16e275b84c9fc88,7f4ac27315c6376cedf84798cbb10213418e24ea5a75a4301e23cf5c99fd8731,c:\Windows\System32\msdtcuiu.dll
msdtcuiu.dll,322048,3,195171848,1976-03-08T22:24:08.000Z,imports,user32.dll,GetCursorPos,1674982bd7340b13b16e275b84c9fc88,7f4ac27315c6376cedf84798cbb10213418e24ea5a75a4301e23cf5c99fd8731,c:\Windows\System32\msdtcuiu.dll
msdtcuiu.dll,322048,3,195171848,1976-03-08T22:24:08.000Z,imports,user32.dll,GetDC,1674982bd7340b13b16e275b84c9fc88,7f4ac27315c6376cedf84798cbb10213418e24ea5a75a4301e23cf5c99fd8731,c:\Windows\System32\msdtcuiu.dll
msdtcuiu.dll,322048,3,195171848,1976-03-08T22:24:08.000Z,imports,user32.dll,GetDlgItem,1674982bd7340b13b16e275b84c9fc88,7f4ac27315c6376cedf84798cbb10213418e24ea5a75a4301e23cf5c99fd8731,c:\Windows\System32\msdtcuiu.dll
msdtcuiu.dll,322048,3,195171848,1976-03-08T22:24:08.000Z,imports,user32.dll,GetDlgItemInt,1674982bd7340b13b16e275b84c9fc88,7f4ac27315c6376cedf84798cbb10213418e24ea5a75a4301e23cf5c99fd8731,c:\Windows\System32\msdtcuiu.dll
msdtcuiu.dll,322048,3,195171848,1976-03-08T22:24:08.000Z,imports,user32.dll,GetFocus,1674982bd7340b13b16e275b84c9fc88,7f4ac27315c6376cedf84798cbb10213418e24ea5a75a4301e23cf5c99fd8731,c:\Windows\System32\msdtcuiu.dll
msdtcuiu.dll,322048,3,195171848,1976-03-08T22:24:08.000Z,imports,user32.dll,GetKeyState,1674982bd7340b13b16e275b84c9fc88,7f4ac27315c6376cedf84798cbb10213418e24ea5a75a4301e23cf5c99fd8731,c:\Windows\System32\msdtcuiu.dll
msdtcuiu.dll,322048,3,195171848,1976-03-08T22:24:08.000Z,imports,user32.dll,GetMonitorInfoW,1674982bd7340b13b16e275b84c9fc88,7f4ac27315c6376cedf84798cbb10213418e24ea5a75a4301e23cf5c99fd8731,c:\Windows\System32\msdtcuiu.dll
msdtcuiu.dll,322048,3,195171848,1976-03-08T22:24:08.000Z,imports,user32.dll,GetParent,1674982bd7340b13b16e275b84c9fc88,7f4ac27315c6376cedf84798cbb10213418e24ea5a75a4301e23cf5c99fd8731,c:\Windows\System32\msdtcuiu.dll
msdtcuiu.dll,322048,3,195171848,1976-03-08T22:24:08.000Z,imports,user32.dll,GetSubMenu,1674982bd7340b13b16e275b84c9fc88,7f4ac27315c6376cedf84798cbb10213418e24ea5a75a4301e23cf5c99fd8731,c:\Windows\System32\msdtcuiu.dll
msdtcuiu.dll,322048,3,195171848,1976-03-08T22:24:08.000Z,imports,user32.dll,GetWindowLongPtrW,1674982bd7340b13b16e275b84c9fc88,7f4ac27315c6376cedf84798cbb10213418e24ea5a75a4301e23cf5c99fd8731,c:\Windows\System32\msdtcuiu.dll
msdtcuiu.dll,322048,3,195171848,1976-03-08T22:24:08.000Z,imports,user32.dll,GetWindowLongW,1674982bd7340b13b16e275b84c9fc88,7f4ac27315c6376cedf84798cbb10213418e24ea5a75a4301e23cf5c99fd8731,c:\Windows\System32\msdtcuiu.dll
msdtcuiu.dll,322048,3,195171848,1976-03-08T22:24:08.000Z,imports,user32.dll,GetWindowRect,1674982bd7340b13b16e275b84c9fc88,7f4ac27315c6376cedf84798cbb10213418e24ea5a75a4301e23cf5c99fd8731,c:\Windows\System32\msdtcuiu.dll
msdtcuiu.dll,322048,3,195171848,1976-03-08T22:24:08.000Z,imports,user32.dll,GetWindowTextLengthW,1674982bd7340b13b16e275b84c9fc88,7f4ac27315c6376cedf84798cbb10213418e24ea5a75a4301e23cf5c99fd8731,c:\Windows\System32\msdtcuiu.dll
msdtcuiu.dll,322048,3,195171848,1976-03-08T22:24:08.000Z,imports,user32.dll,GetWindowTextW,1674982bd7340b13b16e275b84c9fc88,7f4ac27315c6376cedf84798cbb10213418e24ea5a75a4301e23cf5c99fd8731,c:\Windows\System32\msdtcuiu.dll
msdtcuiu.dll,322048,3,195171848,1976-03-08T22:24:08.000Z,imports,user32.dll,IntersectRect,1674982bd7340b13b16e275b84c9fc88,7f4ac27315c6376cedf84798cbb10213418e24ea5a75a4301e23cf5c99fd8731,c:\Windows\System32\msdtcuiu.dll
msdtcuiu.dll,322048,3,195171848,1976-03-08T22:24:08.000Z,imports,user32.dll,InvalidateRect,1674982bd7340b13b16e275b84c9fc88,7f4ac27315c6376cedf84798cbb10213418e24ea5a75a4301e23cf5c99fd8731,c:\Windows\System32\msdtcuiu.dll
msdtcuiu.dll,322048,3,195171848,1976-03-08T22:24:08.000Z,imports,user32.dll,IsChild,1674982bd7340b13b16e275b84c9fc88,7f4ac27315c6376cedf84798cbb10213418e24ea5a75a4301e23cf5c99fd8731,c:\Windows\System32\msdtcuiu.dll
msdtcuiu.dll,322048,3,195171848,1976-03-08T22:24:08.000Z,imports,user32.dll,IsWindow,1674982bd7340b13b16e275b84c9fc88,7f4ac27315c6376cedf84798cbb10213418e24ea5a75a4301e23cf5c99fd8731,c:\Windows\System32\msdtcuiu.dll
msdtcuiu.dll,322048,3,195171848,1976-03-08T22:24:08.000Z,imports,user32.dll,LoadBitmapW,1674982bd7340b13b16e275b84c9fc88,7f4ac27315c6376cedf84798cbb10213418e24ea5a75a4301e23cf5c99fd8731,c:\Windows\System32\msdtcuiu.dll
msdtcuiu.dll,322048,3,195171848,1976-03-08T22:24:08.000Z,imports,user32.dll,LoadImageW,1674982bd7340b13b16e275b84c9fc88,7f4ac27315c6376cedf84798cbb10213418e24ea5a75a4301e23cf5c99fd8731,c:\Windows\System32\msdtcuiu.dll
msdtcuiu.dll,322048,3,195171848,1976-03-08T22:24:08.000Z,imports,user32.dll,LoadMenuW,1674982bd7340b13b16e275b84c9fc88,7f4ac27315c6376cedf84798cbb10213418e24ea5a75a4301e23cf5c99fd8731,c:\Windows\System32\msdtcuiu.dll
msdtcuiu.dll,322048,3,195171848,1976-03-08T22:24:08.000Z,imports,user32.dll,MapWindowPoints,1674982bd7340b13b16e275b84c9fc88,7f4ac27315c6376cedf84798cbb10213418e24ea5a75a4301e23cf5c99fd8731,c:\Windows\System32\msdtcuiu.dll
msdtcuiu.dll,322048,3,195171848,1976-03-08T22:24:08.000Z,imports,user32.dll,MessageBoxW,1674982bd7340b13b16e275b84c9fc88,7f4ac27315c6376cedf84798cbb10213418e24ea5a75a4301e23cf5c99fd8731,c:\Windows\System32\msdtcuiu.dll
msdtcuiu.dll,322048,3,195171848,1976-03-08T22:24:08.000Z,imports,user32.dll,MonitorFromPoint,1674982bd7340b13b16e275b84c9fc88,7f4ac27315c6376cedf84798cbb10213418e24ea5a75a4301e23cf5c99fd8731,c:\Windows\System32\msdtcuiu.dll
msdtcuiu.dll,322048,3,195171848,1976-03-08T22:24:08.000Z,imports,user32.dll,MoveWindow,1674982bd7340b13b16e275b84c9fc88,7f4ac27315c6376cedf84798cbb10213418e24ea5a75a4301e23cf5c99fd8731,c:\Windows\System32\msdtcuiu.dll
msdtcuiu.dll,322048,3,195171848,1976-03-08T22:24:08.000Z,imports,user32.dll,OffsetRect,1674982bd7340b13b16e275b84c9fc88,7f4ac27315c6376cedf84798cbb10213418e24ea5a75a4301e23cf5c99fd8731,c:\Windows\System32\msdtcuiu.dll
msdtcuiu.dll,322048,3,195171848,1976-03-08T22:24:08.000Z,imports,user32.dll,OpenClipboard,1674982bd7340b13b16e275b84c9fc88,7f4ac27315c6376cedf84798cbb10213418e24ea5a75a4301e23cf5c99fd8731,c:\Windows\System32\msdtcuiu.dll
msdtcuiu.dll,322048,3,195171848,1976-03-08T22:24:08.000Z,imports,user32.dll,PostMessageW,1674982bd7340b13b16e275b84c9fc88,7f4ac27315c6376cedf84798cbb10213418e24ea5a75a4301e23cf5c99fd8731,c:\Windows\System32\msdtcuiu.dll
msdtcuiu.dll,322048,3,195171848,1976-03-08T22:24:08.000Z,imports,user32.dll,PtInRect,1674982bd7340b13b16e275b84c9fc88,7f4ac27315c6376cedf84798cbb10213418e24ea5a75a4301e23cf5c99fd8731,c:\Windows\System32\msdtcuiu.dll
msdtcuiu.dll,322048,3,195171848,1976-03-08T22:24:08.000Z,imports,user32.dll,RegisterClipboardFormatW,1674982bd7340b13b16e275b84c9fc88,7f4ac27315c6376cedf84798cbb10213418e24ea5a75a4301e23cf5c99fd8731,c:\Windows\System32\msdtcuiu.dll
msdtcuiu.dll,322048,3,195171848,1976-03-08T22:24:08.000Z,imports,user32.dll,RegisterWindowMessageW,1674982bd7340b13b16e275b84c9fc88,7f4ac27315c6376cedf84798cbb10213418e24ea5a75a4301e23cf5c99fd8731,c:\Windows\System32\msdtcuiu.dll
msdtcuiu.dll,322048,3,195171848,1976-03-08T22:24:08.000Z,imports,user32.dll,ReleaseDC,1674982bd7340b13b16e275b84c9fc88,7f4ac27315c6376cedf84798cbb10213418e24ea5a75a4301e23cf5c99fd8731,c:\Windows\System32\msdtcuiu.dll
msdtcuiu.dll,322048,3,195171848,1976-03-08T22:24:08.000Z,imports,user32.dll,SendDlgItemMessageW,1674982bd7340b13b16e275b84c9fc88,7f4ac27315c6376cedf84798cbb10213418e24ea5a75a4301e23cf5c99fd8731,c:\Windows\System32\msdtcuiu.dll
msdtcuiu.dll,322048,3,195171848,1976-03-08T22:24:08.000Z,imports,user32.dll,SendMessageW,1674982bd7340b13b16e275b84c9fc88,7f4ac27315c6376cedf84798cbb10213418e24ea5a75a4301e23cf5c99fd8731,c:\Windows\System32\msdtcuiu.dll
msdtcuiu.dll,322048,3,195171848,1976-03-08T22:24:08.000Z,imports,user32.dll,SetClipboardData,1674982bd7340b13b16e275b84c9fc88,7f4ac27315c6376cedf84798cbb10213418e24ea5a75a4301e23cf5c99fd8731,c:\Windows\System32\msdtcuiu.dll
msdtcuiu.dll,322048,3,195171848,1976-03-08T22:24:08.000Z,imports,user32.dll,SetDlgItemInt,1674982bd7340b13b16e275b84c9fc88,7f4ac27315c6376cedf84798cbb10213418e24ea5a75a4301e23cf5c99fd8731,c:\Windows\System32\msdtcuiu.dll
msdtcuiu.dll,322048,3,195171848,1976-03-08T22:24:08.000Z,imports,user32.dll,SetDlgItemTextW,1674982bd7340b13b16e275b84c9fc88,7f4ac27315c6376cedf84798cbb10213418e24ea5a75a4301e23cf5c99fd8731,c:\Windows\System32\msdtcuiu.dll
msdtcuiu.dll,322048,3,195171848,1976-03-08T22:24:08.000Z,imports,user32.dll,SetFocus,1674982bd7340b13b16e275b84c9fc88,7f4ac27315c6376cedf84798cbb10213418e24ea5a75a4301e23cf5c99fd8731,c:\Windows\System32\msdtcuiu.dll
msdtcuiu.dll,322048,3,195171848,1976-03-08T22:24:08.000Z,imports,user32.dll,SetWindowLongPtrW,1674982bd7340b13b16e275b84c9fc88,7f4ac27315c6376cedf84798cbb10213418e24ea5a75a4301e23cf5c99fd8731,c:\Windows\System32\msdtcuiu.dll
msdtcuiu.dll,322048,3,195171848,1976-03-08T22:24:08.000Z,imports,user32.dll,SetWindowLongW,1674982bd7340b13b16e275b84c9fc88,7f4ac27315c6376cedf84798cbb10213418e24ea5a75a4301e23cf5c99fd8731,c:\Windows\System32\msdtcuiu.dll
msdtcuiu.dll,322048,3,195171848,1976-03-08T22:24:08.000Z,imports,user32.dll,SetWindowPos,1674982bd7340b13b16e275b84c9fc88,7f4ac27315c6376cedf84798cbb10213418e24ea5a75a4301e23cf5c99fd8731,c:\Windows\System32\msdtcuiu.dll
msdtcuiu.dll,322048,3,195171848,1976-03-08T22:24:08.000Z,imports,user32.dll,SetWindowRgn,1674982bd7340b13b16e275b84c9fc88,7f4ac27315c6376cedf84798cbb10213418e24ea5a75a4301e23cf5c99fd8731,c:\Windows\System32\msdtcuiu.dll
msdtcuiu.dll,322048,3,195171848,1976-03-08T22:24:08.000Z,imports,user32.dll,SetWindowTextW,1674982bd7340b13b16e275b84c9fc88,7f4ac27315c6376cedf84798cbb10213418e24ea5a75a4301e23cf5c99fd8731,c:\Windows\System32\msdtcuiu.dll
msdtcuiu.dll,322048,3,195171848,1976-03-08T22:24:08.000Z,imports,user32.dll,ShowWindow,1674982bd7340b13b16e275b84c9fc88,7f4ac27315c6376cedf84798cbb10213418e24ea5a75a4301e23cf5c99fd8731,c:\Windows\System32\msdtcuiu.dll
msdtcuiu.dll,322048,3,195171848,1976-03-08T22:24:08.000Z,imports,user32.dll,TrackPopupMenu,1674982bd7340b13b16e275b84c9fc88,7f4ac27315c6376cedf84798cbb10213418e24ea5a75a4301e23cf5c99fd8731,c:\Windows\System32\msdtcuiu.dll
msdtcuiu.dll,322048,3,195171848,1976-03-08T22:24:08.000Z,imports,user32.dll,UnionRect,1674982bd7340b13b16e275b84c9fc88,7f4ac27315c6376cedf84798cbb10213418e24ea5a75a4301e23cf5c99fd8731,c:\Windows\System32\msdtcuiu.dll
msdtcuiu.dll,322048,3,195171848,1976-03-08T22:24:08.000Z,imports,gdi32.dll,CloseMetaFile,1674982bd7340b13b16e275b84c9fc88,7f4ac27315c6376cedf84798cbb10213418e24ea5a75a4301e23cf5c99fd8731,c:\Windows\System32\msdtcuiu.dll
msdtcuiu.dll,322048,3,195171848,1976-03-08T22:24:08.000Z,imports,gdi32.dll,CreateMetaFileW,1674982bd7340b13b16e275b84c9fc88,7f4ac27315c6376cedf84798cbb10213418e24ea5a75a4301e23cf5c99fd8731,c:\Windows\System32\msdtcuiu.dll
msdtcuiu.dll,322048,3,195171848,1976-03-08T22:24:08.000Z,imports,gdi32.dll,CreateRectRgnIndirect,1674982bd7340b13b16e275b84c9fc88,7f4ac27315c6376cedf84798cbb10213418e24ea5a75a4301e23cf5c99fd8731,c:\Windows\System32\msdtcuiu.dll
msdtcuiu.dll,322048,3,195171848,1976-03-08T22:24:08.000Z,imports,gdi32.dll,DeleteDC,1674982bd7340b13b16e275b84c9fc88,7f4ac27315c6376cedf84798cbb10213418e24ea5a75a4301e23cf5c99fd8731,c:\Windows\System32\msdtcuiu.dll
msdtcuiu.dll,322048,3,195171848,1976-03-08T22:24:08.000Z,imports,gdi32.dll,DeleteMetaFile,1674982bd7340b13b16e275b84c9fc88,7f4ac27315c6376cedf84798cbb10213418e24ea5a75a4301e23cf5c99fd8731,c:\Windows\System32\msdtcuiu.dll
msdtcuiu.dll,322048,3,195171848,1976-03-08T22:24:08.000Z,imports,gdi32.dll,DeleteObject,1674982bd7340b13b16e275b84c9fc88,7f4ac27315c6376cedf84798cbb10213418e24ea5a75a4301e23cf5c99fd8731,c:\Windows\System32\msdtcuiu.dll
msdtcuiu.dll,322048,3,195171848,1976-03-08T22:24:08.000Z,imports,gdi32.dll,GetDeviceCaps,1674982bd7340b13b16e275b84c9fc88,7f4ac27315c6376cedf84798cbb10213418e24ea5a75a4301e23cf5c99fd8731,c:\Windows\System32\msdtcuiu.dll
msdtcuiu.dll,322048,3,195171848,1976-03-08T22:24:08.000Z,imports,gdi32.dll,LPtoDP,1674982bd7340b13b16e275b84c9fc88,7f4ac27315c6376cedf84798cbb10213418e24ea5a75a4301e23cf5c99fd8731,c:\Windows\System32\msdtcuiu.dll
msdtcuiu.dll,322048,3,195171848,1976-03-08T22:24:08.000Z,imports,gdi32.dll,RestoreDC,1674982bd7340b13b16e275b84c9fc88,7f4ac27315c6376cedf84798cbb10213418e24ea5a75a4301e23cf5c99fd8731,c:\Windows\System32\msdtcuiu.dll
msdtcuiu.dll,322048,3,195171848,1976-03-08T22:24:08.000Z,imports,gdi32.dll,SaveDC,1674982bd7340b13b16e275b84c9fc88,7f4ac27315c6376cedf84798cbb10213418e24ea5a75a4301e23cf5c99fd8731,c:\Windows\System32\msdtcuiu.dll
msdtcuiu.dll,322048,3,195171848,1976-03-08T22:24:08.000Z,imports,gdi32.dll,SetMapMode,1674982bd7340b13b16e275b84c9fc88,7f4ac27315c6376cedf84798cbb10213418e24ea5a75a4301e23cf5c99fd8731,c:\Windows\System32\msdtcuiu.dll
msdtcuiu.dll,322048,3,195171848,1976-03-08T22:24:08.000Z,imports,gdi32.dll,SetViewportOrgEx,1674982bd7340b13b16e275b84c9fc88,7f4ac27315c6376cedf84798cbb10213418e24ea5a75a4301e23cf5c99fd8731,c:\Windows\System32\msdtcuiu.dll
msdtcuiu.dll,322048,3,195171848,1976-03-08T22:24:08.000Z,imports,gdi32.dll,SetWindowExtEx,1674982bd7340b13b16e275b84c9fc88,7f4ac27315c6376cedf84798cbb10213418e24ea5a75a4301e23cf5c99fd8731,c:\Windows\System32\msdtcuiu.dll
msdtcuiu.dll,322048,3,195171848,1976-03-08T22:24:08.000Z,imports,gdi32.dll,SetWindowOrgEx,1674982bd7340b13b16e275b84c9fc88,7f4ac27315c6376cedf84798cbb10213418e24ea5a75a4301e23cf5c99fd8731,c:\Windows\System32\msdtcuiu.dll
msdtcuiu.dll,322048,3,195171848,1976-03-08T22:24:08.000Z,imports,msvcrt.dll,??0exception@@QEAA@AEBQEBD@Z,1674982bd7340b13b16e275b84c9fc88,7f4ac27315c6376cedf84798cbb10213418e24ea5a75a4301e23cf5c99fd8731,c:\Windows\System32\msdtcuiu.dll
msdtcuiu.dll,322048,3,195171848,1976-03-08T22:24:08.000Z,imports,msvcrt.dll,??0exception@@QEAA@AEBQEBDH@Z,1674982bd7340b13b16e275b84c9fc88,7f4ac27315c6376cedf84798cbb10213418e24ea5a75a4301e23cf5c99fd8731,c:\Windows\System32\msdtcuiu.dll
msdtcuiu.dll,322048,3,195171848,1976-03-08T22:24:08.000Z,imports,msvcrt.dll,??0exception@@QEAA@AEBV0@@Z,1674982bd7340b13b16e275b84c9fc88,7f4ac27315c6376cedf84798cbb10213418e24ea5a75a4301e23cf5c99fd8731,c:\Windows\System32\msdtcuiu.dll
msdtcuiu.dll,322048,3,195171848,1976-03-08T22:24:08.000Z,imports,msvcrt.dll,??1exception@@UEAA@XZ,1674982bd7340b13b16e275b84c9fc88,7f4ac27315c6376cedf84798cbb10213418e24ea5a75a4301e23cf5c99fd8731,c:\Windows\System32\msdtcuiu.dll
msdtcuiu.dll,322048,3,195171848,1976-03-08T22:24:08.000Z,imports,msvcrt.dll,??1type_info@@UEAA@XZ,1674982bd7340b13b16e275b84c9fc88,7f4ac27315c6376cedf84798cbb10213418e24ea5a75a4301e23cf5c99fd8731,c:\Windows\System32\msdtcuiu.dll
msdtcuiu.dll,322048,3,195171848,1976-03-08T22:24:08.000Z,imports,msvcrt.dll,??3@YAXPEAX@Z,1674982bd7340b13b16e275b84c9fc88,7f4ac27315c6376cedf84798cbb10213418e24ea5a75a4301e23cf5c99fd8731,c:\Windows\System32\msdtcuiu.dll
msdtcuiu.dll,322048,3,195171848,1976-03-08T22:24:08.000Z,imports,msvcrt.dll,??_V@YAXPEAX@Z,1674982bd7340b13b16e275b84c9fc88,7f4ac27315c6376cedf84798cbb10213418e24ea5a75a4301e23cf5c99fd8731,c:\Windows\System32\msdtcuiu.dll
msdtcuiu.dll,322048,3,195171848,1976-03-08T22:24:08.000Z,imports,msvcrt.dll,?terminate@@YAXXZ,1674982bd7340b13b16e275b84c9fc88,7f4ac27315c6376cedf84798cbb10213418e24ea5a75a4301e23cf5c99fd8731,c:\Windows\System32\msdtcuiu.dll
msdtcuiu.dll,322048,3,195171848,1976-03-08T22:24:08.000Z,imports,msvcrt.dll,?what@exception@@UEBAPEBDXZ,1674982bd7340b13b16e275b84c9fc88,7f4ac27315c6376cedf84798cbb10213418e24ea5a75a4301e23cf5c99fd8731,c:\Windows\System32\msdtcuiu.dll
msdtcuiu.dll,322048,3,195171848,1976-03-08T22:24:08.000Z,imports,msvcrt.dll,_CxxThrowException,1674982bd7340b13b16e275b84c9fc88,7f4ac27315c6376cedf84798cbb10213418e24ea5a75a4301e23cf5c99fd8731,c:\Windows\System32\msdtcuiu.dll
msdtcuiu.dll,322048,3,195171848,1976-03-08T22:24:08.000Z,imports,msvcrt.dll,_XcptFilter,1674982bd7340b13b16e275b84c9fc88,7f4ac27315c6376cedf84798cbb10213418e24ea5a75a4301e23cf5c99fd8731,c:\Windows\System32\msdtcuiu.dll
msdtcuiu.dll,322048,3,195171848,1976-03-08T22:24:08.000Z,imports,msvcrt.dll,__C_specific_handler,1674982bd7340b13b16e275b84c9fc88,7f4ac27315c6376cedf84798cbb10213418e24ea5a75a4301e23cf5c99fd8731,c:\Windows\System32\msdtcuiu.dll
msdtcuiu.dll,322048,3,195171848,1976-03-08T22:24:08.000Z,imports,msvcrt.dll,__CxxFrameHandler3,1674982bd7340b13b16e275b84c9fc88,7f4ac27315c6376cedf84798cbb10213418e24ea5a75a4301e23cf5c99fd8731,c:\Windows\System32\msdtcuiu.dll
msdtcuiu.dll,322048,3,195171848,1976-03-08T22:24:08.000Z,imports,msvcrt.dll,__dllonexit,1674982bd7340b13b16e275b84c9fc88,7f4ac27315c6376cedf84798cbb10213418e24ea5a75a4301e23cf5c99fd8731,c:\Windows\System32\msdtcuiu.dll
msdtcuiu.dll,322048,3,195171848,1976-03-08T22:24:08.000Z,imports,msvcrt.dll,_amsg_exit,1674982bd7340b13b16e275b84c9fc88,7f4ac27315c6376cedf84798cbb10213418e24ea5a75a4301e23cf5c99fd8731,c:\Windows\System32\msdtcuiu.dll
msdtcuiu.dll,322048,3,195171848,1976-03-08T22:24:08.000Z,imports,msvcrt.dll,_callnewh,1674982bd7340b13b16e275b84c9fc88,7f4ac27315c6376cedf84798cbb10213418e24ea5a75a4301e23cf5c99fd8731,c:\Windows\System32\msdtcuiu.dll
msdtcuiu.dll,322048,3,195171848,1976-03-08T22:24:08.000Z,imports,msvcrt.dll,_initterm,1674982bd7340b13b16e275b84c9fc88,7f4ac27315c6376cedf84798cbb10213418e24ea5a75a4301e23cf5c99fd8731,c:\Windows\System32\msdtcuiu.dll
msdtcuiu.dll,322048,3,195171848,1976-03-08T22:24:08.000Z,imports,msvcrt.dll,_local_unwind,1674982bd7340b13b16e275b84c9fc88,7f4ac27315c6376cedf84798cbb10213418e24ea5a75a4301e23cf5c99fd8731,c:\Windows\System32\msdtcuiu.dll
msdtcuiu.dll,322048,3,195171848,1976-03-08T22:24:08.000Z,imports,msvcrt.dll,_lock,1674982bd7340b13b16e275b84c9fc88,7f4ac27315c6376cedf84798cbb10213418e24ea5a75a4301e23cf5c99fd8731,c:\Windows\System32\msdtcuiu.dll
msdtcuiu.dll,322048,3,195171848,1976-03-08T22:24:08.000Z,imports,msvcrt.dll,_onexit,1674982bd7340b13b16e275b84c9fc88,7f4ac27315c6376cedf84798cbb10213418e24ea5a75a4301e23cf5c99fd8731,c:\Windows\System32\msdtcuiu.dll
msdtcuiu.dll,322048,3,195171848,1976-03-08T22:24:08.000Z,imports,msvcrt.dll,_purecall,1674982bd7340b13b16e275b84c9fc88,7f4ac27315c6376cedf84798cbb10213418e24ea5a75a4301e23cf5c99fd8731,c:\Windows\System32\msdtcuiu.dll
msdtcuiu.dll,322048,3,195171848,1976-03-08T22:24:08.000Z,imports,msvcrt.dll,_stricmp,1674982bd7340b13b16e275b84c9fc88,7f4ac27315c6376cedf84798cbb10213418e24ea5a75a4301e23cf5c99fd8731,c:\Windows\System32\msdtcuiu.dll
msdtcuiu.dll,322048,3,195171848,1976-03-08T22:24:08.000Z,imports,msvcrt.dll,_ultow,1674982bd7340b13b16e275b84c9fc88,7f4ac27315c6376cedf84798cbb10213418e24ea5a75a4301e23cf5c99fd8731,c:\Windows\System32\msdtcuiu.dll
msdtcuiu.dll,322048,3,195171848,1976-03-08T22:24:08.000Z,imports,msvcrt.dll,_unlock,1674982bd7340b13b16e275b84c9fc88,7f4ac27315c6376cedf84798cbb10213418e24ea5a75a4301e23cf5c99fd8731,c:\Windows\System32\msdtcuiu.dll
msdtcuiu.dll,322048,3,195171848,1976-03-08T22:24:08.000Z,imports,msvcrt.dll,_vsnprintf,1674982bd7340b13b16e275b84c9fc88,7f4ac27315c6376cedf84798cbb10213418e24ea5a75a4301e23cf5c99fd8731,c:\Windows\System32\msdtcuiu.dll
msdtcuiu.dll,322048,3,195171848,1976-03-08T22:24:08.000Z,imports,msvcrt.dll,_vsnwprintf,1674982bd7340b13b16e275b84c9fc88,7f4ac27315c6376cedf84798cbb10213418e24ea5a75a4301e23cf5c99fd8731,c:\Windows\System32\msdtcuiu.dll
msdtcuiu.dll,322048,3,195171848,1976-03-08T22:24:08.000Z,imports,msvcrt.dll,_waccess,1674982bd7340b13b16e275b84c9fc88,7f4ac27315c6376cedf84798cbb10213418e24ea5a75a4301e23cf5c99fd8731,c:\Windows\System32\msdtcuiu.dll
msdtcuiu.dll,322048,3,195171848,1976-03-08T22:24:08.000Z,imports,msvcrt.dll,_wcsicmp,1674982bd7340b13b16e275b84c9fc88,7f4ac27315c6376cedf84798cbb10213418e24ea5a75a4301e23cf5c99fd8731,c:\Windows\System32\msdtcuiu.dll
msdtcuiu.dll,322048,3,195171848,1976-03-08T22:24:08.000Z,imports,msvcrt.dll,_wcsnicmp,1674982bd7340b13b16e275b84c9fc88,7f4ac27315c6376cedf84798cbb10213418e24ea5a75a4301e23cf5c99fd8731,c:\Windows\System32\msdtcuiu.dll
msdtcuiu.dll,322048,3,195171848,1976-03-08T22:24:08.000Z,imports,msvcrt.dll,_wfopen,1674982bd7340b13b16e275b84c9fc88,7f4ac27315c6376cedf84798cbb10213418e24ea5a75a4301e23cf5c99fd8731,c:\Windows\System32\msdtcuiu.dll
msdtcuiu.dll,322048,3,195171848,1976-03-08T22:24:08.000Z,imports,msvcrt.dll,_wstrdate,1674982bd7340b13b16e275b84c9fc88,7f4ac27315c6376cedf84798cbb10213418e24ea5a75a4301e23cf5c99fd8731,c:\Windows\System32\msdtcuiu.dll
msdtcuiu.dll,322048,3,195171848,1976-03-08T22:24:08.000Z,imports,msvcrt.dll,_wstrtime,1674982bd7340b13b16e275b84c9fc88,7f4ac27315c6376cedf84798cbb10213418e24ea5a75a4301e23cf5c99fd8731,c:\Windows\System32\msdtcuiu.dll
msdtcuiu.dll,322048,3,195171848,1976-03-08T22:24:08.000Z,imports,msvcrt.dll,_wtoi,1674982bd7340b13b16e275b84c9fc88,7f4ac27315c6376cedf84798cbb10213418e24ea5a75a4301e23cf5c99fd8731,c:\Windows\System32\msdtcuiu.dll
msdtcuiu.dll,322048,3,195171848,1976-03-08T22:24:08.000Z,imports,msvcrt.dll,fclose,1674982bd7340b13b16e275b84c9fc88,7f4ac27315c6376cedf84798cbb10213418e24ea5a75a4301e23cf5c99fd8731,c:\Windows\System32\msdtcuiu.dll
msdtcuiu.dll,322048,3,195171848,1976-03-08T22:24:08.000Z,imports,msvcrt.dll,fflush,1674982bd7340b13b16e275b84c9fc88,7f4ac27315c6376cedf84798cbb10213418e24ea5a75a4301e23cf5c99fd8731,c:\Windows\System32\msdtcuiu.dll
msdtcuiu.dll,322048,3,195171848,1976-03-08T22:24:08.000Z,imports,msvcrt.dll,fopen,1674982bd7340b13b16e275b84c9fc88,7f4ac27315c6376cedf84798cbb10213418e24ea5a75a4301e23cf5c99fd8731,c:\Windows\System32\msdtcuiu.dll
msdtcuiu.dll,322048,3,195171848,1976-03-08T22:24:08.000Z,imports,msvcrt.dll,fprintf,1674982bd7340b13b16e275b84c9fc88,7f4ac27315c6376cedf84798cbb10213418e24ea5a75a4301e23cf5c99fd8731,c:\Windows\System32\msdtcuiu.dll
msdtcuiu.dll,322048,3,195171848,1976-03-08T22:24:08.000Z,imports,msvcrt.dll,free,1674982bd7340b13b16e275b84c9fc88,7f4ac27315c6376cedf84798cbb10213418e24ea5a75a4301e23cf5c99fd8731,c:\Windows\System32\msdtcuiu.dll
msdtcuiu.dll,322048,3,195171848,1976-03-08T22:24:08.000Z,imports,msvcrt.dll,fwprintf,1674982bd7340b13b16e275b84c9fc88,7f4ac27315c6376cedf84798cbb10213418e24ea5a75a4301e23cf5c99fd8731,c:\Windows\System32\msdtcuiu.dll
msdtcuiu.dll,322048,3,195171848,1976-03-08T22:24:08.000Z,imports,msvcrt.dll,iswdigit,1674982bd7340b13b16e275b84c9fc88,7f4ac27315c6376cedf84798cbb10213418e24ea5a75a4301e23cf5c99fd8731,c:\Windows\System32\msdtcuiu.dll
msdtcuiu.dll,322048,3,195171848,1976-03-08T22:24:08.000Z,imports,msvcrt.dll,malloc,1674982bd7340b13b16e275b84c9fc88,7f4ac27315c6376cedf84798cbb10213418e24ea5a75a4301e23cf5c99fd8731,c:\Windows\System32\msdtcuiu.dll
msdtcuiu.dll,322048,3,195171848,1976-03-08T22:24:08.000Z,imports,msvcrt.dll,mbstowcs,1674982bd7340b13b16e275b84c9fc88,7f4ac27315c6376cedf84798cbb10213418e24ea5a75a4301e23cf5c99fd8731,c:\Windows\System32\msdtcuiu.dll
msdtcuiu.dll,322048,3,195171848,1976-03-08T22:24:08.000Z,imports,msvcrt.dll,memcmp,1674982bd7340b13b16e275b84c9fc88,7f4ac27315c6376cedf84798cbb10213418e24ea5a75a4301e23cf5c99fd8731,c:\Windows\System32\msdtcuiu.dll
msdtcuiu.dll,322048,3,195171848,1976-03-08T22:24:08.000Z,imports,msvcrt.dll,memcpy,1674982bd7340b13b16e275b84c9fc88,7f4ac27315c6376cedf84798cbb10213418e24ea5a75a4301e23cf5c99fd8731,c:\Windows\System32\msdtcuiu.dll
msdtcuiu.dll,322048,3,195171848,1976-03-08T22:24:08.000Z,imports,msvcrt.dll,memmove,1674982bd7340b13b16e275b84c9fc88,7f4ac27315c6376cedf84798cbb10213418e24ea5a75a4301e23cf5c99fd8731,c:\Windows\System32\msdtcuiu.dll
msdtcuiu.dll,322048,3,195171848,1976-03-08T22:24:08.000Z,imports,msvcrt.dll,memset,1674982bd7340b13b16e275b84c9fc88,7f4ac27315c6376cedf84798cbb10213418e24ea5a75a4301e23cf5c99fd8731,c:\Windows\System32\msdtcuiu.dll
msdtcuiu.dll,322048,3,195171848,1976-03-08T22:24:08.000Z,imports,msvcrt.dll,strchr,1674982bd7340b13b16e275b84c9fc88,7f4ac27315c6376cedf84798cbb10213418e24ea5a75a4301e23cf5c99fd8731,c:\Windows\System32\msdtcuiu.dll
msdtcuiu.dll,322048,3,195171848,1976-03-08T22:24:08.000Z,imports,msvcrt.dll,wcschr,1674982bd7340b13b16e275b84c9fc88,7f4ac27315c6376cedf84798cbb10213418e24ea5a75a4301e23cf5c99fd8731,c:\Windows\System32\msdtcuiu.dll
msdtcuiu.dll,322048,3,195171848,1976-03-08T22:24:08.000Z,imports,msvcrt.dll,wcscmp,1674982bd7340b13b16e275b84c9fc88,7f4ac27315c6376cedf84798cbb10213418e24ea5a75a4301e23cf5c99fd8731,c:\Windows\System32\msdtcuiu.dll
msdtcuiu.dll,322048,3,195171848,1976-03-08T22:24:08.000Z,imports,msvcrt.dll,wcscpy_s,1674982bd7340b13b16e275b84c9fc88,7f4ac27315c6376cedf84798cbb10213418e24ea5a75a4301e23cf5c99fd8731,c:\Windows\System32\msdtcuiu.dll
msdtcuiu.dll,322048,3,195171848,1976-03-08T22:24:08.000Z,imports,msvcrt.dll,wcsrchr,1674982bd7340b13b16e275b84c9fc88,7f4ac27315c6376cedf84798cbb10213418e24ea5a75a4301e23cf5c99fd8731,c:\Windows\System32\msdtcuiu.dll
msdtcuiu.dll,322048,3,195171848,1976-03-08T22:24:08.000Z,imports,msvcrt.dll,wcstok,1674982bd7340b13b16e275b84c9fc88,7f4ac27315c6376cedf84798cbb10213418e24ea5a75a4301e23cf5c99fd8731,c:\Windows\System32\msdtcuiu.dll
msdtcuiu.dll,322048,3,195171848,1976-03-08T22:24:08.000Z,imports,msdtcprx.dll,CreateLegacyTmInstance,1674982bd7340b13b16e275b84c9fc88,7f4ac27315c6376cedf84798cbb10213418e24ea5a75a4301e23cf5c99fd8731,c:\Windows\System32\msdtcuiu.dll
msdtcuiu.dll,322048,3,195171848,1976-03-08T22:24:08.000Z,imports,msdtcprx.dll,CreateLocalTmInstance,1674982bd7340b13b16e275b84c9fc88,7f4ac27315c6376cedf84798cbb10213418e24ea5a75a4301e23cf5c99fd8731,c:\Windows\System32\msdtcuiu.dll
msdtcuiu.dll,322048,3,195171848,1976-03-08T22:24:08.000Z,imports,msdtcprx.dll,CreateTmInstanceForRemoteAdmin,1674982bd7340b13b16e275b84c9fc88,7f4ac27315c6376cedf84798cbb10213418e24ea5a75a4301e23cf5c99fd8731,c:\Windows\System32\msdtcuiu.dll
msdtcuiu.dll,322048,3,195171848,1976-03-08T22:24:08.000Z,imports,mtxclu.dll,FailedClusterAPIToEventLog,1674982bd7340b13b16e275b84c9fc88,7f4ac27315c6376cedf84798cbb10213418e24ea5a75a4301e23cf5c99fd8731,c:\Windows\System32\msdtcuiu.dll
msdtcuiu.dll,322048,3,195171848,1976-03-08T22:24:08.000Z,imports,mtxclu.dll,MtxCluCreateClusterTmInstance,1674982bd7340b13b16e275b84c9fc88,7f4ac27315c6376cedf84798cbb10213418e24ea5a75a4301e23cf5c99fd8731,c:\Windows\System32\msdtcuiu.dll
msdtcuiu.dll,322048,3,195171848,1976-03-08T22:24:08.000Z,imports,mtxclu.dll,MtxCluEnumerateDtcResources,1674982bd7340b13b16e275b84c9fc88,7f4ac27315c6376cedf84798cbb10213418e24ea5a75a4301e23cf5c99fd8731,c:\Windows\System32\msdtcuiu.dll
msdtcuiu.dll,322048,3,195171848,1976-03-08T22:24:08.000Z,imports,mtxclu.dll,MtxCluGetActiveClusterNode,1674982bd7340b13b16e275b84c9fc88,7f4ac27315c6376cedf84798cbb10213418e24ea5a75a4301e23cf5c99fd8731,c:\Windows\System32\msdtcuiu.dll
msdtcuiu.dll,322048,3,195171848,1976-03-08T22:24:08.000Z,imports,mtxclu.dll,MtxCluGetDTCVirtualServerNameW,1674982bd7340b13b16e275b84c9fc88,7f4ac27315c6376cedf84798cbb10213418e24ea5a75a4301e23cf5c99fd8731,c:\Windows\System32\msdtcuiu.dll
msdtcuiu.dll,322048,3,195171848,1976-03-08T22:24:08.000Z,imports,mtxclu.dll,MtxCluGetDefaultClusterResource,1674982bd7340b13b16e275b84c9fc88,7f4ac27315c6376cedf84798cbb10213418e24ea5a75a4301e23cf5c99fd8731,c:\Windows\System32\msdtcuiu.dll
msdtcuiu.dll,322048,3,195171848,1976-03-08T22:24:08.000Z,imports,mtxclu.dll,MtxCluGetDefaultClusterResourceNonAdmin,1674982bd7340b13b16e275b84c9fc88,7f4ac27315c6376cedf84798cbb10213418e24ea5a75a4301e23cf5c99fd8731,c:\Windows\System32\msdtcuiu.dll
msdtcuiu.dll,322048,3,195171848,1976-03-08T22:24:08.000Z,imports,mtxclu.dll,MtxCluGetNameFromResourceIdString,1674982bd7340b13b16e275b84c9fc88,7f4ac27315c6376cedf84798cbb10213418e24ea5a75a4301e23cf5c99fd8731,c:\Windows\System32\msdtcuiu.dll
msdtcuiu.dll,322048,3,195171848,1976-03-08T22:24:08.000Z,imports,mtxclu.dll,MtxCluGetNameFromResourceIdStringNonAdmin,1674982bd7340b13b16e275b84c9fc88,7f4ac27315c6376cedf84798cbb10213418e24ea5a75a4301e23cf5c99fd8731,c:\Windows\System32\msdtcuiu.dll
msdtcuiu.dll,322048,3,195171848,1976-03-08T22:24:08.000Z,imports,mtxclu.dll,MtxCluGetResourceIdStringFromName,1674982bd7340b13b16e275b84c9fc88,7f4ac27315c6376cedf84798cbb10213418e24ea5a75a4301e23cf5c99fd8731,c:\Windows\System32\msdtcuiu.dll
msdtcuiu.dll,322048,3,195171848,1976-03-08T22:24:08.000Z,imports,mtxclu.dll,MtxCluIsClusterPresentExW,1674982bd7340b13b16e275b84c9fc88,7f4ac27315c6376cedf84798cbb10213418e24ea5a75a4301e23cf5c99fd8731,c:\Windows\System32\msdtcuiu.dll
msdtcuiu.dll,322048,3,195171848,1976-03-08T22:24:08.000Z,imports,mtxclu.dll,MtxCluSetDefaultClusterResource,1674982bd7340b13b16e275b84c9fc88,7f4ac27315c6376cedf84798cbb10213418e24ea5a75a4301e23cf5c99fd8731,c:\Windows\System32\msdtcuiu.dll
msdtcuiu.dll,322048,3,195171848,1976-03-08T22:24:08.000Z,imports,mtxclu.dll,MtxCluVerifyLogPathInDependantDiskResource,1674982bd7340b13b16e275b84c9fc88,7f4ac27315c6376cedf84798cbb10213418e24ea5a75a4301e23cf5c99fd8731,c:\Windows\System32\msdtcuiu.dll
msdtcuiu.dll,322048,3,195171848,1976-03-08T22:24:08.000Z,imports,mtxclu.dll,MtxCluVerifyLogPathIsValidCSV,1674982bd7340b13b16e275b84c9fc88,7f4ac27315c6376cedf84798cbb10213418e24ea5a75a4301e23cf5c99fd8731,c:\Windows\System32\msdtcuiu.dll
msdtcuiu.dll,322048,3,195171848,1976-03-08T22:24:08.000Z,imports,clusapi.dll,CloseCluster,1674982bd7340b13b16e275b84c9fc88,7f4ac27315c6376cedf84798cbb10213418e24ea5a75a4301e23cf5c99fd8731,c:\Windows\System32\msdtcuiu.dll
msdtcuiu.dll,322048,3,195171848,1976-03-08T22:24:08.000Z,imports,clusapi.dll,CloseClusterResource,1674982bd7340b13b16e275b84c9fc88,7f4ac27315c6376cedf84798cbb10213418e24ea5a75a4301e23cf5c99fd8731,c:\Windows\System32\msdtcuiu.dll
msdtcuiu.dll,322048,3,195171848,1976-03-08T22:24:08.000Z,imports,clusapi.dll,ClusterCloseEnum,1674982bd7340b13b16e275b84c9fc88,7f4ac27315c6376cedf84798cbb10213418e24ea5a75a4301e23cf5c99fd8731,c:\Windows\System32\msdtcuiu.dll
msdtcuiu.dll,322048,3,195171848,1976-03-08T22:24:08.000Z,imports,clusapi.dll,ClusterOpenEnum,1674982bd7340b13b16e275b84c9fc88,7f4ac27315c6376cedf84798cbb10213418e24ea5a75a4301e23cf5c99fd8731,c:\Windows\System32\msdtcuiu.dll
msdtcuiu.dll,322048,3,195171848,1976-03-08T22:24:08.000Z,imports,clusapi.dll,ClusterResourceControl,1674982bd7340b13b16e275b84c9fc88,7f4ac27315c6376cedf84798cbb10213418e24ea5a75a4301e23cf5c99fd8731,c:\Windows\System32\msdtcuiu.dll
msdtcuiu.dll,322048,3,195171848,1976-03-08T22:24:08.000Z,imports,clusapi.dll,ClusterResourceTypeCloseEnum,1674982bd7340b13b16e275b84c9fc88,7f4ac27315c6376cedf84798cbb10213418e24ea5a75a4301e23cf5c99fd8731,c:\Windows\System32\msdtcuiu.dll
msdtcuiu.dll,322048,3,195171848,1976-03-08T22:24:08.000Z,imports,clusapi.dll,ClusterResourceTypeEnum,1674982bd7340b13b16e275b84c9fc88,7f4ac27315c6376cedf84798cbb10213418e24ea5a75a4301e23cf5c99fd8731,c:\Windows\System32\msdtcuiu.dll
msdtcuiu.dll,322048,3,195171848,1976-03-08T22:24:08.000Z,imports,clusapi.dll,ClusterResourceTypeGetEnumCount,1674982bd7340b13b16e275b84c9fc88,7f4ac27315c6376cedf84798cbb10213418e24ea5a75a4301e23cf5c99fd8731,c:\Windows\System32\msdtcuiu.dll
msdtcuiu.dll,322048,3,195171848,1976-03-08T22:24:08.000Z,imports,clusapi.dll,ClusterResourceTypeOpenEnum,1674982bd7340b13b16e275b84c9fc88,7f4ac27315c6376cedf84798cbb10213418e24ea5a75a4301e23cf5c99fd8731,c:\Windows\System32\msdtcuiu.dll
msdtcuiu.dll,322048,3,195171848,1976-03-08T22:24:08.000Z,imports,clusapi.dll,GetClusterResourceState,1674982bd7340b13b16e275b84c9fc88,7f4ac27315c6376cedf84798cbb10213418e24ea5a75a4301e23cf5c99fd8731,c:\Windows\System32\msdtcuiu.dll
msdtcuiu.dll,322048,3,195171848,1976-03-08T22:24:08.000Z,imports,clusapi.dll,GetNodeClusterState,1674982bd7340b13b16e275b84c9fc88,7f4ac27315c6376cedf84798cbb10213418e24ea5a75a4301e23cf5c99fd8731,c:\Windows\System32\msdtcuiu.dll
msdtcuiu.dll,322048,3,195171848,1976-03-08T22:24:08.000Z,imports,clusapi.dll,OpenClusterEx,1674982bd7340b13b16e275b84c9fc88,7f4ac27315c6376cedf84798cbb10213418e24ea5a75a4301e23cf5c99fd8731,c:\Windows\System32\msdtcuiu.dll
msdtcuiu.dll,322048,3,195171848,1976-03-08T22:24:08.000Z,imports,clusapi.dll,OpenClusterResourceEx,1674982bd7340b13b16e275b84c9fc88,7f4ac27315c6376cedf84798cbb10213418e24ea5a75a4301e23cf5c99fd8731,c:\Windows\System32\msdtcuiu.dll
msdtcuiu.dll,322048,3,195171848,1976-03-08T22:24:08.000Z,imports,shell32.dll,SHBrowseForFolderW,1674982bd7340b13b16e275b84c9fc88,7f4ac27315c6376cedf84798cbb10213418e24ea5a75a4301e23cf5c99fd8731,c:\Windows\System32\msdtcuiu.dll
msdtcuiu.dll,322048,3,195171848,1976-03-08T22:24:08.000Z,imports,shell32.dll,SHGetFileInfoW,1674982bd7340b13b16e275b84c9fc88,7f4ac27315c6376cedf84798cbb10213418e24ea5a75a4301e23cf5c99fd8731,c:\Windows\System32\msdtcuiu.dll
msdtcuiu.dll,322048,3,195171848,1976-03-08T22:24:08.000Z,imports,shell32.dll,SHGetPathFromIDListW,1674982bd7340b13b16e275b84c9fc88,7f4ac27315c6376cedf84798cbb10213418e24ea5a75a4301e23cf5c99fd8731,c:\Windows\System32\msdtcuiu.dll
msdtcuiu.dll,322048,3,195171848,1976-03-08T22:24:08.000Z,imports,resutils.dll,ResUtilFindSzProperty,1674982bd7340b13b16e275b84c9fc88,7f4ac27315c6376cedf84798cbb10213418e24ea5a75a4301e23cf5c99fd8731,c:\Windows\System32\msdtcuiu.dll
msdtcuiu.dll,322048,3,195171848,1976-03-08T22:24:08.000Z,imports,ntdll.dll,RtlCaptureContext,1674982bd7340b13b16e275b84c9fc88,7f4ac27315c6376cedf84798cbb10213418e24ea5a75a4301e23cf5c99fd8731,c:\Windows\System32\msdtcuiu.dll
msdtcuiu.dll,322048,3,195171848,1976-03-08T22:24:08.000Z,imports,ntdll.dll,RtlLookupFunctionEntry,1674982bd7340b13b16e275b84c9fc88,7f4ac27315c6376cedf84798cbb10213418e24ea5a75a4301e23cf5c99fd8731,c:\Windows\System32\msdtcuiu.dll
msdtcuiu.dll,322048,3,195171848,1976-03-08T22:24:08.000Z,imports,ntdll.dll,RtlNtStatusToDosError,1674982bd7340b13b16e275b84c9fc88,7f4ac27315c6376cedf84798cbb10213418e24ea5a75a4301e23cf5c99fd8731,c:\Windows\System32\msdtcuiu.dll
msdtcuiu.dll,322048,3,195171848,1976-03-08T22:24:08.000Z,imports,ntdll.dll,RtlReportException,1674982bd7340b13b16e275b84c9fc88,7f4ac27315c6376cedf84798cbb10213418e24ea5a75a4301e23cf5c99fd8731,c:\Windows\System32\msdtcuiu.dll
msdtcuiu.dll,322048,3,195171848,1976-03-08T22:24:08.000Z,imports,ntdll.dll,RtlVirtualUnwind,1674982bd7340b13b16e275b84c9fc88,7f4ac27315c6376cedf84798cbb10213418e24ea5a75a4301e23cf5c99fd8731,c:\Windows\System32\msdtcuiu.dll
msdtcuiu.dll,322048,3,195171848,1976-03-08T22:24:08.000Z,imports,api-ms-win-core-heap-l1-1-0.dll,GetProcessHeap,1674982bd7340b13b16e275b84c9fc88,7f4ac27315c6376cedf84798cbb10213418e24ea5a75a4301e23cf5c99fd8731,c:\Windows\System32\msdtcuiu.dll
msdtcuiu.dll,322048,3,195171848,1976-03-08T22:24:08.000Z,imports,api-ms-win-core-heap-l1-1-0.dll,HeapAlloc,1674982bd7340b13b16e275b84c9fc88,7f4ac27315c6376cedf84798cbb10213418e24ea5a75a4301e23cf5c99fd8731,c:\Windows\System32\msdtcuiu.dll
msdtcuiu.dll,322048,3,195171848,1976-03-08T22:24:08.000Z,imports,api-ms-win-core-heap-l1-1-0.dll,HeapFree,1674982bd7340b13b16e275b84c9fc88,7f4ac27315c6376cedf84798cbb10213418e24ea5a75a4301e23cf5c99fd8731,c:\Windows\System32\msdtcuiu.dll
msdtcuiu.dll,322048,3,195171848,1976-03-08T22:24:08.000Z,imports,api-ms-win-core-processthreads-l1-1-0.dll,CreateProcessW,1674982bd7340b13b16e275b84c9fc88,7f4ac27315c6376cedf84798cbb10213418e24ea5a75a4301e23cf5c99fd8731,c:\Windows\System32\msdtcuiu.dll
msdtcuiu.dll,322048,3,195171848,1976-03-08T22:24:08.000Z,imports,api-ms-win-core-processthreads-l1-1-0.dll,GetCurrentProcess,1674982bd7340b13b16e275b84c9fc88,7f4ac27315c6376cedf84798cbb10213418e24ea5a75a4301e23cf5c99fd8731,c:\Windows\System32\msdtcuiu.dll
msdtcuiu.dll,322048,3,195171848,1976-03-08T22:24:08.000Z,imports,api-ms-win-core-processthreads-l1-1-0.dll,GetCurrentProcessId,1674982bd7340b13b16e275b84c9fc88,7f4ac27315c6376cedf84798cbb10213418e24ea5a75a4301e23cf5c99fd8731,c:\Windows\System32\msdtcuiu.dll
msdtcuiu.dll,322048,3,195171848,1976-03-08T22:24:08.000Z,imports,api-ms-win-core-processthreads-l1-1-0.dll,GetCurrentThread,1674982bd7340b13b16e275b84c9fc88,7f4ac27315c6376cedf84798cbb10213418e24ea5a75a4301e23cf5c99fd8731,c:\Windows\System32\msdtcuiu.dll
msdtcuiu.dll,322048,3,195171848,1976-03-08T22:24:08.000Z,imports,api-ms-win-core-processthreads-l1-1-0.dll,GetCurrentThreadId,1674982bd7340b13b16e275b84c9fc88,7f4ac27315c6376cedf84798cbb10213418e24ea5a75a4301e23cf5c99fd8731,c:\Windows\System32\msdtcuiu.dll
msdtcuiu.dll,322048,3,195171848,1976-03-08T22:24:08.000Z,imports,api-ms-win-core-processthreads-l1-1-0.dll,GetExitCodeProcess,1674982bd7340b13b16e275b84c9fc88,7f4ac27315c6376cedf84798cbb10213418e24ea5a75a4301e23cf5c99fd8731,c:\Windows\System32\msdtcuiu.dll
msdtcuiu.dll,322048,3,195171848,1976-03-08T22:24:08.000Z,imports,api-ms-win-core-processthreads-l1-1-0.dll,OpenProcessToken,1674982bd7340b13b16e275b84c9fc88,7f4ac27315c6376cedf84798cbb10213418e24ea5a75a4301e23cf5c99fd8731,c:\Windows\System32\msdtcuiu.dll
msdtcuiu.dll,322048,3,195171848,1976-03-08T22:24:08.000Z,imports,api-ms-win-core-processthreads-l1-1-0.dll,OpenThreadToken,1674982bd7340b13b16e275b84c9fc88,7f4ac27315c6376cedf84798cbb10213418e24ea5a75a4301e23cf5c99fd8731,c:\Windows\System32\msdtcuiu.dll
msdtcuiu.dll,322048,3,195171848,1976-03-08T22:24:08.000Z,imports,api-ms-win-core-processthreads-l1-1-0.dll,SetThreadToken,1674982bd7340b13b16e275b84c9fc88,7f4ac27315c6376cedf84798cbb10213418e24ea5a75a4301e23cf5c99fd8731,c:\Windows\System32\msdtcuiu.dll
msdtcuiu.dll,322048,3,195171848,1976-03-08T22:24:08.000Z,imports,api-ms-win-core-processthreads-l1-1-0.dll,TerminateProcess,1674982bd7340b13b16e275b84c9fc88,7f4ac27315c6376cedf84798cbb10213418e24ea5a75a4301e23cf5c99fd8731,c:\Windows\System32\msdtcuiu.dll
msdtcuiu.dll,322048,3,195171848,1976-03-08T22:24:08.000Z,imports,api-ms-win-core-processthreads-l1-1-0.dll,TlsAlloc,1674982bd7340b13b16e275b84c9fc88,7f4ac27315c6376cedf84798cbb10213418e24ea5a75a4301e23cf5c99fd8731,c:\Windows\System32\msdtcuiu.dll
msdtcuiu.dll,322048,3,195171848,1976-03-08T22:24:08.000Z,imports,api-ms-win-core-processthreads-l1-1-0.dll,TlsFree,1674982bd7340b13b16e275b84c9fc88,7f4ac27315c6376cedf84798cbb10213418e24ea5a75a4301e23cf5c99fd8731,c:\Windows\System32\msdtcuiu.dll
msdtcuiu.dll,322048,3,195171848,1976-03-08T22:24:08.000Z,imports,api-ms-win-core-processthreads-l1-1-0.dll,TlsGetValue,1674982bd7340b13b16e275b84c9fc88,7f4ac27315c6376cedf84798cbb10213418e24ea5a75a4301e23cf5c99fd8731,c:\Windows\System32\msdtcuiu.dll
msdtcuiu.dll,322048,3,195171848,1976-03-08T22:24:08.000Z,imports,api-ms-win-core-util-l1-1-0.dll,DecodePointer,1674982bd7340b13b16e275b84c9fc88,7f4ac27315c6376cedf84798cbb10213418e24ea5a75a4301e23cf5c99fd8731,c:\Windows\System32\msdtcuiu.dll
msdtcuiu.dll,322048,3,195171848,1976-03-08T22:24:08.000Z,imports,api-ms-win-core-util-l1-1-0.dll,EncodePointer,1674982bd7340b13b16e275b84c9fc88,7f4ac27315c6376cedf84798cbb10213418e24ea5a75a4301e23cf5c99fd8731,c:\Windows\System32\msdtcuiu.dll
msdtcuiu.dll,322048,3,195171848,1976-03-08T22:24:08.000Z,imports,api-ms-win-core-processthreads-l1-1-1.dll,FlushInstructionCache,1674982bd7340b13b16e275b84c9fc88,7f4ac27315c6376cedf84798cbb10213418e24ea5a75a4301e23cf5c99fd8731,c:\Windows\System32\msdtcuiu.dll
msdtcuiu.dll,322048,3,195171848,1976-03-08T22:24:08.000Z,imports,api-ms-win-core-processthreads-l1-1-1.dll,GetThreadContext,1674982bd7340b13b16e275b84c9fc88,7f4ac27315c6376cedf84798cbb10213418e24ea5a75a4301e23cf5c99fd8731,c:\Windows\System32\msdtcuiu.dll
msdtcuiu.dll,322048,3,195171848,1976-03-08T22:24:08.000Z,imports,api-ms-win-core-interlocked-l1-1-0.dll,InterlockedPopEntrySList,1674982bd7340b13b16e275b84c9fc88,7f4ac27315c6376cedf84798cbb10213418e24ea5a75a4301e23cf5c99fd8731,c:\Windows\System32\msdtcuiu.dll
msdtcuiu.dll,322048,3,195171848,1976-03-08T22:24:08.000Z,imports,api-ms-win-core-interlocked-l1-1-0.dll,InterlockedPushEntrySList,1674982bd7340b13b16e275b84c9fc88,7f4ac27315c6376cedf84798cbb10213418e24ea5a75a4301e23cf5c99fd8731,c:\Windows\System32\msdtcuiu.dll
msdtcuiu.dll,322048,3,195171848,1976-03-08T22:24:08.000Z,imports,api-ms-win-core-synch-l1-2-0.dll,Sleep,1674982bd7340b13b16e275b84c9fc88,7f4ac27315c6376cedf84798cbb10213418e24ea5a75a4301e23cf5c99fd8731,c:\Windows\System32\msdtcuiu.dll
msdtcuiu.dll,322048,3,195171848,1976-03-08T22:24:08.000Z,imports,api-ms-win-core-profile-l1-1-0.dll,QueryPerformanceCounter,1674982bd7340b13b16e275b84c9fc88,7f4ac27315c6376cedf84798cbb10213418e24ea5a75a4301e23cf5c99fd8731,c:\Windows\System32\msdtcuiu.dll
msdtcuiu.dll,322048,3,195171848,1976-03-08T22:24:08.000Z,imports,api-ms-win-security-base-l1-1-0.dll,AdjustTokenPrivileges,1674982bd7340b13b16e275b84c9fc88,7f4ac27315c6376cedf84798cbb10213418e24ea5a75a4301e23cf5c99fd8731,c:\Windows\System32\msdtcuiu.dll
msdtcuiu.dll,322048,3,195171848,1976-03-08T22:24:08.000Z,imports,api-ms-win-security-base-l1-1-0.dll,AllocateAndInitializeSid,1674982bd7340b13b16e275b84c9fc88,7f4ac27315c6376cedf84798cbb10213418e24ea5a75a4301e23cf5c99fd8731,c:\Windows\System32\msdtcuiu.dll
msdtcuiu.dll,322048,3,195171848,1976-03-08T22:24:08.000Z,imports,api-ms-win-security-base-l1-1-0.dll,CheckTokenMembership,1674982bd7340b13b16e275b84c9fc88,7f4ac27315c6376cedf84798cbb10213418e24ea5a75a4301e23cf5c99fd8731,c:\Windows\System32\msdtcuiu.dll
msdtcuiu.dll,322048,3,195171848,1976-03-08T22:24:08.000Z,imports,api-ms-win-security-base-l1-1-0.dll,CopySid,1674982bd7340b13b16e275b84c9fc88,7f4ac27315c6376cedf84798cbb10213418e24ea5a75a4301e23cf5c99fd8731,c:\Windows\System32\msdtcuiu.dll
msdtcuiu.dll,322048,3,195171848,1976-03-08T22:24:08.000Z,imports,api-ms-win-security-base-l1-1-0.dll,DuplicateTokenEx,1674982bd7340b13b16e275b84c9fc88,7f4ac27315c6376cedf84798cbb10213418e24ea5a75a4301e23cf5c99fd8731,c:\Windows\System32\msdtcuiu.dll
msdtcuiu.dll,322048,3,195171848,1976-03-08T22:24:08.000Z,imports,api-ms-win-security-base-l1-1-0.dll,FreeSid,1674982bd7340b13b16e275b84c9fc88,7f4ac27315c6376cedf84798cbb10213418e24ea5a75a4301e23cf5c99fd8731,c:\Windows\System32\msdtcuiu.dll
msdtcuiu.dll,322048,3,195171848,1976-03-08T22:24:08.000Z,imports,api-ms-win-security-base-l1-1-0.dll,GetLengthSid,1674982bd7340b13b16e275b84c9fc88,7f4ac27315c6376cedf84798cbb10213418e24ea5a75a4301e23cf5c99fd8731,c:\Windows\System32\msdtcuiu.dll
msdtcuiu.dll,322048,3,195171848,1976-03-08T22:24:08.000Z,imports,api-ms-win-security-base-l1-1-0.dll,GetSecurityDescriptorDacl,1674982bd7340b13b16e275b84c9fc88,7f4ac27315c6376cedf84798cbb10213418e24ea5a75a4301e23cf5c99fd8731,c:\Windows\System32\msdtcuiu.dll
msdtcuiu.dll,322048,3,195171848,1976-03-08T22:24:08.000Z,imports,api-ms-win-security-base-l1-1-0.dll,GetSecurityDescriptorGroup,1674982bd7340b13b16e275b84c9fc88,7f4ac27315c6376cedf84798cbb10213418e24ea5a75a4301e23cf5c99fd8731,c:\Windows\System32\msdtcuiu.dll
msdtcuiu.dll,322048,3,195171848,1976-03-08T22:24:08.000Z,imports,api-ms-win-security-base-l1-1-0.dll,GetSecurityDescriptorOwner,1674982bd7340b13b16e275b84c9fc88,7f4ac27315c6376cedf84798cbb10213418e24ea5a75a4301e23cf5c99fd8731,c:\Windows\System32\msdtcuiu.dll
msdtcuiu.dll,322048,3,195171848,1976-03-08T22:24:08.000Z,imports,api-ms-win-security-base-l1-1-0.dll,GetSecurityDescriptorSacl,1674982bd7340b13b16e275b84c9fc88,7f4ac27315c6376cedf84798cbb10213418e24ea5a75a4301e23cf5c99fd8731,c:\Windows\System32\msdtcuiu.dll
msdtcuiu.dll,322048,3,195171848,1976-03-08T22:24:08.000Z,imports,api-ms-win-security-base-l1-1-0.dll,GetSidLengthRequired,1674982bd7340b13b16e275b84c9fc88,7f4ac27315c6376cedf84798cbb10213418e24ea5a75a4301e23cf5c99fd8731,c:\Windows\System32\msdtcuiu.dll
msdtcuiu.dll,322048,3,195171848,1976-03-08T22:24:08.000Z,imports,api-ms-win-security-base-l1-1-0.dll,GetTokenInformation,1674982bd7340b13b16e275b84c9fc88,7f4ac27315c6376cedf84798cbb10213418e24ea5a75a4301e23cf5c99fd8731,c:\Windows\System32\msdtcuiu.dll
msdtcuiu.dll,322048,3,195171848,1976-03-08T22:24:08.000Z,imports,api-ms-win-security-base-l1-1-0.dll,IsWellKnownSid,1674982bd7340b13b16e275b84c9fc88,7f4ac27315c6376cedf84798cbb10213418e24ea5a75a4301e23cf5c99fd8731,c:\Windows\System32\msdtcuiu.dll
msdtcuiu.dll,322048,3,195171848,1976-03-08T22:24:08.000Z,imports,api-ms-win-service-management-l2-1-0.dll,QueryServiceConfigW,1674982bd7340b13b16e275b84c9fc88,7f4ac27315c6376cedf84798cbb10213418e24ea5a75a4301e23cf5c99fd8731,c:\Windows\System32\msdtcuiu.dll
msdtcuiu.dll,322048,3,195171848,1976-03-08T22:24:08.000Z,imports,api-ms-win-security-lsalookup-l2-1-0.dll,LookupAccountNameW,1674982bd7340b13b16e275b84c9fc88,7f4ac27315c6376cedf84798cbb10213418e24ea5a75a4301e23cf5c99fd8731,c:\Windows\System32\msdtcuiu.dll
msdtcuiu.dll,322048,3,195171848,1976-03-08T22:24:08.000Z,imports,api-ms-win-security-sddl-l1-1-0.dll,ConvertStringSecurityDescriptorToSecurityDescriptorW,1674982bd7340b13b16e275b84c9fc88,7f4ac27315c6376cedf84798cbb10213418e24ea5a75a4301e23cf5c99fd8731,c:\Windows\System32\msdtcuiu.dll
msdtcuiu.dll,322048,3,195171848,1976-03-08T22:24:08.000Z,imports,api-ms-win-core-string-l1-1-0.dll,CompareStringW,1674982bd7340b13b16e275b84c9fc88,7f4ac27315c6376cedf84798cbb10213418e24ea5a75a4301e23cf5c99fd8731,c:\Windows\System32\msdtcuiu.dll
msdtcuiu.dll,322048,3,195171848,1976-03-08T22:24:08.000Z,imports,api-ms-win-core-string-l1-1-0.dll,MultiByteToWideChar,1674982bd7340b13b16e275b84c9fc88,7f4ac27315c6376cedf84798cbb10213418e24ea5a75a4301e23cf5c99fd8731,c:\Windows\System32\msdtcuiu.dll
msdtcuiu.dll,322048,3,195171848,1976-03-08T22:24:08.000Z,imports,api-ms-win-core-processenvironment-l1-1-0.dll,ExpandEnvironmentStringsA,1674982bd7340b13b16e275b84c9fc88,7f4ac27315c6376cedf84798cbb10213418e24ea5a75a4301e23cf5c99fd8731,c:\Windows\System32\msdtcuiu.dll
msdtcuiu.dll,322048,3,195171848,1976-03-08T22:24:08.000Z,imports,api-ms-win-core-processenvironment-l1-1-0.dll,ExpandEnvironmentStringsW,1674982bd7340b13b16e275b84c9fc88,7f4ac27315c6376cedf84798cbb10213418e24ea5a75a4301e23cf5c99fd8731,c:\Windows\System32\msdtcuiu.dll
msdtcuiu.dll,322048,3,195171848,1976-03-08T22:24:08.000Z,imports,api-ms-win-core-processenvironment-l1-1-0.dll,GetCommandLineA,1674982bd7340b13b16e275b84c9fc88,7f4ac27315c6376cedf84798cbb10213418e24ea5a75a4301e23cf5c99fd8731,c:\Windows\System32\msdtcuiu.dll
msdtcuiu.dll,322048,3,195171848,1976-03-08T22:24:08.000Z,imports,api-ms-win-core-psapi-l1-1-0.dll,QueryFullProcessImageNameW,1674982bd7340b13b16e275b84c9fc88,7f4ac27315c6376cedf84798cbb10213418e24ea5a75a4301e23cf5c99fd8731,c:\Windows\System32\msdtcuiu.dll
msdtcuiu.dll,322048,3,195171848,1976-03-08T22:24:08.000Z,imports,api-ms-win-eventing-classicprovider-l1-1-0.dll,UnregisterTraceGuids,1674982bd7340b13b16e275b84c9fc88,7f4ac27315c6376cedf84798cbb10213418e24ea5a75a4301e23cf5c99fd8731,c:\Windows\System32\msdtcuiu.dll
msdtcuiu.dll,322048,3,195171848,1976-03-08T22:24:08.000Z,imports,api-ms-win-eventing-controller-l1-1-0.dll,StartTraceW,1674982bd7340b13b16e275b84c9fc88,7f4ac27315c6376cedf84798cbb10213418e24ea5a75a4301e23cf5c99fd8731,c:\Windows\System32\msdtcuiu.dll
msdtcuiu.dll,322048,3,195171848,1976-03-08T22:24:08.000Z,imports,api-ms-win-eventing-controller-l1-1-0.dll,StopTraceW,1674982bd7340b13b16e275b84c9fc88,7f4ac27315c6376cedf84798cbb10213418e24ea5a75a4301e23cf5c99fd8731,c:\Windows\System32\msdtcuiu.dll
msdtcuiu.dll,322048,3,195171848,1976-03-08T22:24:08.000Z,imports,api-ms-win-core-version-l1-1-0.dll,VerQueryValueW,1674982bd7340b13b16e275b84c9fc88,7f4ac27315c6376cedf84798cbb10213418e24ea5a75a4301e23cf5c99fd8731,c:\Windows\System32\msdtcuiu.dll
msdtcuiu.dll,322048,3,195171848,1976-03-08T22:24:08.000Z,imports,api-ms-win-core-string-obsolete-l1-1-0.dll,lstrcmpiW,1674982bd7340b13b16e275b84c9fc88,7f4ac27315c6376cedf84798cbb10213418e24ea5a75a4301e23cf5c99fd8731,c:\Windows\System32\msdtcuiu.dll
msdtcuiu.dll,322048,3,195171848,1976-03-08T22:24:08.000Z,imports,api-ms-win-security-lsapolicy-l1-1-0.dll,LsaClose,1674982bd7340b13b16e275b84c9fc88,7f4ac27315c6376cedf84798cbb10213418e24ea5a75a4301e23cf5c99fd8731,c:\Windows\System32\msdtcuiu.dll
msdtcuiu.dll,322048,3,195171848,1976-03-08T22:24:08.000Z,exports,msdtcuiu.dll,DllGetClassObject,1674982bd7340b13b16e275b84c9fc88,7f4ac27315c6376cedf84798cbb10213418e24ea5a75a4301e23cf5c99fd8731,c:\Windows\System32\msdtcuiu.dll
msdtcuiu.dll,322048,3,195171848,1976-03-08T22:24:08.000Z,exports,msdtcuiu.dll,DllRegisterServer,1674982bd7340b13b16e275b84c9fc88,7f4ac27315c6376cedf84798cbb10213418e24ea5a75a4301e23cf5c99fd8731,c:\Windows\System32\msdtcuiu.dll
msdtcuiu.dll,322048,3,195171848,1976-03-08T22:24:08.000Z,exports,msdtcuiu.dll,DllUnregisterServer,1674982bd7340b13b16e275b84c9fc88,7f4ac27315c6376cedf84798cbb10213418e24ea5a75a4301e23cf5c99fd8731,c:\Windows\System32\msdtcuiu.dll
msdtcuiu.dll,322048,3,195171848,1976-03-08T22:24:08.000Z,exports,msdtcuiu.dll,DtcPerfClose,1674982bd7340b13b16e275b84c9fc88,7f4ac27315c6376cedf84798cbb10213418e24ea5a75a4301e23cf5c99fd8731,c:\Windows\System32\msdtcuiu.dll
msdtcuiu.dll,322048,3,195171848,1976-03-08T22:24:08.000Z,exports,msdtcuiu.dll,DtcPerfCollect,1674982bd7340b13b16e275b84c9fc88,7f4ac27315c6376cedf84798cbb10213418e24ea5a75a4301e23cf5c99fd8731,c:\Windows\System32\msdtcuiu.dll
msdtcuiu.dll,322048,3,195171848,1976-03-08T22:24:08.000Z,exports,msdtcuiu.dll,DtcPerfOpen,1674982bd7340b13b16e275b84c9fc88,7f4ac27315c6376cedf84798cbb10213418e24ea5a75a4301e23cf5c99fd8731,c:\Windows\System32\msdtcuiu.dll
msdtcuiu.dll,322048,3,195171848,1976-03-08T22:24:08.000Z,exports,msdtcuiu.dll,PerfDllRegisterServer,1674982bd7340b13b16e275b84c9fc88,7f4ac27315c6376cedf84798cbb10213418e24ea5a75a4301e23cf5c99fd8731,c:\Windows\System32\msdtcuiu.dll
