PhonePlatformAbstraction.dll,78848,3,3522912809,2081-08-20T10:53:29.000Z,imports,api-ms-win-crt-string-l1-1-0.dll,memset,fbe5d4fa63045e05856ebf7bff484b2e,5da0bd05d38e2bd4a63d4f15567a6dcff087d2f0bf6f4ca2d6b0e8228e119246,c:\Windows\WinSxS\wow64_microsoft-windows-t..ormabstractionlayer_31bf3856ad364e35_10.0.18362.1_none_c1f12c72cefdb984\PhonePlatformAbstraction.dll
PhonePlatformAbstraction.dll,78848,3,3522912809,2081-08-20T10:53:29.000Z,imports,api-ms-win-crt-runtime-l1-1-0.dll,_initterm,fbe5d4fa63045e05856ebf7bff484b2e,5da0bd05d38e2bd4a63d4f15567a6dcff087d2f0bf6f4ca2d6b0e8228e119246,c:\Windows\WinSxS\wow64_microsoft-windows-t..ormabstractionlayer_31bf3856ad364e35_10.0.18362.1_none_c1f12c72cefdb984\PhonePlatformAbstraction.dll
PhonePlatformAbstraction.dll,78848,3,3522912809,2081-08-20T10:53:29.000Z,imports,api-ms-win-crt-runtime-l1-1-0.dll,_initterm_e,fbe5d4fa63045e05856ebf7bff484b2e,5da0bd05d38e2bd4a63d4f15567a6dcff087d2f0bf6f4ca2d6b0e8228e119246,c:\Windows\WinSxS\wow64_microsoft-windows-t..ormabstractionlayer_31bf3856ad364e35_10.0.18362.1_none_c1f12c72cefdb984\PhonePlatformAbstraction.dll
PhonePlatformAbstraction.dll,78848,3,3522912809,2081-08-20T10:53:29.000Z,imports,api-ms-win-crt-private-l1-1-0.dll,_CxxThrowException,fbe5d4fa63045e05856ebf7bff484b2e,5da0bd05d38e2bd4a63d4f15567a6dcff087d2f0bf6f4ca2d6b0e8228e119246,c:\Windows\WinSxS\wow64_microsoft-windows-t..ormabstractionlayer_31bf3856ad364e35_10.0.18362.1_none_c1f12c72cefdb984\PhonePlatformAbstraction.dll
PhonePlatformAbstraction.dll,78848,3,3522912809,2081-08-20T10:53:29.000Z,imports,api-ms-win-crt-private-l1-1-0.dll,__CxxFrameHandler3,fbe5d4fa63045e05856ebf7bff484b2e,5da0bd05d38e2bd4a63d4f15567a6dcff087d2f0bf6f4ca2d6b0e8228e119246,c:\Windows\WinSxS\wow64_microsoft-windows-t..ormabstractionlayer_31bf3856ad364e35_10.0.18362.1_none_c1f12c72cefdb984\PhonePlatformAbstraction.dll
PhonePlatformAbstraction.dll,78848,3,3522912809,2081-08-20T10:53:29.000Z,imports,api-ms-win-crt-private-l1-1-0.dll,__std_terminate,fbe5d4fa63045e05856ebf7bff484b2e,5da0bd05d38e2bd4a63d4f15567a6dcff087d2f0bf6f4ca2d6b0e8228e119246,c:\Windows\WinSxS\wow64_microsoft-windows-t..ormabstractionlayer_31bf3856ad364e35_10.0.18362.1_none_c1f12c72cefdb984\PhonePlatformAbstraction.dll
PhonePlatformAbstraction.dll,78848,3,3522912809,2081-08-20T10:53:29.000Z,imports,api-ms-win-crt-private-l1-1-0.dll,_except_handler4_common,fbe5d4fa63045e05856ebf7bff484b2e,5da0bd05d38e2bd4a63d4f15567a6dcff087d2f0bf6f4ca2d6b0e8228e119246,c:\Windows\WinSxS\wow64_microsoft-windows-t..ormabstractionlayer_31bf3856ad364e35_10.0.18362.1_none_c1f12c72cefdb984\PhonePlatformAbstraction.dll
PhonePlatformAbstraction.dll,78848,3,3522912809,2081-08-20T10:53:29.000Z,imports,api-ms-win-crt-private-l1-1-0.dll,_o___std_exception_copy,fbe5d4fa63045e05856ebf7bff484b2e,5da0bd05d38e2bd4a63d4f15567a6dcff087d2f0bf6f4ca2d6b0e8228e119246,c:\Windows\WinSxS\wow64_microsoft-windows-t..ormabstractionlayer_31bf3856ad364e35_10.0.18362.1_none_c1f12c72cefdb984\PhonePlatformAbstraction.dll
PhonePlatformAbstraction.dll,78848,3,3522912809,2081-08-20T10:53:29.000Z,imports,api-ms-win-crt-private-l1-1-0.dll,_o___std_exception_destroy,fbe5d4fa63045e05856ebf7bff484b2e,5da0bd05d38e2bd4a63d4f15567a6dcff087d2f0bf6f4ca2d6b0e8228e119246,c:\Windows\WinSxS\wow64_microsoft-windows-t..ormabstractionlayer_31bf3856ad364e35_10.0.18362.1_none_c1f12c72cefdb984\PhonePlatformAbstraction.dll
PhonePlatformAbstraction.dll,78848,3,3522912809,2081-08-20T10:53:29.000Z,imports,api-ms-win-crt-private-l1-1-0.dll,_o___std_type_info_destroy_list,fbe5d4fa63045e05856ebf7bff484b2e,5da0bd05d38e2bd4a63d4f15567a6dcff087d2f0bf6f4ca2d6b0e8228e119246,c:\Windows\WinSxS\wow64_microsoft-windows-t..ormabstractionlayer_31bf3856ad364e35_10.0.18362.1_none_c1f12c72cefdb984\PhonePlatformAbstraction.dll
PhonePlatformAbstraction.dll,78848,3,3522912809,2081-08-20T10:53:29.000Z,imports,api-ms-win-crt-private-l1-1-0.dll,_o___stdio_common_vsnprintf_s,fbe5d4fa63045e05856ebf7bff484b2e,5da0bd05d38e2bd4a63d4f15567a6dcff087d2f0bf6f4ca2d6b0e8228e119246,c:\Windows\WinSxS\wow64_microsoft-windows-t..ormabstractionlayer_31bf3856ad364e35_10.0.18362.1_none_c1f12c72cefdb984\PhonePlatformAbstraction.dll
PhonePlatformAbstraction.dll,78848,3,3522912809,2081-08-20T10:53:29.000Z,imports,api-ms-win-crt-private-l1-1-0.dll,_o___stdio_common_vswprintf,fbe5d4fa63045e05856ebf7bff484b2e,5da0bd05d38e2bd4a63d4f15567a6dcff087d2f0bf6f4ca2d6b0e8228e119246,c:\Windows\WinSxS\wow64_microsoft-windows-t..ormabstractionlayer_31bf3856ad364e35_10.0.18362.1_none_c1f12c72cefdb984\PhonePlatformAbstraction.dll
PhonePlatformAbstraction.dll,78848,3,3522912809,2081-08-20T10:53:29.000Z,imports,api-ms-win-crt-private-l1-1-0.dll,_o__callnewh,fbe5d4fa63045e05856ebf7bff484b2e,5da0bd05d38e2bd4a63d4f15567a6dcff087d2f0bf6f4ca2d6b0e8228e119246,c:\Windows\WinSxS\wow64_microsoft-windows-t..ormabstractionlayer_31bf3856ad364e35_10.0.18362.1_none_c1f12c72cefdb984\PhonePlatformAbstraction.dll
PhonePlatformAbstraction.dll,78848,3,3522912809,2081-08-20T10:53:29.000Z,imports,api-ms-win-crt-private-l1-1-0.dll,_o__cexit,fbe5d4fa63045e05856ebf7bff484b2e,5da0bd05d38e2bd4a63d4f15567a6dcff087d2f0bf6f4ca2d6b0e8228e119246,c:\Windows\WinSxS\wow64_microsoft-windows-t..ormabstractionlayer_31bf3856ad364e35_10.0.18362.1_none_c1f12c72cefdb984\PhonePlatformAbstraction.dll
PhonePlatformAbstraction.dll,78848,3,3522912809,2081-08-20T10:53:29.000Z,imports,api-ms-win-crt-private-l1-1-0.dll,_o__configure_narrow_argv,fbe5d4fa63045e05856ebf7bff484b2e,5da0bd05d38e2bd4a63d4f15567a6dcff087d2f0bf6f4ca2d6b0e8228e119246,c:\Windows\WinSxS\wow64_microsoft-windows-t..ormabstractionlayer_31bf3856ad364e35_10.0.18362.1_none_c1f12c72cefdb984\PhonePlatformAbstraction.dll
PhonePlatformAbstraction.dll,78848,3,3522912809,2081-08-20T10:53:29.000Z,imports,api-ms-win-crt-private-l1-1-0.dll,_o__crt_atexit,fbe5d4fa63045e05856ebf7bff484b2e,5da0bd05d38e2bd4a63d4f15567a6dcff087d2f0bf6f4ca2d6b0e8228e119246,c:\Windows\WinSxS\wow64_microsoft-windows-t..ormabstractionlayer_31bf3856ad364e35_10.0.18362.1_none_c1f12c72cefdb984\PhonePlatformAbstraction.dll
PhonePlatformAbstraction.dll,78848,3,3522912809,2081-08-20T10:53:29.000Z,imports,api-ms-win-crt-private-l1-1-0.dll,_o__errno,fbe5d4fa63045e05856ebf7bff484b2e,5da0bd05d38e2bd4a63d4f15567a6dcff087d2f0bf6f4ca2d6b0e8228e119246,c:\Windows\WinSxS\wow64_microsoft-windows-t..ormabstractionlayer_31bf3856ad364e35_10.0.18362.1_none_c1f12c72cefdb984\PhonePlatformAbstraction.dll
PhonePlatformAbstraction.dll,78848,3,3522912809,2081-08-20T10:53:29.000Z,imports,api-ms-win-crt-private-l1-1-0.dll,_o__execute_onexit_table,fbe5d4fa63045e05856ebf7bff484b2e,5da0bd05d38e2bd4a63d4f15567a6dcff087d2f0bf6f4ca2d6b0e8228e119246,c:\Windows\WinSxS\wow64_microsoft-windows-t..ormabstractionlayer_31bf3856ad364e35_10.0.18362.1_none_c1f12c72cefdb984\PhonePlatformAbstraction.dll
PhonePlatformAbstraction.dll,78848,3,3522912809,2081-08-20T10:53:29.000Z,imports,api-ms-win-crt-private-l1-1-0.dll,_o__initialize_narrow_environment,fbe5d4fa63045e05856ebf7bff484b2e,5da0bd05d38e2bd4a63d4f15567a6dcff087d2f0bf6f4ca2d6b0e8228e119246,c:\Windows\WinSxS\wow64_microsoft-windows-t..ormabstractionlayer_31bf3856ad364e35_10.0.18362.1_none_c1f12c72cefdb984\PhonePlatformAbstraction.dll
PhonePlatformAbstraction.dll,78848,3,3522912809,2081-08-20T10:53:29.000Z,imports,api-ms-win-crt-private-l1-1-0.dll,_o__initialize_onexit_table,fbe5d4fa63045e05856ebf7bff484b2e,5da0bd05d38e2bd4a63d4f15567a6dcff087d2f0bf6f4ca2d6b0e8228e119246,c:\Windows\WinSxS\wow64_microsoft-windows-t..ormabstractionlayer_31bf3856ad364e35_10.0.18362.1_none_c1f12c72cefdb984\PhonePlatformAbstraction.dll
PhonePlatformAbstraction.dll,78848,3,3522912809,2081-08-20T10:53:29.000Z,imports,api-ms-win-crt-private-l1-1-0.dll,_o__invalid_parameter_noinfo,fbe5d4fa63045e05856ebf7bff484b2e,5da0bd05d38e2bd4a63d4f15567a6dcff087d2f0bf6f4ca2d6b0e8228e119246,c:\Windows\WinSxS\wow64_microsoft-windows-t..ormabstractionlayer_31bf3856ad364e35_10.0.18362.1_none_c1f12c72cefdb984\PhonePlatformAbstraction.dll
PhonePlatformAbstraction.dll,78848,3,3522912809,2081-08-20T10:53:29.000Z,imports,api-ms-win-crt-private-l1-1-0.dll,_o__invalid_parameter_noinfo_noreturn,fbe5d4fa63045e05856ebf7bff484b2e,5da0bd05d38e2bd4a63d4f15567a6dcff087d2f0bf6f4ca2d6b0e8228e119246,c:\Windows\WinSxS\wow64_microsoft-windows-t..ormabstractionlayer_31bf3856ad364e35_10.0.18362.1_none_c1f12c72cefdb984\PhonePlatformAbstraction.dll
PhonePlatformAbstraction.dll,78848,3,3522912809,2081-08-20T10:53:29.000Z,imports,api-ms-win-crt-private-l1-1-0.dll,_o__purecall,fbe5d4fa63045e05856ebf7bff484b2e,5da0bd05d38e2bd4a63d4f15567a6dcff087d2f0bf6f4ca2d6b0e8228e119246,c:\Windows\WinSxS\wow64_microsoft-windows-t..ormabstractionlayer_31bf3856ad364e35_10.0.18362.1_none_c1f12c72cefdb984\PhonePlatformAbstraction.dll
PhonePlatformAbstraction.dll,78848,3,3522912809,2081-08-20T10:53:29.000Z,imports,api-ms-win-crt-private-l1-1-0.dll,_o__recalloc,fbe5d4fa63045e05856ebf7bff484b2e,5da0bd05d38e2bd4a63d4f15567a6dcff087d2f0bf6f4ca2d6b0e8228e119246,c:\Windows\WinSxS\wow64_microsoft-windows-t..ormabstractionlayer_31bf3856ad364e35_10.0.18362.1_none_c1f12c72cefdb984\PhonePlatformAbstraction.dll
PhonePlatformAbstraction.dll,78848,3,3522912809,2081-08-20T10:53:29.000Z,imports,api-ms-win-crt-private-l1-1-0.dll,_o__register_onexit_function,fbe5d4fa63045e05856ebf7bff484b2e,5da0bd05d38e2bd4a63d4f15567a6dcff087d2f0bf6f4ca2d6b0e8228e119246,c:\Windows\WinSxS\wow64_microsoft-windows-t..ormabstractionlayer_31bf3856ad364e35_10.0.18362.1_none_c1f12c72cefdb984\PhonePlatformAbstraction.dll
PhonePlatformAbstraction.dll,78848,3,3522912809,2081-08-20T10:53:29.000Z,imports,api-ms-win-crt-private-l1-1-0.dll,_o__seh_filter_dll,fbe5d4fa63045e05856ebf7bff484b2e,5da0bd05d38e2bd4a63d4f15567a6dcff087d2f0bf6f4ca2d6b0e8228e119246,c:\Windows\WinSxS\wow64_microsoft-windows-t..ormabstractionlayer_31bf3856ad364e35_10.0.18362.1_none_c1f12c72cefdb984\PhonePlatformAbstraction.dll
PhonePlatformAbstraction.dll,78848,3,3522912809,2081-08-20T10:53:29.000Z,imports,api-ms-win-crt-private-l1-1-0.dll,_o_free,fbe5d4fa63045e05856ebf7bff484b2e,5da0bd05d38e2bd4a63d4f15567a6dcff087d2f0bf6f4ca2d6b0e8228e119246,c:\Windows\WinSxS\wow64_microsoft-windows-t..ormabstractionlayer_31bf3856ad364e35_10.0.18362.1_none_c1f12c72cefdb984\PhonePlatformAbstraction.dll
PhonePlatformAbstraction.dll,78848,3,3522912809,2081-08-20T10:53:29.000Z,imports,api-ms-win-crt-private-l1-1-0.dll,_o_malloc,fbe5d4fa63045e05856ebf7bff484b2e,5da0bd05d38e2bd4a63d4f15567a6dcff087d2f0bf6f4ca2d6b0e8228e119246,c:\Windows\WinSxS\wow64_microsoft-windows-t..ormabstractionlayer_31bf3856ad364e35_10.0.18362.1_none_c1f12c72cefdb984\PhonePlatformAbstraction.dll
PhonePlatformAbstraction.dll,78848,3,3522912809,2081-08-20T10:53:29.000Z,imports,api-ms-win-crt-private-l1-1-0.dll,_o_terminate,fbe5d4fa63045e05856ebf7bff484b2e,5da0bd05d38e2bd4a63d4f15567a6dcff087d2f0bf6f4ca2d6b0e8228e119246,c:\Windows\WinSxS\wow64_microsoft-windows-t..ormabstractionlayer_31bf3856ad364e35_10.0.18362.1_none_c1f12c72cefdb984\PhonePlatformAbstraction.dll
PhonePlatformAbstraction.dll,78848,3,3522912809,2081-08-20T10:53:29.000Z,imports,api-ms-win-crt-private-l1-1-0.dll,_o_wcsncpy_s,fbe5d4fa63045e05856ebf7bff484b2e,5da0bd05d38e2bd4a63d4f15567a6dcff087d2f0bf6f4ca2d6b0e8228e119246,c:\Windows\WinSxS\wow64_microsoft-windows-t..ormabstractionlayer_31bf3856ad364e35_10.0.18362.1_none_c1f12c72cefdb984\PhonePlatformAbstraction.dll
PhonePlatformAbstraction.dll,78848,3,3522912809,2081-08-20T10:53:29.000Z,imports,api-ms-win-crt-private-l1-1-0.dll,memcmp,fbe5d4fa63045e05856ebf7bff484b2e,5da0bd05d38e2bd4a63d4f15567a6dcff087d2f0bf6f4ca2d6b0e8228e119246,c:\Windows\WinSxS\wow64_microsoft-windows-t..ormabstractionlayer_31bf3856ad364e35_10.0.18362.1_none_c1f12c72cefdb984\PhonePlatformAbstraction.dll
PhonePlatformAbstraction.dll,78848,3,3522912809,2081-08-20T10:53:29.000Z,imports,api-ms-win-crt-private-l1-1-0.dll,memcpy,fbe5d4fa63045e05856ebf7bff484b2e,5da0bd05d38e2bd4a63d4f15567a6dcff087d2f0bf6f4ca2d6b0e8228e119246,c:\Windows\WinSxS\wow64_microsoft-windows-t..ormabstractionlayer_31bf3856ad364e35_10.0.18362.1_none_c1f12c72cefdb984\PhonePlatformAbstraction.dll
PhonePlatformAbstraction.dll,78848,3,3522912809,2081-08-20T10:53:29.000Z,imports,api-ms-win-crt-private-l1-1-0.dll,memmove,fbe5d4fa63045e05856ebf7bff484b2e,5da0bd05d38e2bd4a63d4f15567a6dcff087d2f0bf6f4ca2d6b0e8228e119246,c:\Windows\WinSxS\wow64_microsoft-windows-t..ormabstractionlayer_31bf3856ad364e35_10.0.18362.1_none_c1f12c72cefdb984\PhonePlatformAbstraction.dll
PhonePlatformAbstraction.dll,78848,3,3522912809,2081-08-20T10:53:29.000Z,imports,api-ms-win-core-heap-obsolete-l1-1-0.dll,LocalAlloc,fbe5d4fa63045e05856ebf7bff484b2e,5da0bd05d38e2bd4a63d4f15567a6dcff087d2f0bf6f4ca2d6b0e8228e119246,c:\Windows\WinSxS\wow64_microsoft-windows-t..ormabstractionlayer_31bf3856ad364e35_10.0.18362.1_none_c1f12c72cefdb984\PhonePlatformAbstraction.dll
PhonePlatformAbstraction.dll,78848,3,3522912809,2081-08-20T10:53:29.000Z,imports,api-ms-win-core-heap-obsolete-l1-1-0.dll,LocalFree,fbe5d4fa63045e05856ebf7bff484b2e,5da0bd05d38e2bd4a63d4f15567a6dcff087d2f0bf6f4ca2d6b0e8228e119246,c:\Windows\WinSxS\wow64_microsoft-windows-t..ormabstractionlayer_31bf3856ad364e35_10.0.18362.1_none_c1f12c72cefdb984\PhonePlatformAbstraction.dll
PhonePlatformAbstraction.dll,78848,3,3522912809,2081-08-20T10:53:29.000Z,imports,api-ms-win-core-string-obsolete-l1-1-0.dll,lstrcmpiW,fbe5d4fa63045e05856ebf7bff484b2e,5da0bd05d38e2bd4a63d4f15567a6dcff087d2f0bf6f4ca2d6b0e8228e119246,c:\Windows\WinSxS\wow64_microsoft-windows-t..ormabstractionlayer_31bf3856ad364e35_10.0.18362.1_none_c1f12c72cefdb984\PhonePlatformAbstraction.dll
PhonePlatformAbstraction.dll,78848,3,3522912809,2081-08-20T10:53:29.000Z,imports,api-ms-win-core-libraryloader-l1-2-0.dll,DisableThreadLibraryCalls,fbe5d4fa63045e05856ebf7bff484b2e,5da0bd05d38e2bd4a63d4f15567a6dcff087d2f0bf6f4ca2d6b0e8228e119246,c:\Windows\WinSxS\wow64_microsoft-windows-t..ormabstractionlayer_31bf3856ad364e35_10.0.18362.1_none_c1f12c72cefdb984\PhonePlatformAbstraction.dll
PhonePlatformAbstraction.dll,78848,3,3522912809,2081-08-20T10:53:29.000Z,imports,api-ms-win-core-libraryloader-l1-2-0.dll,FindResourceExW,fbe5d4fa63045e05856ebf7bff484b2e,5da0bd05d38e2bd4a63d4f15567a6dcff087d2f0bf6f4ca2d6b0e8228e119246,c:\Windows\WinSxS\wow64_microsoft-windows-t..ormabstractionlayer_31bf3856ad364e35_10.0.18362.1_none_c1f12c72cefdb984\PhonePlatformAbstraction.dll
PhonePlatformAbstraction.dll,78848,3,3522912809,2081-08-20T10:53:29.000Z,imports,api-ms-win-core-libraryloader-l1-2-0.dll,FreeLibrary,fbe5d4fa63045e05856ebf7bff484b2e,5da0bd05d38e2bd4a63d4f15567a6dcff087d2f0bf6f4ca2d6b0e8228e119246,c:\Windows\WinSxS\wow64_microsoft-windows-t..ormabstractionlayer_31bf3856ad364e35_10.0.18362.1_none_c1f12c72cefdb984\PhonePlatformAbstraction.dll
PhonePlatformAbstraction.dll,78848,3,3522912809,2081-08-20T10:53:29.000Z,imports,api-ms-win-core-libraryloader-l1-2-0.dll,GetModuleFileNameA,fbe5d4fa63045e05856ebf7bff484b2e,5da0bd05d38e2bd4a63d4f15567a6dcff087d2f0bf6f4ca2d6b0e8228e119246,c:\Windows\WinSxS\wow64_microsoft-windows-t..ormabstractionlayer_31bf3856ad364e35_10.0.18362.1_none_c1f12c72cefdb984\PhonePlatformAbstraction.dll
PhonePlatformAbstraction.dll,78848,3,3522912809,2081-08-20T10:53:29.000Z,imports,api-ms-win-core-libraryloader-l1-2-0.dll,GetModuleFileNameW,fbe5d4fa63045e05856ebf7bff484b2e,5da0bd05d38e2bd4a63d4f15567a6dcff087d2f0bf6f4ca2d6b0e8228e119246,c:\Windows\WinSxS\wow64_microsoft-windows-t..ormabstractionlayer_31bf3856ad364e35_10.0.18362.1_none_c1f12c72cefdb984\PhonePlatformAbstraction.dll
PhonePlatformAbstraction.dll,78848,3,3522912809,2081-08-20T10:53:29.000Z,imports,api-ms-win-core-libraryloader-l1-2-0.dll,GetModuleHandleExW,fbe5d4fa63045e05856ebf7bff484b2e,5da0bd05d38e2bd4a63d4f15567a6dcff087d2f0bf6f4ca2d6b0e8228e119246,c:\Windows\WinSxS\wow64_microsoft-windows-t..ormabstractionlayer_31bf3856ad364e35_10.0.18362.1_none_c1f12c72cefdb984\PhonePlatformAbstraction.dll
PhonePlatformAbstraction.dll,78848,3,3522912809,2081-08-20T10:53:29.000Z,imports,api-ms-win-core-libraryloader-l1-2-0.dll,GetModuleHandleW,fbe5d4fa63045e05856ebf7bff484b2e,5da0bd05d38e2bd4a63d4f15567a6dcff087d2f0bf6f4ca2d6b0e8228e119246,c:\Windows\WinSxS\wow64_microsoft-windows-t..ormabstractionlayer_31bf3856ad364e35_10.0.18362.1_none_c1f12c72cefdb984\PhonePlatformAbstraction.dll
PhonePlatformAbstraction.dll,78848,3,3522912809,2081-08-20T10:53:29.000Z,imports,api-ms-win-core-libraryloader-l1-2-0.dll,GetProcAddress,fbe5d4fa63045e05856ebf7bff484b2e,5da0bd05d38e2bd4a63d4f15567a6dcff087d2f0bf6f4ca2d6b0e8228e119246,c:\Windows\WinSxS\wow64_microsoft-windows-t..ormabstractionlayer_31bf3856ad364e35_10.0.18362.1_none_c1f12c72cefdb984\PhonePlatformAbstraction.dll
PhonePlatformAbstraction.dll,78848,3,3522912809,2081-08-20T10:53:29.000Z,imports,api-ms-win-core-libraryloader-l1-2-0.dll,LoadLibraryExW,fbe5d4fa63045e05856ebf7bff484b2e,5da0bd05d38e2bd4a63d4f15567a6dcff087d2f0bf6f4ca2d6b0e8228e119246,c:\Windows\WinSxS\wow64_microsoft-windows-t..ormabstractionlayer_31bf3856ad364e35_10.0.18362.1_none_c1f12c72cefdb984\PhonePlatformAbstraction.dll
PhonePlatformAbstraction.dll,78848,3,3522912809,2081-08-20T10:53:29.000Z,imports,api-ms-win-core-libraryloader-l1-2-0.dll,LoadResource,fbe5d4fa63045e05856ebf7bff484b2e,5da0bd05d38e2bd4a63d4f15567a6dcff087d2f0bf6f4ca2d6b0e8228e119246,c:\Windows\WinSxS\wow64_microsoft-windows-t..ormabstractionlayer_31bf3856ad364e35_10.0.18362.1_none_c1f12c72cefdb984\PhonePlatformAbstraction.dll
PhonePlatformAbstraction.dll,78848,3,3522912809,2081-08-20T10:53:29.000Z,imports,api-ms-win-core-libraryloader-l1-2-0.dll,SizeofResource,fbe5d4fa63045e05856ebf7bff484b2e,5da0bd05d38e2bd4a63d4f15567a6dcff087d2f0bf6f4ca2d6b0e8228e119246,c:\Windows\WinSxS\wow64_microsoft-windows-t..ormabstractionlayer_31bf3856ad364e35_10.0.18362.1_none_c1f12c72cefdb984\PhonePlatformAbstraction.dll
PhonePlatformAbstraction.dll,78848,3,3522912809,2081-08-20T10:53:29.000Z,imports,api-ms-win-core-synch-l1-1-0.dll,AcquireSRWLockExclusive,fbe5d4fa63045e05856ebf7bff484b2e,5da0bd05d38e2bd4a63d4f15567a6dcff087d2f0bf6f4ca2d6b0e8228e119246,c:\Windows\WinSxS\wow64_microsoft-windows-t..ormabstractionlayer_31bf3856ad364e35_10.0.18362.1_none_c1f12c72cefdb984\PhonePlatformAbstraction.dll
PhonePlatformAbstraction.dll,78848,3,3522912809,2081-08-20T10:53:29.000Z,imports,api-ms-win-core-synch-l1-1-0.dll,CreateEventW,fbe5d4fa63045e05856ebf7bff484b2e,5da0bd05d38e2bd4a63d4f15567a6dcff087d2f0bf6f4ca2d6b0e8228e119246,c:\Windows\WinSxS\wow64_microsoft-windows-t..ormabstractionlayer_31bf3856ad364e35_10.0.18362.1_none_c1f12c72cefdb984\PhonePlatformAbstraction.dll
PhonePlatformAbstraction.dll,78848,3,3522912809,2081-08-20T10:53:29.000Z,imports,api-ms-win-core-synch-l1-1-0.dll,CreateMutexExW,fbe5d4fa63045e05856ebf7bff484b2e,5da0bd05d38e2bd4a63d4f15567a6dcff087d2f0bf6f4ca2d6b0e8228e119246,c:\Windows\WinSxS\wow64_microsoft-windows-t..ormabstractionlayer_31bf3856ad364e35_10.0.18362.1_none_c1f12c72cefdb984\PhonePlatformAbstraction.dll
PhonePlatformAbstraction.dll,78848,3,3522912809,2081-08-20T10:53:29.000Z,imports,api-ms-win-core-synch-l1-1-0.dll,CreateSemaphoreExW,fbe5d4fa63045e05856ebf7bff484b2e,5da0bd05d38e2bd4a63d4f15567a6dcff087d2f0bf6f4ca2d6b0e8228e119246,c:\Windows\WinSxS\wow64_microsoft-windows-t..ormabstractionlayer_31bf3856ad364e35_10.0.18362.1_none_c1f12c72cefdb984\PhonePlatformAbstraction.dll
PhonePlatformAbstraction.dll,78848,3,3522912809,2081-08-20T10:53:29.000Z,imports,api-ms-win-core-synch-l1-1-0.dll,DeleteCriticalSection,fbe5d4fa63045e05856ebf7bff484b2e,5da0bd05d38e2bd4a63d4f15567a6dcff087d2f0bf6f4ca2d6b0e8228e119246,c:\Windows\WinSxS\wow64_microsoft-windows-t..ormabstractionlayer_31bf3856ad364e35_10.0.18362.1_none_c1f12c72cefdb984\PhonePlatformAbstraction.dll
PhonePlatformAbstraction.dll,78848,3,3522912809,2081-08-20T10:53:29.000Z,imports,api-ms-win-core-synch-l1-1-0.dll,EnterCriticalSection,fbe5d4fa63045e05856ebf7bff484b2e,5da0bd05d38e2bd4a63d4f15567a6dcff087d2f0bf6f4ca2d6b0e8228e119246,c:\Windows\WinSxS\wow64_microsoft-windows-t..ormabstractionlayer_31bf3856ad364e35_10.0.18362.1_none_c1f12c72cefdb984\PhonePlatformAbstraction.dll
PhonePlatformAbstraction.dll,78848,3,3522912809,2081-08-20T10:53:29.000Z,imports,api-ms-win-core-synch-l1-1-0.dll,InitializeCriticalSection,fbe5d4fa63045e05856ebf7bff484b2e,5da0bd05d38e2bd4a63d4f15567a6dcff087d2f0bf6f4ca2d6b0e8228e119246,c:\Windows\WinSxS\wow64_microsoft-windows-t..ormabstractionlayer_31bf3856ad364e35_10.0.18362.1_none_c1f12c72cefdb984\PhonePlatformAbstraction.dll
PhonePlatformAbstraction.dll,78848,3,3522912809,2081-08-20T10:53:29.000Z,imports,api-ms-win-core-synch-l1-1-0.dll,InitializeCriticalSectionAndSpinCount,fbe5d4fa63045e05856ebf7bff484b2e,5da0bd05d38e2bd4a63d4f15567a6dcff087d2f0bf6f4ca2d6b0e8228e119246,c:\Windows\WinSxS\wow64_microsoft-windows-t..ormabstractionlayer_31bf3856ad364e35_10.0.18362.1_none_c1f12c72cefdb984\PhonePlatformAbstraction.dll
PhonePlatformAbstraction.dll,78848,3,3522912809,2081-08-20T10:53:29.000Z,imports,api-ms-win-core-synch-l1-1-0.dll,InitializeSRWLock,fbe5d4fa63045e05856ebf7bff484b2e,5da0bd05d38e2bd4a63d4f15567a6dcff087d2f0bf6f4ca2d6b0e8228e119246,c:\Windows\WinSxS\wow64_microsoft-windows-t..ormabstractionlayer_31bf3856ad364e35_10.0.18362.1_none_c1f12c72cefdb984\PhonePlatformAbstraction.dll
PhonePlatformAbstraction.dll,78848,3,3522912809,2081-08-20T10:53:29.000Z,imports,api-ms-win-core-synch-l1-1-0.dll,LeaveCriticalSection,fbe5d4fa63045e05856ebf7bff484b2e,5da0bd05d38e2bd4a63d4f15567a6dcff087d2f0bf6f4ca2d6b0e8228e119246,c:\Windows\WinSxS\wow64_microsoft-windows-t..ormabstractionlayer_31bf3856ad364e35_10.0.18362.1_none_c1f12c72cefdb984\PhonePlatformAbstraction.dll
PhonePlatformAbstraction.dll,78848,3,3522912809,2081-08-20T10:53:29.000Z,imports,api-ms-win-core-synch-l1-1-0.dll,OpenSemaphoreW,fbe5d4fa63045e05856ebf7bff484b2e,5da0bd05d38e2bd4a63d4f15567a6dcff087d2f0bf6f4ca2d6b0e8228e119246,c:\Windows\WinSxS\wow64_microsoft-windows-t..ormabstractionlayer_31bf3856ad364e35_10.0.18362.1_none_c1f12c72cefdb984\PhonePlatformAbstraction.dll
PhonePlatformAbstraction.dll,78848,3,3522912809,2081-08-20T10:53:29.000Z,imports,api-ms-win-core-synch-l1-1-0.dll,ReleaseMutex,fbe5d4fa63045e05856ebf7bff484b2e,5da0bd05d38e2bd4a63d4f15567a6dcff087d2f0bf6f4ca2d6b0e8228e119246,c:\Windows\WinSxS\wow64_microsoft-windows-t..ormabstractionlayer_31bf3856ad364e35_10.0.18362.1_none_c1f12c72cefdb984\PhonePlatformAbstraction.dll
PhonePlatformAbstraction.dll,78848,3,3522912809,2081-08-20T10:53:29.000Z,imports,api-ms-win-core-synch-l1-1-0.dll,ReleaseSRWLockExclusive,fbe5d4fa63045e05856ebf7bff484b2e,5da0bd05d38e2bd4a63d4f15567a6dcff087d2f0bf6f4ca2d6b0e8228e119246,c:\Windows\WinSxS\wow64_microsoft-windows-t..ormabstractionlayer_31bf3856ad364e35_10.0.18362.1_none_c1f12c72cefdb984\PhonePlatformAbstraction.dll
PhonePlatformAbstraction.dll,78848,3,3522912809,2081-08-20T10:53:29.000Z,imports,api-ms-win-core-synch-l1-1-0.dll,ReleaseSemaphore,fbe5d4fa63045e05856ebf7bff484b2e,5da0bd05d38e2bd4a63d4f15567a6dcff087d2f0bf6f4ca2d6b0e8228e119246,c:\Windows\WinSxS\wow64_microsoft-windows-t..ormabstractionlayer_31bf3856ad364e35_10.0.18362.1_none_c1f12c72cefdb984\PhonePlatformAbstraction.dll
PhonePlatformAbstraction.dll,78848,3,3522912809,2081-08-20T10:53:29.000Z,imports,api-ms-win-core-synch-l1-1-0.dll,WaitForSingleObject,fbe5d4fa63045e05856ebf7bff484b2e,5da0bd05d38e2bd4a63d4f15567a6dcff087d2f0bf6f4ca2d6b0e8228e119246,c:\Windows\WinSxS\wow64_microsoft-windows-t..ormabstractionlayer_31bf3856ad364e35_10.0.18362.1_none_c1f12c72cefdb984\PhonePlatformAbstraction.dll
PhonePlatformAbstraction.dll,78848,3,3522912809,2081-08-20T10:53:29.000Z,imports,api-ms-win-core-synch-l1-1-0.dll,WaitForSingleObjectEx,fbe5d4fa63045e05856ebf7bff484b2e,5da0bd05d38e2bd4a63d4f15567a6dcff087d2f0bf6f4ca2d6b0e8228e119246,c:\Windows\WinSxS\wow64_microsoft-windows-t..ormabstractionlayer_31bf3856ad364e35_10.0.18362.1_none_c1f12c72cefdb984\PhonePlatformAbstraction.dll
PhonePlatformAbstraction.dll,78848,3,3522912809,2081-08-20T10:53:29.000Z,imports,api-ms-win-core-com-l1-1-0.dll,CoCreateGuid,fbe5d4fa63045e05856ebf7bff484b2e,5da0bd05d38e2bd4a63d4f15567a6dcff087d2f0bf6f4ca2d6b0e8228e119246,c:\Windows\WinSxS\wow64_microsoft-windows-t..ormabstractionlayer_31bf3856ad364e35_10.0.18362.1_none_c1f12c72cefdb984\PhonePlatformAbstraction.dll
PhonePlatformAbstraction.dll,78848,3,3522912809,2081-08-20T10:53:29.000Z,imports,api-ms-win-core-com-l1-1-0.dll,CoCreateInstance,fbe5d4fa63045e05856ebf7bff484b2e,5da0bd05d38e2bd4a63d4f15567a6dcff087d2f0bf6f4ca2d6b0e8228e119246,c:\Windows\WinSxS\wow64_microsoft-windows-t..ormabstractionlayer_31bf3856ad364e35_10.0.18362.1_none_c1f12c72cefdb984\PhonePlatformAbstraction.dll
PhonePlatformAbstraction.dll,78848,3,3522912809,2081-08-20T10:53:29.000Z,imports,api-ms-win-core-com-l1-1-0.dll,CoTaskMemAlloc,fbe5d4fa63045e05856ebf7bff484b2e,5da0bd05d38e2bd4a63d4f15567a6dcff087d2f0bf6f4ca2d6b0e8228e119246,c:\Windows\WinSxS\wow64_microsoft-windows-t..ormabstractionlayer_31bf3856ad364e35_10.0.18362.1_none_c1f12c72cefdb984\PhonePlatformAbstraction.dll
PhonePlatformAbstraction.dll,78848,3,3522912809,2081-08-20T10:53:29.000Z,imports,api-ms-win-core-com-l1-1-0.dll,CoTaskMemFree,fbe5d4fa63045e05856ebf7bff484b2e,5da0bd05d38e2bd4a63d4f15567a6dcff087d2f0bf6f4ca2d6b0e8228e119246,c:\Windows\WinSxS\wow64_microsoft-windows-t..ormabstractionlayer_31bf3856ad364e35_10.0.18362.1_none_c1f12c72cefdb984\PhonePlatformAbstraction.dll
PhonePlatformAbstraction.dll,78848,3,3522912809,2081-08-20T10:53:29.000Z,imports,api-ms-win-core-com-l1-1-0.dll,CoTaskMemRealloc,fbe5d4fa63045e05856ebf7bff484b2e,5da0bd05d38e2bd4a63d4f15567a6dcff087d2f0bf6f4ca2d6b0e8228e119246,c:\Windows\WinSxS\wow64_microsoft-windows-t..ormabstractionlayer_31bf3856ad364e35_10.0.18362.1_none_c1f12c72cefdb984\PhonePlatformAbstraction.dll
PhonePlatformAbstraction.dll,78848,3,3522912809,2081-08-20T10:53:29.000Z,imports,api-ms-win-core-registry-l1-1-0.dll,RegCloseKey,fbe5d4fa63045e05856ebf7bff484b2e,5da0bd05d38e2bd4a63d4f15567a6dcff087d2f0bf6f4ca2d6b0e8228e119246,c:\Windows\WinSxS\wow64_microsoft-windows-t..ormabstractionlayer_31bf3856ad364e35_10.0.18362.1_none_c1f12c72cefdb984\PhonePlatformAbstraction.dll
PhonePlatformAbstraction.dll,78848,3,3522912809,2081-08-20T10:53:29.000Z,imports,api-ms-win-core-registry-l1-1-0.dll,RegCreateKeyExW,fbe5d4fa63045e05856ebf7bff484b2e,5da0bd05d38e2bd4a63d4f15567a6dcff087d2f0bf6f4ca2d6b0e8228e119246,c:\Windows\WinSxS\wow64_microsoft-windows-t..ormabstractionlayer_31bf3856ad364e35_10.0.18362.1_none_c1f12c72cefdb984\PhonePlatformAbstraction.dll
PhonePlatformAbstraction.dll,78848,3,3522912809,2081-08-20T10:53:29.000Z,imports,api-ms-win-core-registry-l1-1-0.dll,RegDeleteValueW,fbe5d4fa63045e05856ebf7bff484b2e,5da0bd05d38e2bd4a63d4f15567a6dcff087d2f0bf6f4ca2d6b0e8228e119246,c:\Windows\WinSxS\wow64_microsoft-windows-t..ormabstractionlayer_31bf3856ad364e35_10.0.18362.1_none_c1f12c72cefdb984\PhonePlatformAbstraction.dll
PhonePlatformAbstraction.dll,78848,3,3522912809,2081-08-20T10:53:29.000Z,imports,api-ms-win-core-registry-l1-1-0.dll,RegEnumKeyExW,fbe5d4fa63045e05856ebf7bff484b2e,5da0bd05d38e2bd4a63d4f15567a6dcff087d2f0bf6f4ca2d6b0e8228e119246,c:\Windows\WinSxS\wow64_microsoft-windows-t..ormabstractionlayer_31bf3856ad364e35_10.0.18362.1_none_c1f12c72cefdb984\PhonePlatformAbstraction.dll
PhonePlatformAbstraction.dll,78848,3,3522912809,2081-08-20T10:53:29.000Z,imports,api-ms-win-core-registry-l1-1-0.dll,RegOpenKeyExW,fbe5d4fa63045e05856ebf7bff484b2e,5da0bd05d38e2bd4a63d4f15567a6dcff087d2f0bf6f4ca2d6b0e8228e119246,c:\Windows\WinSxS\wow64_microsoft-windows-t..ormabstractionlayer_31bf3856ad364e35_10.0.18362.1_none_c1f12c72cefdb984\PhonePlatformAbstraction.dll
PhonePlatformAbstraction.dll,78848,3,3522912809,2081-08-20T10:53:29.000Z,imports,api-ms-win-core-registry-l1-1-0.dll,RegQueryInfoKeyW,fbe5d4fa63045e05856ebf7bff484b2e,5da0bd05d38e2bd4a63d4f15567a6dcff087d2f0bf6f4ca2d6b0e8228e119246,c:\Windows\WinSxS\wow64_microsoft-windows-t..ormabstractionlayer_31bf3856ad364e35_10.0.18362.1_none_c1f12c72cefdb984\PhonePlatformAbstraction.dll
PhonePlatformAbstraction.dll,78848,3,3522912809,2081-08-20T10:53:29.000Z,imports,api-ms-win-core-registry-l1-1-0.dll,RegSetValueExW,fbe5d4fa63045e05856ebf7bff484b2e,5da0bd05d38e2bd4a63d4f15567a6dcff087d2f0bf6f4ca2d6b0e8228e119246,c:\Windows\WinSxS\wow64_microsoft-windows-t..ormabstractionlayer_31bf3856ad364e35_10.0.18362.1_none_c1f12c72cefdb984\PhonePlatformAbstraction.dll
PhonePlatformAbstraction.dll,78848,3,3522912809,2081-08-20T10:53:29.000Z,imports,api-ms-win-core-string-l2-1-0.dll,CharNextW,fbe5d4fa63045e05856ebf7bff484b2e,5da0bd05d38e2bd4a63d4f15567a6dcff087d2f0bf6f4ca2d6b0e8228e119246,c:\Windows\WinSxS\wow64_microsoft-windows-t..ormabstractionlayer_31bf3856ad364e35_10.0.18362.1_none_c1f12c72cefdb984\PhonePlatformAbstraction.dll
PhonePlatformAbstraction.dll,78848,3,3522912809,2081-08-20T10:53:29.000Z,imports,api-ms-win-core-string-l1-1-0.dll,MultiByteToWideChar,fbe5d4fa63045e05856ebf7bff484b2e,5da0bd05d38e2bd4a63d4f15567a6dcff087d2f0bf6f4ca2d6b0e8228e119246,c:\Windows\WinSxS\wow64_microsoft-windows-t..ormabstractionlayer_31bf3856ad364e35_10.0.18362.1_none_c1f12c72cefdb984\PhonePlatformAbstraction.dll
PhonePlatformAbstraction.dll,78848,3,3522912809,2081-08-20T10:53:29.000Z,imports,api-ms-win-core-errorhandling-l1-1-0.dll,GetLastError,fbe5d4fa63045e05856ebf7bff484b2e,5da0bd05d38e2bd4a63d4f15567a6dcff087d2f0bf6f4ca2d6b0e8228e119246,c:\Windows\WinSxS\wow64_microsoft-windows-t..ormabstractionlayer_31bf3856ad364e35_10.0.18362.1_none_c1f12c72cefdb984\PhonePlatformAbstraction.dll
PhonePlatformAbstraction.dll,78848,3,3522912809,2081-08-20T10:53:29.000Z,imports,api-ms-win-core-errorhandling-l1-1-0.dll,RaiseException,fbe5d4fa63045e05856ebf7bff484b2e,5da0bd05d38e2bd4a63d4f15567a6dcff087d2f0bf6f4ca2d6b0e8228e119246,c:\Windows\WinSxS\wow64_microsoft-windows-t..ormabstractionlayer_31bf3856ad364e35_10.0.18362.1_none_c1f12c72cefdb984\PhonePlatformAbstraction.dll
PhonePlatformAbstraction.dll,78848,3,3522912809,2081-08-20T10:53:29.000Z,imports,api-ms-win-core-errorhandling-l1-1-0.dll,SetLastError,fbe5d4fa63045e05856ebf7bff484b2e,5da0bd05d38e2bd4a63d4f15567a6dcff087d2f0bf6f4ca2d6b0e8228e119246,c:\Windows\WinSxS\wow64_microsoft-windows-t..ormabstractionlayer_31bf3856ad364e35_10.0.18362.1_none_c1f12c72cefdb984\PhonePlatformAbstraction.dll
PhonePlatformAbstraction.dll,78848,3,3522912809,2081-08-20T10:53:29.000Z,imports,api-ms-win-core-errorhandling-l1-1-0.dll,SetUnhandledExceptionFilter,fbe5d4fa63045e05856ebf7bff484b2e,5da0bd05d38e2bd4a63d4f15567a6dcff087d2f0bf6f4ca2d6b0e8228e119246,c:\Windows\WinSxS\wow64_microsoft-windows-t..ormabstractionlayer_31bf3856ad364e35_10.0.18362.1_none_c1f12c72cefdb984\PhonePlatformAbstraction.dll
PhonePlatformAbstraction.dll,78848,3,3522912809,2081-08-20T10:53:29.000Z,imports,api-ms-win-core-errorhandling-l1-1-0.dll,UnhandledExceptionFilter,fbe5d4fa63045e05856ebf7bff484b2e,5da0bd05d38e2bd4a63d4f15567a6dcff087d2f0bf6f4ca2d6b0e8228e119246,c:\Windows\WinSxS\wow64_microsoft-windows-t..ormabstractionlayer_31bf3856ad364e35_10.0.18362.1_none_c1f12c72cefdb984\PhonePlatformAbstraction.dll
PhonePlatformAbstraction.dll,78848,3,3522912809,2081-08-20T10:53:29.000Z,imports,api-ms-win-core-winrt-error-l1-1-0.dll,RoOriginateError,fbe5d4fa63045e05856ebf7bff484b2e,5da0bd05d38e2bd4a63d4f15567a6dcff087d2f0bf6f4ca2d6b0e8228e119246,c:\Windows\WinSxS\wow64_microsoft-windows-t..ormabstractionlayer_31bf3856ad364e35_10.0.18362.1_none_c1f12c72cefdb984\PhonePlatformAbstraction.dll
PhonePlatformAbstraction.dll,78848,3,3522912809,2081-08-20T10:53:29.000Z,imports,api-ms-win-core-winrt-error-l1-1-0.dll,RoTransformError,fbe5d4fa63045e05856ebf7bff484b2e,5da0bd05d38e2bd4a63d4f15567a6dcff087d2f0bf6f4ca2d6b0e8228e119246,c:\Windows\WinSxS\wow64_microsoft-windows-t..ormabstractionlayer_31bf3856ad364e35_10.0.18362.1_none_c1f12c72cefdb984\PhonePlatformAbstraction.dll
PhonePlatformAbstraction.dll,78848,3,3522912809,2081-08-20T10:53:29.000Z,imports,api-ms-win-core-localization-l1-2-0.dll,FormatMessageW,fbe5d4fa63045e05856ebf7bff484b2e,5da0bd05d38e2bd4a63d4f15567a6dcff087d2f0bf6f4ca2d6b0e8228e119246,c:\Windows\WinSxS\wow64_microsoft-windows-t..ormabstractionlayer_31bf3856ad364e35_10.0.18362.1_none_c1f12c72cefdb984\PhonePlatformAbstraction.dll
PhonePlatformAbstraction.dll,78848,3,3522912809,2081-08-20T10:53:29.000Z,imports,api-ms-win-core-processthreads-l1-1-0.dll,GetCurrentProcess,fbe5d4fa63045e05856ebf7bff484b2e,5da0bd05d38e2bd4a63d4f15567a6dcff087d2f0bf6f4ca2d6b0e8228e119246,c:\Windows\WinSxS\wow64_microsoft-windows-t..ormabstractionlayer_31bf3856ad364e35_10.0.18362.1_none_c1f12c72cefdb984\PhonePlatformAbstraction.dll
PhonePlatformAbstraction.dll,78848,3,3522912809,2081-08-20T10:53:29.000Z,imports,api-ms-win-core-processthreads-l1-1-0.dll,GetCurrentProcessId,fbe5d4fa63045e05856ebf7bff484b2e,5da0bd05d38e2bd4a63d4f15567a6dcff087d2f0bf6f4ca2d6b0e8228e119246,c:\Windows\WinSxS\wow64_microsoft-windows-t..ormabstractionlayer_31bf3856ad364e35_10.0.18362.1_none_c1f12c72cefdb984\PhonePlatformAbstraction.dll
PhonePlatformAbstraction.dll,78848,3,3522912809,2081-08-20T10:53:29.000Z,imports,api-ms-win-core-processthreads-l1-1-0.dll,GetCurrentThreadId,fbe5d4fa63045e05856ebf7bff484b2e,5da0bd05d38e2bd4a63d4f15567a6dcff087d2f0bf6f4ca2d6b0e8228e119246,c:\Windows\WinSxS\wow64_microsoft-windows-t..ormabstractionlayer_31bf3856ad364e35_10.0.18362.1_none_c1f12c72cefdb984\PhonePlatformAbstraction.dll
PhonePlatformAbstraction.dll,78848,3,3522912809,2081-08-20T10:53:29.000Z,imports,api-ms-win-core-processthreads-l1-1-0.dll,TerminateProcess,fbe5d4fa63045e05856ebf7bff484b2e,5da0bd05d38e2bd4a63d4f15567a6dcff087d2f0bf6f4ca2d6b0e8228e119246,c:\Windows\WinSxS\wow64_microsoft-windows-t..ormabstractionlayer_31bf3856ad364e35_10.0.18362.1_none_c1f12c72cefdb984\PhonePlatformAbstraction.dll
PhonePlatformAbstraction.dll,78848,3,3522912809,2081-08-20T10:53:29.000Z,imports,api-ms-win-core-heap-l1-1-0.dll,GetProcessHeap,fbe5d4fa63045e05856ebf7bff484b2e,5da0bd05d38e2bd4a63d4f15567a6dcff087d2f0bf6f4ca2d6b0e8228e119246,c:\Windows\WinSxS\wow64_microsoft-windows-t..ormabstractionlayer_31bf3856ad364e35_10.0.18362.1_none_c1f12c72cefdb984\PhonePlatformAbstraction.dll
PhonePlatformAbstraction.dll,78848,3,3522912809,2081-08-20T10:53:29.000Z,imports,api-ms-win-core-heap-l1-1-0.dll,HeapAlloc,fbe5d4fa63045e05856ebf7bff484b2e,5da0bd05d38e2bd4a63d4f15567a6dcff087d2f0bf6f4ca2d6b0e8228e119246,c:\Windows\WinSxS\wow64_microsoft-windows-t..ormabstractionlayer_31bf3856ad364e35_10.0.18362.1_none_c1f12c72cefdb984\PhonePlatformAbstraction.dll
PhonePlatformAbstraction.dll,78848,3,3522912809,2081-08-20T10:53:29.000Z,imports,api-ms-win-core-heap-l1-1-0.dll,HeapFree,fbe5d4fa63045e05856ebf7bff484b2e,5da0bd05d38e2bd4a63d4f15567a6dcff087d2f0bf6f4ca2d6b0e8228e119246,c:\Windows\WinSxS\wow64_microsoft-windows-t..ormabstractionlayer_31bf3856ad364e35_10.0.18362.1_none_c1f12c72cefdb984\PhonePlatformAbstraction.dll
PhonePlatformAbstraction.dll,78848,3,3522912809,2081-08-20T10:53:29.000Z,imports,api-ms-win-core-debug-l1-1-0.dll,DebugBreak,fbe5d4fa63045e05856ebf7bff484b2e,5da0bd05d38e2bd4a63d4f15567a6dcff087d2f0bf6f4ca2d6b0e8228e119246,c:\Windows\WinSxS\wow64_microsoft-windows-t..ormabstractionlayer_31bf3856ad364e35_10.0.18362.1_none_c1f12c72cefdb984\PhonePlatformAbstraction.dll
PhonePlatformAbstraction.dll,78848,3,3522912809,2081-08-20T10:53:29.000Z,imports,api-ms-win-core-debug-l1-1-0.dll,IsDebuggerPresent,fbe5d4fa63045e05856ebf7bff484b2e,5da0bd05d38e2bd4a63d4f15567a6dcff087d2f0bf6f4ca2d6b0e8228e119246,c:\Windows\WinSxS\wow64_microsoft-windows-t..ormabstractionlayer_31bf3856ad364e35_10.0.18362.1_none_c1f12c72cefdb984\PhonePlatformAbstraction.dll
PhonePlatformAbstraction.dll,78848,3,3522912809,2081-08-20T10:53:29.000Z,imports,api-ms-win-core-debug-l1-1-0.dll,OutputDebugStringW,fbe5d4fa63045e05856ebf7bff484b2e,5da0bd05d38e2bd4a63d4f15567a6dcff087d2f0bf6f4ca2d6b0e8228e119246,c:\Windows\WinSxS\wow64_microsoft-windows-t..ormabstractionlayer_31bf3856ad364e35_10.0.18362.1_none_c1f12c72cefdb984\PhonePlatformAbstraction.dll
PhonePlatformAbstraction.dll,78848,3,3522912809,2081-08-20T10:53:29.000Z,imports,api-ms-win-core-processthreads-l1-1-1.dll,IsProcessorFeaturePresent,fbe5d4fa63045e05856ebf7bff484b2e,5da0bd05d38e2bd4a63d4f15567a6dcff087d2f0bf6f4ca2d6b0e8228e119246,c:\Windows\WinSxS\wow64_microsoft-windows-t..ormabstractionlayer_31bf3856ad364e35_10.0.18362.1_none_c1f12c72cefdb984\PhonePlatformAbstraction.dll
PhonePlatformAbstraction.dll,78848,3,3522912809,2081-08-20T10:53:29.000Z,imports,api-ms-win-core-profile-l1-1-0.dll,QueryPerformanceCounter,fbe5d4fa63045e05856ebf7bff484b2e,5da0bd05d38e2bd4a63d4f15567a6dcff087d2f0bf6f4ca2d6b0e8228e119246,c:\Windows\WinSxS\wow64_microsoft-windows-t..ormabstractionlayer_31bf3856ad364e35_10.0.18362.1_none_c1f12c72cefdb984\PhonePlatformAbstraction.dll
PhonePlatformAbstraction.dll,78848,3,3522912809,2081-08-20T10:53:29.000Z,imports,api-ms-win-core-sysinfo-l1-1-0.dll,GetSystemTimeAsFileTime,fbe5d4fa63045e05856ebf7bff484b2e,5da0bd05d38e2bd4a63d4f15567a6dcff087d2f0bf6f4ca2d6b0e8228e119246,c:\Windows\WinSxS\wow64_microsoft-windows-t..ormabstractionlayer_31bf3856ad364e35_10.0.18362.1_none_c1f12c72cefdb984\PhonePlatformAbstraction.dll
PhonePlatformAbstraction.dll,78848,3,3522912809,2081-08-20T10:53:29.000Z,imports,api-ms-win-core-interlocked-l1-1-0.dll,InitializeSListHead,fbe5d4fa63045e05856ebf7bff484b2e,5da0bd05d38e2bd4a63d4f15567a6dcff087d2f0bf6f4ca2d6b0e8228e119246,c:\Windows\WinSxS\wow64_microsoft-windows-t..ormabstractionlayer_31bf3856ad364e35_10.0.18362.1_none_c1f12c72cefdb984\PhonePlatformAbstraction.dll
PhonePlatformAbstraction.dll,78848,3,3522912809,2081-08-20T10:53:29.000Z,imports,api-ms-win-core-winrt-string-l1-1-0.dll,WindowsCreateString,fbe5d4fa63045e05856ebf7bff484b2e,5da0bd05d38e2bd4a63d4f15567a6dcff087d2f0bf6f4ca2d6b0e8228e119246,c:\Windows\WinSxS\wow64_microsoft-windows-t..ormabstractionlayer_31bf3856ad364e35_10.0.18362.1_none_c1f12c72cefdb984\PhonePlatformAbstraction.dll
PhonePlatformAbstraction.dll,78848,3,3522912809,2081-08-20T10:53:29.000Z,imports,api-ms-win-core-synch-l1-2-0.dll,InitOnceExecuteOnce,fbe5d4fa63045e05856ebf7bff484b2e,5da0bd05d38e2bd4a63d4f15567a6dcff087d2f0bf6f4ca2d6b0e8228e119246,c:\Windows\WinSxS\wow64_microsoft-windows-t..ormabstractionlayer_31bf3856ad364e35_10.0.18362.1_none_c1f12c72cefdb984\PhonePlatformAbstraction.dll
PhonePlatformAbstraction.dll,78848,3,3522912809,2081-08-20T10:53:29.000Z,imports,api-ms-win-core-synch-l1-2-0.dll,InitOnceInitialize,fbe5d4fa63045e05856ebf7bff484b2e,5da0bd05d38e2bd4a63d4f15567a6dcff087d2f0bf6f4ca2d6b0e8228e119246,c:\Windows\WinSxS\wow64_microsoft-windows-t..ormabstractionlayer_31bf3856ad364e35_10.0.18362.1_none_c1f12c72cefdb984\PhonePlatformAbstraction.dll
PhonePlatformAbstraction.dll,78848,3,3522912809,2081-08-20T10:53:29.000Z,imports,api-ms-win-core-winrt-error-l1-1-1.dll,IsErrorPropagationEnabled,fbe5d4fa63045e05856ebf7bff484b2e,5da0bd05d38e2bd4a63d4f15567a6dcff087d2f0bf6f4ca2d6b0e8228e119246,c:\Windows\WinSxS\wow64_microsoft-windows-t..ormabstractionlayer_31bf3856ad364e35_10.0.18362.1_none_c1f12c72cefdb984\PhonePlatformAbstraction.dll
PhonePlatformAbstraction.dll,78848,3,3522912809,2081-08-20T10:53:29.000Z,imports,api-ms-win-core-winrt-error-l1-1-1.dll,RoGetMatchingRestrictedErrorInfo,fbe5d4fa63045e05856ebf7bff484b2e,5da0bd05d38e2bd4a63d4f15567a6dcff087d2f0bf6f4ca2d6b0e8228e119246,c:\Windows\WinSxS\wow64_microsoft-windows-t..ormabstractionlayer_31bf3856ad364e35_10.0.18362.1_none_c1f12c72cefdb984\PhonePlatformAbstraction.dll
PhonePlatformAbstraction.dll,78848,3,3522912809,2081-08-20T10:53:29.000Z,imports,api-ms-win-core-winrt-error-l1-1-1.dll,RoReportFailedDelegate,fbe5d4fa63045e05856ebf7bff484b2e,5da0bd05d38e2bd4a63d4f15567a6dcff087d2f0bf6f4ca2d6b0e8228e119246,c:\Windows\WinSxS\wow64_microsoft-windows-t..ormabstractionlayer_31bf3856ad364e35_10.0.18362.1_none_c1f12c72cefdb984\PhonePlatformAbstraction.dll
PhonePlatformAbstraction.dll,78848,3,3522912809,2081-08-20T10:53:29.000Z,imports,api-ms-win-service-management-l1-1-0.dll,CloseServiceHandle,fbe5d4fa63045e05856ebf7bff484b2e,5da0bd05d38e2bd4a63d4f15567a6dcff087d2f0bf6f4ca2d6b0e8228e119246,c:\Windows\WinSxS\wow64_microsoft-windows-t..ormabstractionlayer_31bf3856ad364e35_10.0.18362.1_none_c1f12c72cefdb984\PhonePlatformAbstraction.dll
PhonePlatformAbstraction.dll,78848,3,3522912809,2081-08-20T10:53:29.000Z,imports,api-ms-win-service-management-l1-1-0.dll,OpenSCManagerW,fbe5d4fa63045e05856ebf7bff484b2e,5da0bd05d38e2bd4a63d4f15567a6dcff087d2f0bf6f4ca2d6b0e8228e119246,c:\Windows\WinSxS\wow64_microsoft-windows-t..ormabstractionlayer_31bf3856ad364e35_10.0.18362.1_none_c1f12c72cefdb984\PhonePlatformAbstraction.dll
PhonePlatformAbstraction.dll,78848,3,3522912809,2081-08-20T10:53:29.000Z,imports,api-ms-win-service-management-l1-1-0.dll,OpenServiceW,fbe5d4fa63045e05856ebf7bff484b2e,5da0bd05d38e2bd4a63d4f15567a6dcff087d2f0bf6f4ca2d6b0e8228e119246,c:\Windows\WinSxS\wow64_microsoft-windows-t..ormabstractionlayer_31bf3856ad364e35_10.0.18362.1_none_c1f12c72cefdb984\PhonePlatformAbstraction.dll
PhonePlatformAbstraction.dll,78848,3,3522912809,2081-08-20T10:53:29.000Z,imports,api-ms-win-service-winsvc-l1-1-0.dll,QueryServiceStatus,fbe5d4fa63045e05856ebf7bff484b2e,5da0bd05d38e2bd4a63d4f15567a6dcff087d2f0bf6f4ca2d6b0e8228e119246,c:\Windows\WinSxS\wow64_microsoft-windows-t..ormabstractionlayer_31bf3856ad364e35_10.0.18362.1_none_c1f12c72cefdb984\PhonePlatformAbstraction.dll
PhonePlatformAbstraction.dll,78848,3,3522912809,2081-08-20T10:53:29.000Z,imports,api-ms-win-core-handle-l1-1-0.dll,CloseHandle,fbe5d4fa63045e05856ebf7bff484b2e,5da0bd05d38e2bd4a63d4f15567a6dcff087d2f0bf6f4ca2d6b0e8228e119246,c:\Windows\WinSxS\wow64_microsoft-windows-t..ormabstractionlayer_31bf3856ad364e35_10.0.18362.1_none_c1f12c72cefdb984\PhonePlatformAbstraction.dll
PhonePlatformAbstraction.dll,78848,3,3522912809,2081-08-20T10:53:29.000Z,imports,api-ms-win-core-delayload-l1-1-1.dll,ResolveDelayLoadedAPI,fbe5d4fa63045e05856ebf7bff484b2e,5da0bd05d38e2bd4a63d4f15567a6dcff087d2f0bf6f4ca2d6b0e8228e119246,c:\Windows\WinSxS\wow64_microsoft-windows-t..ormabstractionlayer_31bf3856ad364e35_10.0.18362.1_none_c1f12c72cefdb984\PhonePlatformAbstraction.dll
PhonePlatformAbstraction.dll,78848,3,3522912809,2081-08-20T10:53:29.000Z,imports,api-ms-win-core-delayload-l1-1-0.dll,DelayLoadFailureHook,fbe5d4fa63045e05856ebf7bff484b2e,5da0bd05d38e2bd4a63d4f15567a6dcff087d2f0bf6f4ca2d6b0e8228e119246,c:\Windows\WinSxS\wow64_microsoft-windows-t..ormabstractionlayer_31bf3856ad364e35_10.0.18362.1_none_c1f12c72cefdb984\PhonePlatformAbstraction.dll
PhonePlatformAbstraction.dll,78848,3,3522912809,2081-08-20T10:53:29.000Z,imports,api-ms-win-service-private-l1-1-0.dll,SubscribeServiceChangeNotifications,fbe5d4fa63045e05856ebf7bff484b2e,5da0bd05d38e2bd4a63d4f15567a6dcff087d2f0bf6f4ca2d6b0e8228e119246,c:\Windows\WinSxS\wow64_microsoft-windows-t..ormabstractionlayer_31bf3856ad364e35_10.0.18362.1_none_c1f12c72cefdb984\PhonePlatformAbstraction.dll
PhonePlatformAbstraction.dll,78848,3,3522912809,2081-08-20T10:53:29.000Z,imports,api-ms-win-service-private-l1-1-0.dll,UnsubscribeServiceChangeNotifications,fbe5d4fa63045e05856ebf7bff484b2e,5da0bd05d38e2bd4a63d4f15567a6dcff087d2f0bf6f4ca2d6b0e8228e119246,c:\Windows\WinSxS\wow64_microsoft-windows-t..ormabstractionlayer_31bf3856ad364e35_10.0.18362.1_none_c1f12c72cefdb984\PhonePlatformAbstraction.dll
PhonePlatformAbstraction.dll,78848,3,3522912809,2081-08-20T10:53:29.000Z,exports,PhonePlatformAbstraction.dll,DllCanUnloadNow,fbe5d4fa63045e05856ebf7bff484b2e,5da0bd05d38e2bd4a63d4f15567a6dcff087d2f0bf6f4ca2d6b0e8228e119246,c:\Windows\WinSxS\wow64_microsoft-windows-t..ormabstractionlayer_31bf3856ad364e35_10.0.18362.1_none_c1f12c72cefdb984\PhonePlatformAbstraction.dll
PhonePlatformAbstraction.dll,78848,3,3522912809,2081-08-20T10:53:29.000Z,exports,PhonePlatformAbstraction.dll,DllGetClassObject,fbe5d4fa63045e05856ebf7bff484b2e,5da0bd05d38e2bd4a63d4f15567a6dcff087d2f0bf6f4ca2d6b0e8228e119246,c:\Windows\WinSxS\wow64_microsoft-windows-t..ormabstractionlayer_31bf3856ad364e35_10.0.18362.1_none_c1f12c72cefdb984\PhonePlatformAbstraction.dll
