prnfldr.dll,232960,3,11146311,1970-05-10T00:11:51.000Z,imports,msvcrt.dll,??0exception@@QEAA@AEBQEBD@Z,a996450fd41451d358d7d883525659a0,5815270e54991f20e63cebee88557e31894a51234450f5f25335bd9341bf857d,c:\Windows\WinSxS\amd64_microsoft-windows-p..randprintui-prnfldr_31bf3856ad364e35_10.0.18362.1_none_ae756985707f3677\prnfldr.dll
prnfldr.dll,232960,3,11146311,1970-05-10T00:11:51.000Z,imports,msvcrt.dll,??0exception@@QEAA@AEBQEBDH@Z,a996450fd41451d358d7d883525659a0,5815270e54991f20e63cebee88557e31894a51234450f5f25335bd9341bf857d,c:\Windows\WinSxS\amd64_microsoft-windows-p..randprintui-prnfldr_31bf3856ad364e35_10.0.18362.1_none_ae756985707f3677\prnfldr.dll
prnfldr.dll,232960,3,11146311,1970-05-10T00:11:51.000Z,imports,msvcrt.dll,??0exception@@QEAA@AEBV0@@Z,a996450fd41451d358d7d883525659a0,5815270e54991f20e63cebee88557e31894a51234450f5f25335bd9341bf857d,c:\Windows\WinSxS\amd64_microsoft-windows-p..randprintui-prnfldr_31bf3856ad364e35_10.0.18362.1_none_ae756985707f3677\prnfldr.dll
prnfldr.dll,232960,3,11146311,1970-05-10T00:11:51.000Z,imports,msvcrt.dll,??1exception@@UEAA@XZ,a996450fd41451d358d7d883525659a0,5815270e54991f20e63cebee88557e31894a51234450f5f25335bd9341bf857d,c:\Windows\WinSxS\amd64_microsoft-windows-p..randprintui-prnfldr_31bf3856ad364e35_10.0.18362.1_none_ae756985707f3677\prnfldr.dll
prnfldr.dll,232960,3,11146311,1970-05-10T00:11:51.000Z,imports,msvcrt.dll,??1type_info@@UEAA@XZ,a996450fd41451d358d7d883525659a0,5815270e54991f20e63cebee88557e31894a51234450f5f25335bd9341bf857d,c:\Windows\WinSxS\amd64_microsoft-windows-p..randprintui-prnfldr_31bf3856ad364e35_10.0.18362.1_none_ae756985707f3677\prnfldr.dll
prnfldr.dll,232960,3,11146311,1970-05-10T00:11:51.000Z,imports,msvcrt.dll,??3@YAXPEAX@Z,a996450fd41451d358d7d883525659a0,5815270e54991f20e63cebee88557e31894a51234450f5f25335bd9341bf857d,c:\Windows\WinSxS\amd64_microsoft-windows-p..randprintui-prnfldr_31bf3856ad364e35_10.0.18362.1_none_ae756985707f3677\prnfldr.dll
prnfldr.dll,232960,3,11146311,1970-05-10T00:11:51.000Z,imports,msvcrt.dll,?what@exception@@UEBAPEBDXZ,a996450fd41451d358d7d883525659a0,5815270e54991f20e63cebee88557e31894a51234450f5f25335bd9341bf857d,c:\Windows\WinSxS\amd64_microsoft-windows-p..randprintui-prnfldr_31bf3856ad364e35_10.0.18362.1_none_ae756985707f3677\prnfldr.dll
prnfldr.dll,232960,3,11146311,1970-05-10T00:11:51.000Z,imports,msvcrt.dll,_CxxThrowException,a996450fd41451d358d7d883525659a0,5815270e54991f20e63cebee88557e31894a51234450f5f25335bd9341bf857d,c:\Windows\WinSxS\amd64_microsoft-windows-p..randprintui-prnfldr_31bf3856ad364e35_10.0.18362.1_none_ae756985707f3677\prnfldr.dll
prnfldr.dll,232960,3,11146311,1970-05-10T00:11:51.000Z,imports,msvcrt.dll,_XcptFilter,a996450fd41451d358d7d883525659a0,5815270e54991f20e63cebee88557e31894a51234450f5f25335bd9341bf857d,c:\Windows\WinSxS\amd64_microsoft-windows-p..randprintui-prnfldr_31bf3856ad364e35_10.0.18362.1_none_ae756985707f3677\prnfldr.dll
prnfldr.dll,232960,3,11146311,1970-05-10T00:11:51.000Z,imports,msvcrt.dll,__C_specific_handler,a996450fd41451d358d7d883525659a0,5815270e54991f20e63cebee88557e31894a51234450f5f25335bd9341bf857d,c:\Windows\WinSxS\amd64_microsoft-windows-p..randprintui-prnfldr_31bf3856ad364e35_10.0.18362.1_none_ae756985707f3677\prnfldr.dll
prnfldr.dll,232960,3,11146311,1970-05-10T00:11:51.000Z,imports,msvcrt.dll,__CxxFrameHandler3,a996450fd41451d358d7d883525659a0,5815270e54991f20e63cebee88557e31894a51234450f5f25335bd9341bf857d,c:\Windows\WinSxS\amd64_microsoft-windows-p..randprintui-prnfldr_31bf3856ad364e35_10.0.18362.1_none_ae756985707f3677\prnfldr.dll
prnfldr.dll,232960,3,11146311,1970-05-10T00:11:51.000Z,imports,msvcrt.dll,__dllonexit,a996450fd41451d358d7d883525659a0,5815270e54991f20e63cebee88557e31894a51234450f5f25335bd9341bf857d,c:\Windows\WinSxS\amd64_microsoft-windows-p..randprintui-prnfldr_31bf3856ad364e35_10.0.18362.1_none_ae756985707f3677\prnfldr.dll
prnfldr.dll,232960,3,11146311,1970-05-10T00:11:51.000Z,imports,msvcrt.dll,_amsg_exit,a996450fd41451d358d7d883525659a0,5815270e54991f20e63cebee88557e31894a51234450f5f25335bd9341bf857d,c:\Windows\WinSxS\amd64_microsoft-windows-p..randprintui-prnfldr_31bf3856ad364e35_10.0.18362.1_none_ae756985707f3677\prnfldr.dll
prnfldr.dll,232960,3,11146311,1970-05-10T00:11:51.000Z,imports,msvcrt.dll,_callnewh,a996450fd41451d358d7d883525659a0,5815270e54991f20e63cebee88557e31894a51234450f5f25335bd9341bf857d,c:\Windows\WinSxS\amd64_microsoft-windows-p..randprintui-prnfldr_31bf3856ad364e35_10.0.18362.1_none_ae756985707f3677\prnfldr.dll
prnfldr.dll,232960,3,11146311,1970-05-10T00:11:51.000Z,imports,msvcrt.dll,_initterm,a996450fd41451d358d7d883525659a0,5815270e54991f20e63cebee88557e31894a51234450f5f25335bd9341bf857d,c:\Windows\WinSxS\amd64_microsoft-windows-p..randprintui-prnfldr_31bf3856ad364e35_10.0.18362.1_none_ae756985707f3677\prnfldr.dll
prnfldr.dll,232960,3,11146311,1970-05-10T00:11:51.000Z,imports,msvcrt.dll,_lock,a996450fd41451d358d7d883525659a0,5815270e54991f20e63cebee88557e31894a51234450f5f25335bd9341bf857d,c:\Windows\WinSxS\amd64_microsoft-windows-p..randprintui-prnfldr_31bf3856ad364e35_10.0.18362.1_none_ae756985707f3677\prnfldr.dll
prnfldr.dll,232960,3,11146311,1970-05-10T00:11:51.000Z,imports,msvcrt.dll,_onexit,a996450fd41451d358d7d883525659a0,5815270e54991f20e63cebee88557e31894a51234450f5f25335bd9341bf857d,c:\Windows\WinSxS\amd64_microsoft-windows-p..randprintui-prnfldr_31bf3856ad364e35_10.0.18362.1_none_ae756985707f3677\prnfldr.dll
prnfldr.dll,232960,3,11146311,1970-05-10T00:11:51.000Z,imports,msvcrt.dll,_purecall,a996450fd41451d358d7d883525659a0,5815270e54991f20e63cebee88557e31894a51234450f5f25335bd9341bf857d,c:\Windows\WinSxS\amd64_microsoft-windows-p..randprintui-prnfldr_31bf3856ad364e35_10.0.18362.1_none_ae756985707f3677\prnfldr.dll
prnfldr.dll,232960,3,11146311,1970-05-10T00:11:51.000Z,imports,msvcrt.dll,_unlock,a996450fd41451d358d7d883525659a0,5815270e54991f20e63cebee88557e31894a51234450f5f25335bd9341bf857d,c:\Windows\WinSxS\amd64_microsoft-windows-p..randprintui-prnfldr_31bf3856ad364e35_10.0.18362.1_none_ae756985707f3677\prnfldr.dll
prnfldr.dll,232960,3,11146311,1970-05-10T00:11:51.000Z,imports,msvcrt.dll,_vsnwprintf,a996450fd41451d358d7d883525659a0,5815270e54991f20e63cebee88557e31894a51234450f5f25335bd9341bf857d,c:\Windows\WinSxS\amd64_microsoft-windows-p..randprintui-prnfldr_31bf3856ad364e35_10.0.18362.1_none_ae756985707f3677\prnfldr.dll
prnfldr.dll,232960,3,11146311,1970-05-10T00:11:51.000Z,imports,msvcrt.dll,_wcsicmp,a996450fd41451d358d7d883525659a0,5815270e54991f20e63cebee88557e31894a51234450f5f25335bd9341bf857d,c:\Windows\WinSxS\amd64_microsoft-windows-p..randprintui-prnfldr_31bf3856ad364e35_10.0.18362.1_none_ae756985707f3677\prnfldr.dll
prnfldr.dll,232960,3,11146311,1970-05-10T00:11:51.000Z,imports,msvcrt.dll,_wtoi,a996450fd41451d358d7d883525659a0,5815270e54991f20e63cebee88557e31894a51234450f5f25335bd9341bf857d,c:\Windows\WinSxS\amd64_microsoft-windows-p..randprintui-prnfldr_31bf3856ad364e35_10.0.18362.1_none_ae756985707f3677\prnfldr.dll
prnfldr.dll,232960,3,11146311,1970-05-10T00:11:51.000Z,imports,msvcrt.dll,free,a996450fd41451d358d7d883525659a0,5815270e54991f20e63cebee88557e31894a51234450f5f25335bd9341bf857d,c:\Windows\WinSxS\amd64_microsoft-windows-p..randprintui-prnfldr_31bf3856ad364e35_10.0.18362.1_none_ae756985707f3677\prnfldr.dll
prnfldr.dll,232960,3,11146311,1970-05-10T00:11:51.000Z,imports,msvcrt.dll,malloc,a996450fd41451d358d7d883525659a0,5815270e54991f20e63cebee88557e31894a51234450f5f25335bd9341bf857d,c:\Windows\WinSxS\amd64_microsoft-windows-p..randprintui-prnfldr_31bf3856ad364e35_10.0.18362.1_none_ae756985707f3677\prnfldr.dll
prnfldr.dll,232960,3,11146311,1970-05-10T00:11:51.000Z,imports,msvcrt.dll,memcpy,a996450fd41451d358d7d883525659a0,5815270e54991f20e63cebee88557e31894a51234450f5f25335bd9341bf857d,c:\Windows\WinSxS\amd64_microsoft-windows-p..randprintui-prnfldr_31bf3856ad364e35_10.0.18362.1_none_ae756985707f3677\prnfldr.dll
prnfldr.dll,232960,3,11146311,1970-05-10T00:11:51.000Z,imports,msvcrt.dll,memmove,a996450fd41451d358d7d883525659a0,5815270e54991f20e63cebee88557e31894a51234450f5f25335bd9341bf857d,c:\Windows\WinSxS\amd64_microsoft-windows-p..randprintui-prnfldr_31bf3856ad364e35_10.0.18362.1_none_ae756985707f3677\prnfldr.dll
prnfldr.dll,232960,3,11146311,1970-05-10T00:11:51.000Z,imports,msvcrt.dll,memset,a996450fd41451d358d7d883525659a0,5815270e54991f20e63cebee88557e31894a51234450f5f25335bd9341bf857d,c:\Windows\WinSxS\amd64_microsoft-windows-p..randprintui-prnfldr_31bf3856ad364e35_10.0.18362.1_none_ae756985707f3677\prnfldr.dll
prnfldr.dll,232960,3,11146311,1970-05-10T00:11:51.000Z,imports,msvcrt.dll,wcschr,a996450fd41451d358d7d883525659a0,5815270e54991f20e63cebee88557e31894a51234450f5f25335bd9341bf857d,c:\Windows\WinSxS\amd64_microsoft-windows-p..randprintui-prnfldr_31bf3856ad364e35_10.0.18362.1_none_ae756985707f3677\prnfldr.dll
prnfldr.dll,232960,3,11146311,1970-05-10T00:11:51.000Z,imports,msvcrt.dll,wcscmp,a996450fd41451d358d7d883525659a0,5815270e54991f20e63cebee88557e31894a51234450f5f25335bd9341bf857d,c:\Windows\WinSxS\amd64_microsoft-windows-p..randprintui-prnfldr_31bf3856ad364e35_10.0.18362.1_none_ae756985707f3677\prnfldr.dll
prnfldr.dll,232960,3,11146311,1970-05-10T00:11:51.000Z,imports,api-ms-win-eventing-classicprovider-l1-1-0.dll,GetTraceEnableFlags,a996450fd41451d358d7d883525659a0,5815270e54991f20e63cebee88557e31894a51234450f5f25335bd9341bf857d,c:\Windows\WinSxS\amd64_microsoft-windows-p..randprintui-prnfldr_31bf3856ad364e35_10.0.18362.1_none_ae756985707f3677\prnfldr.dll
prnfldr.dll,232960,3,11146311,1970-05-10T00:11:51.000Z,imports,api-ms-win-eventing-classicprovider-l1-1-0.dll,GetTraceEnableLevel,a996450fd41451d358d7d883525659a0,5815270e54991f20e63cebee88557e31894a51234450f5f25335bd9341bf857d,c:\Windows\WinSxS\amd64_microsoft-windows-p..randprintui-prnfldr_31bf3856ad364e35_10.0.18362.1_none_ae756985707f3677\prnfldr.dll
prnfldr.dll,232960,3,11146311,1970-05-10T00:11:51.000Z,imports,api-ms-win-eventing-classicprovider-l1-1-0.dll,GetTraceLoggerHandle,a996450fd41451d358d7d883525659a0,5815270e54991f20e63cebee88557e31894a51234450f5f25335bd9341bf857d,c:\Windows\WinSxS\amd64_microsoft-windows-p..randprintui-prnfldr_31bf3856ad364e35_10.0.18362.1_none_ae756985707f3677\prnfldr.dll
prnfldr.dll,232960,3,11146311,1970-05-10T00:11:51.000Z,imports,api-ms-win-eventing-classicprovider-l1-1-0.dll,RegisterTraceGuidsW,a996450fd41451d358d7d883525659a0,5815270e54991f20e63cebee88557e31894a51234450f5f25335bd9341bf857d,c:\Windows\WinSxS\amd64_microsoft-windows-p..randprintui-prnfldr_31bf3856ad364e35_10.0.18362.1_none_ae756985707f3677\prnfldr.dll
prnfldr.dll,232960,3,11146311,1970-05-10T00:11:51.000Z,imports,api-ms-win-eventing-classicprovider-l1-1-0.dll,TraceMessage,a996450fd41451d358d7d883525659a0,5815270e54991f20e63cebee88557e31894a51234450f5f25335bd9341bf857d,c:\Windows\WinSxS\amd64_microsoft-windows-p..randprintui-prnfldr_31bf3856ad364e35_10.0.18362.1_none_ae756985707f3677\prnfldr.dll
prnfldr.dll,232960,3,11146311,1970-05-10T00:11:51.000Z,imports,api-ms-win-eventing-classicprovider-l1-1-0.dll,UnregisterTraceGuids,a996450fd41451d358d7d883525659a0,5815270e54991f20e63cebee88557e31894a51234450f5f25335bd9341bf857d,c:\Windows\WinSxS\amd64_microsoft-windows-p..randprintui-prnfldr_31bf3856ad364e35_10.0.18362.1_none_ae756985707f3677\prnfldr.dll
prnfldr.dll,232960,3,11146311,1970-05-10T00:11:51.000Z,imports,api-ms-win-core-synch-l1-1-0.dll,AcquireSRWLockExclusive,a996450fd41451d358d7d883525659a0,5815270e54991f20e63cebee88557e31894a51234450f5f25335bd9341bf857d,c:\Windows\WinSxS\amd64_microsoft-windows-p..randprintui-prnfldr_31bf3856ad364e35_10.0.18362.1_none_ae756985707f3677\prnfldr.dll
prnfldr.dll,232960,3,11146311,1970-05-10T00:11:51.000Z,imports,api-ms-win-core-synch-l1-1-0.dll,AcquireSRWLockShared,a996450fd41451d358d7d883525659a0,5815270e54991f20e63cebee88557e31894a51234450f5f25335bd9341bf857d,c:\Windows\WinSxS\amd64_microsoft-windows-p..randprintui-prnfldr_31bf3856ad364e35_10.0.18362.1_none_ae756985707f3677\prnfldr.dll
prnfldr.dll,232960,3,11146311,1970-05-10T00:11:51.000Z,imports,api-ms-win-core-synch-l1-1-0.dll,CreateEventW,a996450fd41451d358d7d883525659a0,5815270e54991f20e63cebee88557e31894a51234450f5f25335bd9341bf857d,c:\Windows\WinSxS\amd64_microsoft-windows-p..randprintui-prnfldr_31bf3856ad364e35_10.0.18362.1_none_ae756985707f3677\prnfldr.dll
prnfldr.dll,232960,3,11146311,1970-05-10T00:11:51.000Z,imports,api-ms-win-core-synch-l1-1-0.dll,DeleteCriticalSection,a996450fd41451d358d7d883525659a0,5815270e54991f20e63cebee88557e31894a51234450f5f25335bd9341bf857d,c:\Windows\WinSxS\amd64_microsoft-windows-p..randprintui-prnfldr_31bf3856ad364e35_10.0.18362.1_none_ae756985707f3677\prnfldr.dll
prnfldr.dll,232960,3,11146311,1970-05-10T00:11:51.000Z,imports,api-ms-win-core-synch-l1-1-0.dll,EnterCriticalSection,a996450fd41451d358d7d883525659a0,5815270e54991f20e63cebee88557e31894a51234450f5f25335bd9341bf857d,c:\Windows\WinSxS\amd64_microsoft-windows-p..randprintui-prnfldr_31bf3856ad364e35_10.0.18362.1_none_ae756985707f3677\prnfldr.dll
prnfldr.dll,232960,3,11146311,1970-05-10T00:11:51.000Z,imports,api-ms-win-core-synch-l1-1-0.dll,InitializeCriticalSection,a996450fd41451d358d7d883525659a0,5815270e54991f20e63cebee88557e31894a51234450f5f25335bd9341bf857d,c:\Windows\WinSxS\amd64_microsoft-windows-p..randprintui-prnfldr_31bf3856ad364e35_10.0.18362.1_none_ae756985707f3677\prnfldr.dll
prnfldr.dll,232960,3,11146311,1970-05-10T00:11:51.000Z,imports,api-ms-win-core-synch-l1-1-0.dll,InitializeSRWLock,a996450fd41451d358d7d883525659a0,5815270e54991f20e63cebee88557e31894a51234450f5f25335bd9341bf857d,c:\Windows\WinSxS\amd64_microsoft-windows-p..randprintui-prnfldr_31bf3856ad364e35_10.0.18362.1_none_ae756985707f3677\prnfldr.dll
prnfldr.dll,232960,3,11146311,1970-05-10T00:11:51.000Z,imports,api-ms-win-core-synch-l1-1-0.dll,LeaveCriticalSection,a996450fd41451d358d7d883525659a0,5815270e54991f20e63cebee88557e31894a51234450f5f25335bd9341bf857d,c:\Windows\WinSxS\amd64_microsoft-windows-p..randprintui-prnfldr_31bf3856ad364e35_10.0.18362.1_none_ae756985707f3677\prnfldr.dll
prnfldr.dll,232960,3,11146311,1970-05-10T00:11:51.000Z,imports,api-ms-win-core-synch-l1-1-0.dll,ReleaseSRWLockExclusive,a996450fd41451d358d7d883525659a0,5815270e54991f20e63cebee88557e31894a51234450f5f25335bd9341bf857d,c:\Windows\WinSxS\amd64_microsoft-windows-p..randprintui-prnfldr_31bf3856ad364e35_10.0.18362.1_none_ae756985707f3677\prnfldr.dll
prnfldr.dll,232960,3,11146311,1970-05-10T00:11:51.000Z,imports,api-ms-win-core-synch-l1-1-0.dll,ReleaseSRWLockShared,a996450fd41451d358d7d883525659a0,5815270e54991f20e63cebee88557e31894a51234450f5f25335bd9341bf857d,c:\Windows\WinSxS\amd64_microsoft-windows-p..randprintui-prnfldr_31bf3856ad364e35_10.0.18362.1_none_ae756985707f3677\prnfldr.dll
prnfldr.dll,232960,3,11146311,1970-05-10T00:11:51.000Z,imports,api-ms-win-core-synch-l1-1-0.dll,SetEvent,a996450fd41451d358d7d883525659a0,5815270e54991f20e63cebee88557e31894a51234450f5f25335bd9341bf857d,c:\Windows\WinSxS\amd64_microsoft-windows-p..randprintui-prnfldr_31bf3856ad364e35_10.0.18362.1_none_ae756985707f3677\prnfldr.dll
prnfldr.dll,232960,3,11146311,1970-05-10T00:11:51.000Z,imports,api-ms-win-core-synch-l1-1-0.dll,WaitForSingleObject,a996450fd41451d358d7d883525659a0,5815270e54991f20e63cebee88557e31894a51234450f5f25335bd9341bf857d,c:\Windows\WinSxS\amd64_microsoft-windows-p..randprintui-prnfldr_31bf3856ad364e35_10.0.18362.1_none_ae756985707f3677\prnfldr.dll
prnfldr.dll,232960,3,11146311,1970-05-10T00:11:51.000Z,imports,api-ms-win-core-errorhandling-l1-1-0.dll,GetLastError,a996450fd41451d358d7d883525659a0,5815270e54991f20e63cebee88557e31894a51234450f5f25335bd9341bf857d,c:\Windows\WinSxS\amd64_microsoft-windows-p..randprintui-prnfldr_31bf3856ad364e35_10.0.18362.1_none_ae756985707f3677\prnfldr.dll
prnfldr.dll,232960,3,11146311,1970-05-10T00:11:51.000Z,imports,api-ms-win-core-errorhandling-l1-1-0.dll,RaiseException,a996450fd41451d358d7d883525659a0,5815270e54991f20e63cebee88557e31894a51234450f5f25335bd9341bf857d,c:\Windows\WinSxS\amd64_microsoft-windows-p..randprintui-prnfldr_31bf3856ad364e35_10.0.18362.1_none_ae756985707f3677\prnfldr.dll
prnfldr.dll,232960,3,11146311,1970-05-10T00:11:51.000Z,imports,api-ms-win-core-errorhandling-l1-1-0.dll,SetLastError,a996450fd41451d358d7d883525659a0,5815270e54991f20e63cebee88557e31894a51234450f5f25335bd9341bf857d,c:\Windows\WinSxS\amd64_microsoft-windows-p..randprintui-prnfldr_31bf3856ad364e35_10.0.18362.1_none_ae756985707f3677\prnfldr.dll
prnfldr.dll,232960,3,11146311,1970-05-10T00:11:51.000Z,imports,api-ms-win-core-errorhandling-l1-1-0.dll,SetUnhandledExceptionFilter,a996450fd41451d358d7d883525659a0,5815270e54991f20e63cebee88557e31894a51234450f5f25335bd9341bf857d,c:\Windows\WinSxS\amd64_microsoft-windows-p..randprintui-prnfldr_31bf3856ad364e35_10.0.18362.1_none_ae756985707f3677\prnfldr.dll
prnfldr.dll,232960,3,11146311,1970-05-10T00:11:51.000Z,imports,api-ms-win-core-errorhandling-l1-1-0.dll,UnhandledExceptionFilter,a996450fd41451d358d7d883525659a0,5815270e54991f20e63cebee88557e31894a51234450f5f25335bd9341bf857d,c:\Windows\WinSxS\amd64_microsoft-windows-p..randprintui-prnfldr_31bf3856ad364e35_10.0.18362.1_none_ae756985707f3677\prnfldr.dll
prnfldr.dll,232960,3,11146311,1970-05-10T00:11:51.000Z,imports,api-ms-win-core-libraryloader-l1-2-1.dll,LoadLibraryW,a996450fd41451d358d7d883525659a0,5815270e54991f20e63cebee88557e31894a51234450f5f25335bd9341bf857d,c:\Windows\WinSxS\amd64_microsoft-windows-p..randprintui-prnfldr_31bf3856ad364e35_10.0.18362.1_none_ae756985707f3677\prnfldr.dll
prnfldr.dll,232960,3,11146311,1970-05-10T00:11:51.000Z,imports,api-ms-win-core-libraryloader-l1-2-0.dll,DisableThreadLibraryCalls,a996450fd41451d358d7d883525659a0,5815270e54991f20e63cebee88557e31894a51234450f5f25335bd9341bf857d,c:\Windows\WinSxS\amd64_microsoft-windows-p..randprintui-prnfldr_31bf3856ad364e35_10.0.18362.1_none_ae756985707f3677\prnfldr.dll
prnfldr.dll,232960,3,11146311,1970-05-10T00:11:51.000Z,imports,api-ms-win-core-libraryloader-l1-2-0.dll,FreeLibrary,a996450fd41451d358d7d883525659a0,5815270e54991f20e63cebee88557e31894a51234450f5f25335bd9341bf857d,c:\Windows\WinSxS\amd64_microsoft-windows-p..randprintui-prnfldr_31bf3856ad364e35_10.0.18362.1_none_ae756985707f3677\prnfldr.dll
prnfldr.dll,232960,3,11146311,1970-05-10T00:11:51.000Z,imports,api-ms-win-core-libraryloader-l1-2-0.dll,GetModuleFileNameW,a996450fd41451d358d7d883525659a0,5815270e54991f20e63cebee88557e31894a51234450f5f25335bd9341bf857d,c:\Windows\WinSxS\amd64_microsoft-windows-p..randprintui-prnfldr_31bf3856ad364e35_10.0.18362.1_none_ae756985707f3677\prnfldr.dll
prnfldr.dll,232960,3,11146311,1970-05-10T00:11:51.000Z,imports,api-ms-win-core-libraryloader-l1-2-0.dll,GetModuleHandleExW,a996450fd41451d358d7d883525659a0,5815270e54991f20e63cebee88557e31894a51234450f5f25335bd9341bf857d,c:\Windows\WinSxS\amd64_microsoft-windows-p..randprintui-prnfldr_31bf3856ad364e35_10.0.18362.1_none_ae756985707f3677\prnfldr.dll
prnfldr.dll,232960,3,11146311,1970-05-10T00:11:51.000Z,imports,api-ms-win-core-libraryloader-l1-2-0.dll,GetProcAddress,a996450fd41451d358d7d883525659a0,5815270e54991f20e63cebee88557e31894a51234450f5f25335bd9341bf857d,c:\Windows\WinSxS\amd64_microsoft-windows-p..randprintui-prnfldr_31bf3856ad364e35_10.0.18362.1_none_ae756985707f3677\prnfldr.dll
prnfldr.dll,232960,3,11146311,1970-05-10T00:11:51.000Z,imports,api-ms-win-core-libraryloader-l1-2-0.dll,LoadLibraryExW,a996450fd41451d358d7d883525659a0,5815270e54991f20e63cebee88557e31894a51234450f5f25335bd9341bf857d,c:\Windows\WinSxS\amd64_microsoft-windows-p..randprintui-prnfldr_31bf3856ad364e35_10.0.18362.1_none_ae756985707f3677\prnfldr.dll
prnfldr.dll,232960,3,11146311,1970-05-10T00:11:51.000Z,imports,api-ms-win-core-libraryloader-l1-2-0.dll,LoadStringA,a996450fd41451d358d7d883525659a0,5815270e54991f20e63cebee88557e31894a51234450f5f25335bd9341bf857d,c:\Windows\WinSxS\amd64_microsoft-windows-p..randprintui-prnfldr_31bf3856ad364e35_10.0.18362.1_none_ae756985707f3677\prnfldr.dll
prnfldr.dll,232960,3,11146311,1970-05-10T00:11:51.000Z,imports,api-ms-win-core-libraryloader-l1-2-0.dll,LoadStringW,a996450fd41451d358d7d883525659a0,5815270e54991f20e63cebee88557e31894a51234450f5f25335bd9341bf857d,c:\Windows\WinSxS\amd64_microsoft-windows-p..randprintui-prnfldr_31bf3856ad364e35_10.0.18362.1_none_ae756985707f3677\prnfldr.dll
prnfldr.dll,232960,3,11146311,1970-05-10T00:11:51.000Z,imports,api-ms-win-core-debug-l1-1-0.dll,DebugBreak,a996450fd41451d358d7d883525659a0,5815270e54991f20e63cebee88557e31894a51234450f5f25335bd9341bf857d,c:\Windows\WinSxS\amd64_microsoft-windows-p..randprintui-prnfldr_31bf3856ad364e35_10.0.18362.1_none_ae756985707f3677\prnfldr.dll
prnfldr.dll,232960,3,11146311,1970-05-10T00:11:51.000Z,imports,api-ms-win-core-debug-l1-1-0.dll,IsDebuggerPresent,a996450fd41451d358d7d883525659a0,5815270e54991f20e63cebee88557e31894a51234450f5f25335bd9341bf857d,c:\Windows\WinSxS\amd64_microsoft-windows-p..randprintui-prnfldr_31bf3856ad364e35_10.0.18362.1_none_ae756985707f3677\prnfldr.dll
prnfldr.dll,232960,3,11146311,1970-05-10T00:11:51.000Z,imports,api-ms-win-core-debug-l1-1-0.dll,OutputDebugStringA,a996450fd41451d358d7d883525659a0,5815270e54991f20e63cebee88557e31894a51234450f5f25335bd9341bf857d,c:\Windows\WinSxS\amd64_microsoft-windows-p..randprintui-prnfldr_31bf3856ad364e35_10.0.18362.1_none_ae756985707f3677\prnfldr.dll
prnfldr.dll,232960,3,11146311,1970-05-10T00:11:51.000Z,imports,api-ms-win-core-sysinfo-l1-1-0.dll,GetSystemDirectoryW,a996450fd41451d358d7d883525659a0,5815270e54991f20e63cebee88557e31894a51234450f5f25335bd9341bf857d,c:\Windows\WinSxS\amd64_microsoft-windows-p..randprintui-prnfldr_31bf3856ad364e35_10.0.18362.1_none_ae756985707f3677\prnfldr.dll
prnfldr.dll,232960,3,11146311,1970-05-10T00:11:51.000Z,imports,api-ms-win-core-sysinfo-l1-1-0.dll,GetSystemTimeAsFileTime,a996450fd41451d358d7d883525659a0,5815270e54991f20e63cebee88557e31894a51234450f5f25335bd9341bf857d,c:\Windows\WinSxS\amd64_microsoft-windows-p..randprintui-prnfldr_31bf3856ad364e35_10.0.18362.1_none_ae756985707f3677\prnfldr.dll
prnfldr.dll,232960,3,11146311,1970-05-10T00:11:51.000Z,imports,api-ms-win-core-sysinfo-l1-1-0.dll,GetTickCount,a996450fd41451d358d7d883525659a0,5815270e54991f20e63cebee88557e31894a51234450f5f25335bd9341bf857d,c:\Windows\WinSxS\amd64_microsoft-windows-p..randprintui-prnfldr_31bf3856ad364e35_10.0.18362.1_none_ae756985707f3677\prnfldr.dll
prnfldr.dll,232960,3,11146311,1970-05-10T00:11:51.000Z,imports,api-ms-win-core-sysinfo-l1-1-0.dll,GetTickCount64,a996450fd41451d358d7d883525659a0,5815270e54991f20e63cebee88557e31894a51234450f5f25335bd9341bf857d,c:\Windows\WinSxS\amd64_microsoft-windows-p..randprintui-prnfldr_31bf3856ad364e35_10.0.18362.1_none_ae756985707f3677\prnfldr.dll
prnfldr.dll,232960,3,11146311,1970-05-10T00:11:51.000Z,imports,api-ms-win-core-synch-l1-2-0.dll,InitOnceExecuteOnce,a996450fd41451d358d7d883525659a0,5815270e54991f20e63cebee88557e31894a51234450f5f25335bd9341bf857d,c:\Windows\WinSxS\amd64_microsoft-windows-p..randprintui-prnfldr_31bf3856ad364e35_10.0.18362.1_none_ae756985707f3677\prnfldr.dll
prnfldr.dll,232960,3,11146311,1970-05-10T00:11:51.000Z,imports,api-ms-win-core-synch-l1-2-0.dll,Sleep,a996450fd41451d358d7d883525659a0,5815270e54991f20e63cebee88557e31894a51234450f5f25335bd9341bf857d,c:\Windows\WinSxS\amd64_microsoft-windows-p..randprintui-prnfldr_31bf3856ad364e35_10.0.18362.1_none_ae756985707f3677\prnfldr.dll
prnfldr.dll,232960,3,11146311,1970-05-10T00:11:51.000Z,imports,api-ms-win-core-synch-l1-2-0.dll,SleepConditionVariableSRW,a996450fd41451d358d7d883525659a0,5815270e54991f20e63cebee88557e31894a51234450f5f25335bd9341bf857d,c:\Windows\WinSxS\amd64_microsoft-windows-p..randprintui-prnfldr_31bf3856ad364e35_10.0.18362.1_none_ae756985707f3677\prnfldr.dll
prnfldr.dll,232960,3,11146311,1970-05-10T00:11:51.000Z,imports,api-ms-win-core-synch-l1-2-0.dll,WakeAllConditionVariable,a996450fd41451d358d7d883525659a0,5815270e54991f20e63cebee88557e31894a51234450f5f25335bd9341bf857d,c:\Windows\WinSxS\amd64_microsoft-windows-p..randprintui-prnfldr_31bf3856ad364e35_10.0.18362.1_none_ae756985707f3677\prnfldr.dll
prnfldr.dll,232960,3,11146311,1970-05-10T00:11:51.000Z,imports,api-ms-win-core-handle-l1-1-0.dll,CloseHandle,a996450fd41451d358d7d883525659a0,5815270e54991f20e63cebee88557e31894a51234450f5f25335bd9341bf857d,c:\Windows\WinSxS\amd64_microsoft-windows-p..randprintui-prnfldr_31bf3856ad364e35_10.0.18362.1_none_ae756985707f3677\prnfldr.dll
prnfldr.dll,232960,3,11146311,1970-05-10T00:11:51.000Z,imports,api-ms-win-core-heap-l2-1-0.dll,GlobalAlloc,a996450fd41451d358d7d883525659a0,5815270e54991f20e63cebee88557e31894a51234450f5f25335bd9341bf857d,c:\Windows\WinSxS\amd64_microsoft-windows-p..randprintui-prnfldr_31bf3856ad364e35_10.0.18362.1_none_ae756985707f3677\prnfldr.dll
prnfldr.dll,232960,3,11146311,1970-05-10T00:11:51.000Z,imports,api-ms-win-core-heap-l2-1-0.dll,LocalAlloc,a996450fd41451d358d7d883525659a0,5815270e54991f20e63cebee88557e31894a51234450f5f25335bd9341bf857d,c:\Windows\WinSxS\amd64_microsoft-windows-p..randprintui-prnfldr_31bf3856ad364e35_10.0.18362.1_none_ae756985707f3677\prnfldr.dll
prnfldr.dll,232960,3,11146311,1970-05-10T00:11:51.000Z,imports,api-ms-win-core-heap-l2-1-0.dll,LocalFree,a996450fd41451d358d7d883525659a0,5815270e54991f20e63cebee88557e31894a51234450f5f25335bd9341bf857d,c:\Windows\WinSxS\amd64_microsoft-windows-p..randprintui-prnfldr_31bf3856ad364e35_10.0.18362.1_none_ae756985707f3677\prnfldr.dll
prnfldr.dll,232960,3,11146311,1970-05-10T00:11:51.000Z,imports,api-ms-win-core-heap-l2-1-0.dll,LocalReAlloc,a996450fd41451d358d7d883525659a0,5815270e54991f20e63cebee88557e31894a51234450f5f25335bd9341bf857d,c:\Windows\WinSxS\amd64_microsoft-windows-p..randprintui-prnfldr_31bf3856ad364e35_10.0.18362.1_none_ae756985707f3677\prnfldr.dll
prnfldr.dll,232960,3,11146311,1970-05-10T00:11:51.000Z,imports,api-ms-win-core-com-l1-1-0.dll,CLSIDFromProgID,a996450fd41451d358d7d883525659a0,5815270e54991f20e63cebee88557e31894a51234450f5f25335bd9341bf857d,c:\Windows\WinSxS\amd64_microsoft-windows-p..randprintui-prnfldr_31bf3856ad364e35_10.0.18362.1_none_ae756985707f3677\prnfldr.dll
prnfldr.dll,232960,3,11146311,1970-05-10T00:11:51.000Z,imports,api-ms-win-core-com-l1-1-0.dll,CoCreateInstance,a996450fd41451d358d7d883525659a0,5815270e54991f20e63cebee88557e31894a51234450f5f25335bd9341bf857d,c:\Windows\WinSxS\amd64_microsoft-windows-p..randprintui-prnfldr_31bf3856ad364e35_10.0.18362.1_none_ae756985707f3677\prnfldr.dll
prnfldr.dll,232960,3,11146311,1970-05-10T00:11:51.000Z,imports,api-ms-win-core-com-l1-1-0.dll,CoGetInterfaceAndReleaseStream,a996450fd41451d358d7d883525659a0,5815270e54991f20e63cebee88557e31894a51234450f5f25335bd9341bf857d,c:\Windows\WinSxS\amd64_microsoft-windows-p..randprintui-prnfldr_31bf3856ad364e35_10.0.18362.1_none_ae756985707f3677\prnfldr.dll
prnfldr.dll,232960,3,11146311,1970-05-10T00:11:51.000Z,imports,api-ms-win-core-com-l1-1-0.dll,CoGetMalloc,a996450fd41451d358d7d883525659a0,5815270e54991f20e63cebee88557e31894a51234450f5f25335bd9341bf857d,c:\Windows\WinSxS\amd64_microsoft-windows-p..randprintui-prnfldr_31bf3856ad364e35_10.0.18362.1_none_ae756985707f3677\prnfldr.dll
prnfldr.dll,232960,3,11146311,1970-05-10T00:11:51.000Z,imports,api-ms-win-core-com-l1-1-0.dll,CoInitializeEx,a996450fd41451d358d7d883525659a0,5815270e54991f20e63cebee88557e31894a51234450f5f25335bd9341bf857d,c:\Windows\WinSxS\amd64_microsoft-windows-p..randprintui-prnfldr_31bf3856ad364e35_10.0.18362.1_none_ae756985707f3677\prnfldr.dll
prnfldr.dll,232960,3,11146311,1970-05-10T00:11:51.000Z,imports,api-ms-win-core-com-l1-1-0.dll,CoMarshalInterThreadInterfaceInStream,a996450fd41451d358d7d883525659a0,5815270e54991f20e63cebee88557e31894a51234450f5f25335bd9341bf857d,c:\Windows\WinSxS\amd64_microsoft-windows-p..randprintui-prnfldr_31bf3856ad364e35_10.0.18362.1_none_ae756985707f3677\prnfldr.dll
prnfldr.dll,232960,3,11146311,1970-05-10T00:11:51.000Z,imports,api-ms-win-core-com-l1-1-0.dll,CoTaskMemAlloc,a996450fd41451d358d7d883525659a0,5815270e54991f20e63cebee88557e31894a51234450f5f25335bd9341bf857d,c:\Windows\WinSxS\amd64_microsoft-windows-p..randprintui-prnfldr_31bf3856ad364e35_10.0.18362.1_none_ae756985707f3677\prnfldr.dll
prnfldr.dll,232960,3,11146311,1970-05-10T00:11:51.000Z,imports,api-ms-win-core-com-l1-1-0.dll,CoTaskMemFree,a996450fd41451d358d7d883525659a0,5815270e54991f20e63cebee88557e31894a51234450f5f25335bd9341bf857d,c:\Windows\WinSxS\amd64_microsoft-windows-p..randprintui-prnfldr_31bf3856ad364e35_10.0.18362.1_none_ae756985707f3677\prnfldr.dll
prnfldr.dll,232960,3,11146311,1970-05-10T00:11:51.000Z,imports,api-ms-win-core-com-l1-1-0.dll,CoUninitialize,a996450fd41451d358d7d883525659a0,5815270e54991f20e63cebee88557e31894a51234450f5f25335bd9341bf857d,c:\Windows\WinSxS\amd64_microsoft-windows-p..randprintui-prnfldr_31bf3856ad364e35_10.0.18362.1_none_ae756985707f3677\prnfldr.dll
prnfldr.dll,232960,3,11146311,1970-05-10T00:11:51.000Z,imports,api-ms-win-core-com-l1-1-0.dll,PropVariantClear,a996450fd41451d358d7d883525659a0,5815270e54991f20e63cebee88557e31894a51234450f5f25335bd9341bf857d,c:\Windows\WinSxS\amd64_microsoft-windows-p..randprintui-prnfldr_31bf3856ad364e35_10.0.18362.1_none_ae756985707f3677\prnfldr.dll
prnfldr.dll,232960,3,11146311,1970-05-10T00:11:51.000Z,imports,api-ms-win-eventing-provider-l1-1-0.dll,EventRegister,a996450fd41451d358d7d883525659a0,5815270e54991f20e63cebee88557e31894a51234450f5f25335bd9341bf857d,c:\Windows\WinSxS\amd64_microsoft-windows-p..randprintui-prnfldr_31bf3856ad364e35_10.0.18362.1_none_ae756985707f3677\prnfldr.dll
prnfldr.dll,232960,3,11146311,1970-05-10T00:11:51.000Z,imports,api-ms-win-eventing-provider-l1-1-0.dll,EventUnregister,a996450fd41451d358d7d883525659a0,5815270e54991f20e63cebee88557e31894a51234450f5f25335bd9341bf857d,c:\Windows\WinSxS\amd64_microsoft-windows-p..randprintui-prnfldr_31bf3856ad364e35_10.0.18362.1_none_ae756985707f3677\prnfldr.dll
prnfldr.dll,232960,3,11146311,1970-05-10T00:11:51.000Z,imports,api-ms-win-eventing-provider-l1-1-0.dll,EventWriteTransfer,a996450fd41451d358d7d883525659a0,5815270e54991f20e63cebee88557e31894a51234450f5f25335bd9341bf857d,c:\Windows\WinSxS\amd64_microsoft-windows-p..randprintui-prnfldr_31bf3856ad364e35_10.0.18362.1_none_ae756985707f3677\prnfldr.dll
prnfldr.dll,232960,3,11146311,1970-05-10T00:11:51.000Z,imports,api-ms-win-core-registry-l1-1-0.dll,RegCloseKey,a996450fd41451d358d7d883525659a0,5815270e54991f20e63cebee88557e31894a51234450f5f25335bd9341bf857d,c:\Windows\WinSxS\amd64_microsoft-windows-p..randprintui-prnfldr_31bf3856ad364e35_10.0.18362.1_none_ae756985707f3677\prnfldr.dll
prnfldr.dll,232960,3,11146311,1970-05-10T00:11:51.000Z,imports,api-ms-win-core-registry-l1-1-0.dll,RegCreateKeyExW,a996450fd41451d358d7d883525659a0,5815270e54991f20e63cebee88557e31894a51234450f5f25335bd9341bf857d,c:\Windows\WinSxS\amd64_microsoft-windows-p..randprintui-prnfldr_31bf3856ad364e35_10.0.18362.1_none_ae756985707f3677\prnfldr.dll
prnfldr.dll,232960,3,11146311,1970-05-10T00:11:51.000Z,imports,api-ms-win-core-registry-l1-1-0.dll,RegDeleteValueW,a996450fd41451d358d7d883525659a0,5815270e54991f20e63cebee88557e31894a51234450f5f25335bd9341bf857d,c:\Windows\WinSxS\amd64_microsoft-windows-p..randprintui-prnfldr_31bf3856ad364e35_10.0.18362.1_none_ae756985707f3677\prnfldr.dll
prnfldr.dll,232960,3,11146311,1970-05-10T00:11:51.000Z,imports,api-ms-win-core-registry-l1-1-0.dll,RegEnumKeyExW,a996450fd41451d358d7d883525659a0,5815270e54991f20e63cebee88557e31894a51234450f5f25335bd9341bf857d,c:\Windows\WinSxS\amd64_microsoft-windows-p..randprintui-prnfldr_31bf3856ad364e35_10.0.18362.1_none_ae756985707f3677\prnfldr.dll
prnfldr.dll,232960,3,11146311,1970-05-10T00:11:51.000Z,imports,api-ms-win-core-registry-l1-1-0.dll,RegOpenKeyExW,a996450fd41451d358d7d883525659a0,5815270e54991f20e63cebee88557e31894a51234450f5f25335bd9341bf857d,c:\Windows\WinSxS\amd64_microsoft-windows-p..randprintui-prnfldr_31bf3856ad364e35_10.0.18362.1_none_ae756985707f3677\prnfldr.dll
prnfldr.dll,232960,3,11146311,1970-05-10T00:11:51.000Z,imports,api-ms-win-core-registry-l1-1-0.dll,RegQueryValueExW,a996450fd41451d358d7d883525659a0,5815270e54991f20e63cebee88557e31894a51234450f5f25335bd9341bf857d,c:\Windows\WinSxS\amd64_microsoft-windows-p..randprintui-prnfldr_31bf3856ad364e35_10.0.18362.1_none_ae756985707f3677\prnfldr.dll
prnfldr.dll,232960,3,11146311,1970-05-10T00:11:51.000Z,imports,api-ms-win-core-registry-l1-1-0.dll,RegSetValueExW,a996450fd41451d358d7d883525659a0,5815270e54991f20e63cebee88557e31894a51234450f5f25335bd9341bf857d,c:\Windows\WinSxS\amd64_microsoft-windows-p..randprintui-prnfldr_31bf3856ad364e35_10.0.18362.1_none_ae756985707f3677\prnfldr.dll
prnfldr.dll,232960,3,11146311,1970-05-10T00:11:51.000Z,imports,api-ms-win-core-processthreads-l1-1-0.dll,GetCurrentProcess,a996450fd41451d358d7d883525659a0,5815270e54991f20e63cebee88557e31894a51234450f5f25335bd9341bf857d,c:\Windows\WinSxS\amd64_microsoft-windows-p..randprintui-prnfldr_31bf3856ad364e35_10.0.18362.1_none_ae756985707f3677\prnfldr.dll
prnfldr.dll,232960,3,11146311,1970-05-10T00:11:51.000Z,imports,api-ms-win-core-processthreads-l1-1-0.dll,GetCurrentProcessId,a996450fd41451d358d7d883525659a0,5815270e54991f20e63cebee88557e31894a51234450f5f25335bd9341bf857d,c:\Windows\WinSxS\amd64_microsoft-windows-p..randprintui-prnfldr_31bf3856ad364e35_10.0.18362.1_none_ae756985707f3677\prnfldr.dll
prnfldr.dll,232960,3,11146311,1970-05-10T00:11:51.000Z,imports,api-ms-win-core-processthreads-l1-1-0.dll,GetCurrentThreadId,a996450fd41451d358d7d883525659a0,5815270e54991f20e63cebee88557e31894a51234450f5f25335bd9341bf857d,c:\Windows\WinSxS\amd64_microsoft-windows-p..randprintui-prnfldr_31bf3856ad364e35_10.0.18362.1_none_ae756985707f3677\prnfldr.dll
prnfldr.dll,232960,3,11146311,1970-05-10T00:11:51.000Z,imports,api-ms-win-core-processthreads-l1-1-0.dll,OpenProcessToken,a996450fd41451d358d7d883525659a0,5815270e54991f20e63cebee88557e31894a51234450f5f25335bd9341bf857d,c:\Windows\WinSxS\amd64_microsoft-windows-p..randprintui-prnfldr_31bf3856ad364e35_10.0.18362.1_none_ae756985707f3677\prnfldr.dll
prnfldr.dll,232960,3,11146311,1970-05-10T00:11:51.000Z,imports,api-ms-win-core-processthreads-l1-1-0.dll,TerminateProcess,a996450fd41451d358d7d883525659a0,5815270e54991f20e63cebee88557e31894a51234450f5f25335bd9341bf857d,c:\Windows\WinSxS\amd64_microsoft-windows-p..randprintui-prnfldr_31bf3856ad364e35_10.0.18362.1_none_ae756985707f3677\prnfldr.dll
prnfldr.dll,232960,3,11146311,1970-05-10T00:11:51.000Z,imports,api-ms-win-core-localization-l1-2-0.dll,FormatMessageW,a996450fd41451d358d7d883525659a0,5815270e54991f20e63cebee88557e31894a51234450f5f25335bd9341bf857d,c:\Windows\WinSxS\amd64_microsoft-windows-p..randprintui-prnfldr_31bf3856ad364e35_10.0.18362.1_none_ae756985707f3677\prnfldr.dll
prnfldr.dll,232960,3,11146311,1970-05-10T00:11:51.000Z,imports,api-ms-win-core-path-l1-1-0.dll,PathIsUNCEx,a996450fd41451d358d7d883525659a0,5815270e54991f20e63cebee88557e31894a51234450f5f25335bd9341bf857d,c:\Windows\WinSxS\amd64_microsoft-windows-p..randprintui-prnfldr_31bf3856ad364e35_10.0.18362.1_none_ae756985707f3677\prnfldr.dll
prnfldr.dll,232960,3,11146311,1970-05-10T00:11:51.000Z,imports,api-ms-win-core-rtlsupport-l1-1-0.dll,RtlCaptureContext,a996450fd41451d358d7d883525659a0,5815270e54991f20e63cebee88557e31894a51234450f5f25335bd9341bf857d,c:\Windows\WinSxS\amd64_microsoft-windows-p..randprintui-prnfldr_31bf3856ad364e35_10.0.18362.1_none_ae756985707f3677\prnfldr.dll
prnfldr.dll,232960,3,11146311,1970-05-10T00:11:51.000Z,imports,api-ms-win-core-rtlsupport-l1-1-0.dll,RtlLookupFunctionEntry,a996450fd41451d358d7d883525659a0,5815270e54991f20e63cebee88557e31894a51234450f5f25335bd9341bf857d,c:\Windows\WinSxS\amd64_microsoft-windows-p..randprintui-prnfldr_31bf3856ad364e35_10.0.18362.1_none_ae756985707f3677\prnfldr.dll
prnfldr.dll,232960,3,11146311,1970-05-10T00:11:51.000Z,imports,api-ms-win-core-rtlsupport-l1-1-0.dll,RtlVirtualUnwind,a996450fd41451d358d7d883525659a0,5815270e54991f20e63cebee88557e31894a51234450f5f25335bd9341bf857d,c:\Windows\WinSxS\amd64_microsoft-windows-p..randprintui-prnfldr_31bf3856ad364e35_10.0.18362.1_none_ae756985707f3677\prnfldr.dll
prnfldr.dll,232960,3,11146311,1970-05-10T00:11:51.000Z,imports,api-ms-win-core-profile-l1-1-0.dll,QueryPerformanceCounter,a996450fd41451d358d7d883525659a0,5815270e54991f20e63cebee88557e31894a51234450f5f25335bd9341bf857d,c:\Windows\WinSxS\amd64_microsoft-windows-p..randprintui-prnfldr_31bf3856ad364e35_10.0.18362.1_none_ae756985707f3677\prnfldr.dll
prnfldr.dll,232960,3,11146311,1970-05-10T00:11:51.000Z,imports,ole32.dll,CreateBindCtx,a996450fd41451d358d7d883525659a0,5815270e54991f20e63cebee88557e31894a51234450f5f25335bd9341bf857d,c:\Windows\WinSxS\amd64_microsoft-windows-p..randprintui-prnfldr_31bf3856ad364e35_10.0.18362.1_none_ae756985707f3677\prnfldr.dll
prnfldr.dll,232960,3,11146311,1970-05-10T00:11:51.000Z,imports,ole32.dll,ReleaseStgMedium,a996450fd41451d358d7d883525659a0,5815270e54991f20e63cebee88557e31894a51234450f5f25335bd9341bf857d,c:\Windows\WinSxS\amd64_microsoft-windows-p..randprintui-prnfldr_31bf3856ad364e35_10.0.18362.1_none_ae756985707f3677\prnfldr.dll
prnfldr.dll,232960,3,11146311,1970-05-10T00:11:51.000Z,imports,gdi32.dll,CreateCompatibleDC,a996450fd41451d358d7d883525659a0,5815270e54991f20e63cebee88557e31894a51234450f5f25335bd9341bf857d,c:\Windows\WinSxS\amd64_microsoft-windows-p..randprintui-prnfldr_31bf3856ad364e35_10.0.18362.1_none_ae756985707f3677\prnfldr.dll
prnfldr.dll,232960,3,11146311,1970-05-10T00:11:51.000Z,imports,gdi32.dll,CreateDIBSection,a996450fd41451d358d7d883525659a0,5815270e54991f20e63cebee88557e31894a51234450f5f25335bd9341bf857d,c:\Windows\WinSxS\amd64_microsoft-windows-p..randprintui-prnfldr_31bf3856ad364e35_10.0.18362.1_none_ae756985707f3677\prnfldr.dll
prnfldr.dll,232960,3,11146311,1970-05-10T00:11:51.000Z,imports,gdi32.dll,DeleteDC,a996450fd41451d358d7d883525659a0,5815270e54991f20e63cebee88557e31894a51234450f5f25335bd9341bf857d,c:\Windows\WinSxS\amd64_microsoft-windows-p..randprintui-prnfldr_31bf3856ad364e35_10.0.18362.1_none_ae756985707f3677\prnfldr.dll
prnfldr.dll,232960,3,11146311,1970-05-10T00:11:51.000Z,imports,gdi32.dll,DeleteObject,a996450fd41451d358d7d883525659a0,5815270e54991f20e63cebee88557e31894a51234450f5f25335bd9341bf857d,c:\Windows\WinSxS\amd64_microsoft-windows-p..randprintui-prnfldr_31bf3856ad364e35_10.0.18362.1_none_ae756985707f3677\prnfldr.dll
prnfldr.dll,232960,3,11146311,1970-05-10T00:11:51.000Z,imports,gdi32.dll,SelectObject,a996450fd41451d358d7d883525659a0,5815270e54991f20e63cebee88557e31894a51234450f5f25335bd9341bf857d,c:\Windows\WinSxS\amd64_microsoft-windows-p..randprintui-prnfldr_31bf3856ad364e35_10.0.18362.1_none_ae756985707f3677\prnfldr.dll
prnfldr.dll,232960,3,11146311,1970-05-10T00:11:51.000Z,imports,user32.dll,DeleteMenu,a996450fd41451d358d7d883525659a0,5815270e54991f20e63cebee88557e31894a51234450f5f25335bd9341bf857d,c:\Windows\WinSxS\amd64_microsoft-windows-p..randprintui-prnfldr_31bf3856ad364e35_10.0.18362.1_none_ae756985707f3677\prnfldr.dll
prnfldr.dll,232960,3,11146311,1970-05-10T00:11:51.000Z,imports,user32.dll,DestroyIcon,a996450fd41451d358d7d883525659a0,5815270e54991f20e63cebee88557e31894a51234450f5f25335bd9341bf857d,c:\Windows\WinSxS\amd64_microsoft-windows-p..randprintui-prnfldr_31bf3856ad364e35_10.0.18362.1_none_ae756985707f3677\prnfldr.dll
prnfldr.dll,232960,3,11146311,1970-05-10T00:11:51.000Z,imports,user32.dll,DestroyMenu,a996450fd41451d358d7d883525659a0,5815270e54991f20e63cebee88557e31894a51234450f5f25335bd9341bf857d,c:\Windows\WinSxS\amd64_microsoft-windows-p..randprintui-prnfldr_31bf3856ad364e35_10.0.18362.1_none_ae756985707f3677\prnfldr.dll
prnfldr.dll,232960,3,11146311,1970-05-10T00:11:51.000Z,imports,user32.dll,GetAncestor,a996450fd41451d358d7d883525659a0,5815270e54991f20e63cebee88557e31894a51234450f5f25335bd9341bf857d,c:\Windows\WinSxS\amd64_microsoft-windows-p..randprintui-prnfldr_31bf3856ad364e35_10.0.18362.1_none_ae756985707f3677\prnfldr.dll
prnfldr.dll,232960,3,11146311,1970-05-10T00:11:51.000Z,imports,user32.dll,GetDC,a996450fd41451d358d7d883525659a0,5815270e54991f20e63cebee88557e31894a51234450f5f25335bd9341bf857d,c:\Windows\WinSxS\amd64_microsoft-windows-p..randprintui-prnfldr_31bf3856ad364e35_10.0.18362.1_none_ae756985707f3677\prnfldr.dll
prnfldr.dll,232960,3,11146311,1970-05-10T00:11:51.000Z,imports,user32.dll,GetMenuInfo,a996450fd41451d358d7d883525659a0,5815270e54991f20e63cebee88557e31894a51234450f5f25335bd9341bf857d,c:\Windows\WinSxS\amd64_microsoft-windows-p..randprintui-prnfldr_31bf3856ad364e35_10.0.18362.1_none_ae756985707f3677\prnfldr.dll
prnfldr.dll,232960,3,11146311,1970-05-10T00:11:51.000Z,imports,user32.dll,GetMenuItemCount,a996450fd41451d358d7d883525659a0,5815270e54991f20e63cebee88557e31894a51234450f5f25335bd9341bf857d,c:\Windows\WinSxS\amd64_microsoft-windows-p..randprintui-prnfldr_31bf3856ad364e35_10.0.18362.1_none_ae756985707f3677\prnfldr.dll
prnfldr.dll,232960,3,11146311,1970-05-10T00:11:51.000Z,imports,user32.dll,GetMenuItemInfoW,a996450fd41451d358d7d883525659a0,5815270e54991f20e63cebee88557e31894a51234450f5f25335bd9341bf857d,c:\Windows\WinSxS\amd64_microsoft-windows-p..randprintui-prnfldr_31bf3856ad364e35_10.0.18362.1_none_ae756985707f3677\prnfldr.dll
prnfldr.dll,232960,3,11146311,1970-05-10T00:11:51.000Z,imports,user32.dll,GetSubMenu,a996450fd41451d358d7d883525659a0,5815270e54991f20e63cebee88557e31894a51234450f5f25335bd9341bf857d,c:\Windows\WinSxS\amd64_microsoft-windows-p..randprintui-prnfldr_31bf3856ad364e35_10.0.18362.1_none_ae756985707f3677\prnfldr.dll
prnfldr.dll,232960,3,11146311,1970-05-10T00:11:51.000Z,imports,user32.dll,GetSystemMetrics,a996450fd41451d358d7d883525659a0,5815270e54991f20e63cebee88557e31894a51234450f5f25335bd9341bf857d,c:\Windows\WinSxS\amd64_microsoft-windows-p..randprintui-prnfldr_31bf3856ad364e35_10.0.18362.1_none_ae756985707f3677\prnfldr.dll
prnfldr.dll,232960,3,11146311,1970-05-10T00:11:51.000Z,imports,user32.dll,LoadMenuW,a996450fd41451d358d7d883525659a0,5815270e54991f20e63cebee88557e31894a51234450f5f25335bd9341bf857d,c:\Windows\WinSxS\amd64_microsoft-windows-p..randprintui-prnfldr_31bf3856ad364e35_10.0.18362.1_none_ae756985707f3677\prnfldr.dll
prnfldr.dll,232960,3,11146311,1970-05-10T00:11:51.000Z,imports,user32.dll,PostMessageW,a996450fd41451d358d7d883525659a0,5815270e54991f20e63cebee88557e31894a51234450f5f25335bd9341bf857d,c:\Windows\WinSxS\amd64_microsoft-windows-p..randprintui-prnfldr_31bf3856ad364e35_10.0.18362.1_none_ae756985707f3677\prnfldr.dll
prnfldr.dll,232960,3,11146311,1970-05-10T00:11:51.000Z,imports,user32.dll,RegisterClipboardFormatW,a996450fd41451d358d7d883525659a0,5815270e54991f20e63cebee88557e31894a51234450f5f25335bd9341bf857d,c:\Windows\WinSxS\amd64_microsoft-windows-p..randprintui-prnfldr_31bf3856ad364e35_10.0.18362.1_none_ae756985707f3677\prnfldr.dll
prnfldr.dll,232960,3,11146311,1970-05-10T00:11:51.000Z,imports,user32.dll,ReleaseDC,a996450fd41451d358d7d883525659a0,5815270e54991f20e63cebee88557e31894a51234450f5f25335bd9341bf857d,c:\Windows\WinSxS\amd64_microsoft-windows-p..randprintui-prnfldr_31bf3856ad364e35_10.0.18362.1_none_ae756985707f3677\prnfldr.dll
prnfldr.dll,232960,3,11146311,1970-05-10T00:11:51.000Z,imports,user32.dll,RemoveMenu,a996450fd41451d358d7d883525659a0,5815270e54991f20e63cebee88557e31894a51234450f5f25335bd9341bf857d,c:\Windows\WinSxS\amd64_microsoft-windows-p..randprintui-prnfldr_31bf3856ad364e35_10.0.18362.1_none_ae756985707f3677\prnfldr.dll
prnfldr.dll,232960,3,11146311,1970-05-10T00:11:51.000Z,imports,user32.dll,SendNotifyMessageW,a996450fd41451d358d7d883525659a0,5815270e54991f20e63cebee88557e31894a51234450f5f25335bd9341bf857d,c:\Windows\WinSxS\amd64_microsoft-windows-p..randprintui-prnfldr_31bf3856ad364e35_10.0.18362.1_none_ae756985707f3677\prnfldr.dll
prnfldr.dll,232960,3,11146311,1970-05-10T00:11:51.000Z,imports,user32.dll,SetForegroundWindow,a996450fd41451d358d7d883525659a0,5815270e54991f20e63cebee88557e31894a51234450f5f25335bd9341bf857d,c:\Windows\WinSxS\amd64_microsoft-windows-p..randprintui-prnfldr_31bf3856ad364e35_10.0.18362.1_none_ae756985707f3677\prnfldr.dll
prnfldr.dll,232960,3,11146311,1970-05-10T00:11:51.000Z,imports,user32.dll,SetMenuDefaultItem,a996450fd41451d358d7d883525659a0,5815270e54991f20e63cebee88557e31894a51234450f5f25335bd9341bf857d,c:\Windows\WinSxS\amd64_microsoft-windows-p..randprintui-prnfldr_31bf3856ad364e35_10.0.18362.1_none_ae756985707f3677\prnfldr.dll
prnfldr.dll,232960,3,11146311,1970-05-10T00:11:51.000Z,imports,user32.dll,SetMenuInfo,a996450fd41451d358d7d883525659a0,5815270e54991f20e63cebee88557e31894a51234450f5f25335bd9341bf857d,c:\Windows\WinSxS\amd64_microsoft-windows-p..randprintui-prnfldr_31bf3856ad364e35_10.0.18362.1_none_ae756985707f3677\prnfldr.dll
prnfldr.dll,232960,3,11146311,1970-05-10T00:11:51.000Z,imports,user32.dll,SetMenuItemInfoW,a996450fd41451d358d7d883525659a0,5815270e54991f20e63cebee88557e31894a51234450f5f25335bd9341bf857d,c:\Windows\WinSxS\amd64_microsoft-windows-p..randprintui-prnfldr_31bf3856ad364e35_10.0.18362.1_none_ae756985707f3677\prnfldr.dll
prnfldr.dll,232960,3,11146311,1970-05-10T00:11:51.000Z,imports,user32.dll,TrackPopupMenuEx,a996450fd41451d358d7d883525659a0,5815270e54991f20e63cebee88557e31894a51234450f5f25335bd9341bf857d,c:\Windows\WinSxS\amd64_microsoft-windows-p..randprintui-prnfldr_31bf3856ad364e35_10.0.18362.1_none_ae756985707f3677\prnfldr.dll
prnfldr.dll,232960,3,11146311,1970-05-10T00:11:51.000Z,imports,shell32.dll,AssocGetDetailsOfPropKey,a996450fd41451d358d7d883525659a0,5815270e54991f20e63cebee88557e31894a51234450f5f25335bd9341bf857d,c:\Windows\WinSxS\amd64_microsoft-windows-p..randprintui-prnfldr_31bf3856ad364e35_10.0.18362.1_none_ae756985707f3677\prnfldr.dll
prnfldr.dll,232960,3,11146311,1970-05-10T00:11:51.000Z,imports,shell32.dll,SHBindToObject,a996450fd41451d358d7d883525659a0,5815270e54991f20e63cebee88557e31894a51234450f5f25335bd9341bf857d,c:\Windows\WinSxS\amd64_microsoft-windows-p..randprintui-prnfldr_31bf3856ad364e35_10.0.18362.1_none_ae756985707f3677\prnfldr.dll
prnfldr.dll,232960,3,11146311,1970-05-10T00:11:51.000Z,imports,shell32.dll,SHBindToParent,a996450fd41451d358d7d883525659a0,5815270e54991f20e63cebee88557e31894a51234450f5f25335bd9341bf857d,c:\Windows\WinSxS\amd64_microsoft-windows-p..randprintui-prnfldr_31bf3856ad364e35_10.0.18362.1_none_ae756985707f3677\prnfldr.dll
prnfldr.dll,232960,3,11146311,1970-05-10T00:11:51.000Z,imports,shell32.dll,SHChangeNotify,a996450fd41451d358d7d883525659a0,5815270e54991f20e63cebee88557e31894a51234450f5f25335bd9341bf857d,c:\Windows\WinSxS\amd64_microsoft-windows-p..randprintui-prnfldr_31bf3856ad364e35_10.0.18362.1_none_ae756985707f3677\prnfldr.dll
prnfldr.dll,232960,3,11146311,1970-05-10T00:11:51.000Z,imports,shell32.dll,SHCreateDataObject,a996450fd41451d358d7d883525659a0,5815270e54991f20e63cebee88557e31894a51234450f5f25335bd9341bf857d,c:\Windows\WinSxS\amd64_microsoft-windows-p..randprintui-prnfldr_31bf3856ad364e35_10.0.18362.1_none_ae756985707f3677\prnfldr.dll
prnfldr.dll,232960,3,11146311,1970-05-10T00:11:51.000Z,imports,shell32.dll,SHCreateDefaultContextMenu,a996450fd41451d358d7d883525659a0,5815270e54991f20e63cebee88557e31894a51234450f5f25335bd9341bf857d,c:\Windows\WinSxS\amd64_microsoft-windows-p..randprintui-prnfldr_31bf3856ad364e35_10.0.18362.1_none_ae756985707f3677\prnfldr.dll
prnfldr.dll,232960,3,11146311,1970-05-10T00:11:51.000Z,imports,shell32.dll,SHCreateDefaultExtractIcon,a996450fd41451d358d7d883525659a0,5815270e54991f20e63cebee88557e31894a51234450f5f25335bd9341bf857d,c:\Windows\WinSxS\amd64_microsoft-windows-p..randprintui-prnfldr_31bf3856ad364e35_10.0.18362.1_none_ae756985707f3677\prnfldr.dll
prnfldr.dll,232960,3,11146311,1970-05-10T00:11:51.000Z,imports,shell32.dll,SHCreateShellItemArrayFromIDLists,a996450fd41451d358d7d883525659a0,5815270e54991f20e63cebee88557e31894a51234450f5f25335bd9341bf857d,c:\Windows\WinSxS\amd64_microsoft-windows-p..randprintui-prnfldr_31bf3856ad364e35_10.0.18362.1_none_ae756985707f3677\prnfldr.dll
prnfldr.dll,232960,3,11146311,1970-05-10T00:11:51.000Z,imports,shell32.dll,SHGetFolderLocation,a996450fd41451d358d7d883525659a0,5815270e54991f20e63cebee88557e31894a51234450f5f25335bd9341bf857d,c:\Windows\WinSxS\amd64_microsoft-windows-p..randprintui-prnfldr_31bf3856ad364e35_10.0.18362.1_none_ae756985707f3677\prnfldr.dll
prnfldr.dll,232960,3,11146311,1970-05-10T00:11:51.000Z,imports,shell32.dll,SHGetIconOverlayIndexW,a996450fd41451d358d7d883525659a0,5815270e54991f20e63cebee88557e31894a51234450f5f25335bd9341bf857d,c:\Windows\WinSxS\amd64_microsoft-windows-p..randprintui-prnfldr_31bf3856ad364e35_10.0.18362.1_none_ae756985707f3677\prnfldr.dll
prnfldr.dll,232960,3,11146311,1970-05-10T00:11:51.000Z,imports,shell32.dll,SHGetKnownFolderIDList,a996450fd41451d358d7d883525659a0,5815270e54991f20e63cebee88557e31894a51234450f5f25335bd9341bf857d,c:\Windows\WinSxS\amd64_microsoft-windows-p..randprintui-prnfldr_31bf3856ad364e35_10.0.18362.1_none_ae756985707f3677\prnfldr.dll
prnfldr.dll,232960,3,11146311,1970-05-10T00:11:51.000Z,imports,shell32.dll,ShellExecuteExW,a996450fd41451d358d7d883525659a0,5815270e54991f20e63cebee88557e31894a51234450f5f25335bd9341bf857d,c:\Windows\WinSxS\amd64_microsoft-windows-p..randprintui-prnfldr_31bf3856ad364e35_10.0.18362.1_none_ae756985707f3677\prnfldr.dll
prnfldr.dll,232960,3,11146311,1970-05-10T00:11:51.000Z,imports,shell32.dll,ShellExecuteW,a996450fd41451d358d7d883525659a0,5815270e54991f20e63cebee88557e31894a51234450f5f25335bd9341bf857d,c:\Windows\WinSxS\amd64_microsoft-windows-p..randprintui-prnfldr_31bf3856ad364e35_10.0.18362.1_none_ae756985707f3677\prnfldr.dll
prnfldr.dll,232960,3,11146311,1970-05-10T00:11:51.000Z,imports,ntdll.dll,NtQueryInformationToken,a996450fd41451d358d7d883525659a0,5815270e54991f20e63cebee88557e31894a51234450f5f25335bd9341bf857d,c:\Windows\WinSxS\amd64_microsoft-windows-p..randprintui-prnfldr_31bf3856ad364e35_10.0.18362.1_none_ae756985707f3677\prnfldr.dll
prnfldr.dll,232960,3,11146311,1970-05-10T00:11:51.000Z,imports,ntdll.dll,WinSqmAddToStream,a996450fd41451d358d7d883525659a0,5815270e54991f20e63cebee88557e31894a51234450f5f25335bd9341bf857d,c:\Windows\WinSxS\amd64_microsoft-windows-p..randprintui-prnfldr_31bf3856ad364e35_10.0.18362.1_none_ae756985707f3677\prnfldr.dll
prnfldr.dll,232960,3,11146311,1970-05-10T00:11:51.000Z,imports,ntdll.dll,WinSqmIncrementDWORD,a996450fd41451d358d7d883525659a0,5815270e54991f20e63cebee88557e31894a51234450f5f25335bd9341bf857d,c:\Windows\WinSxS\amd64_microsoft-windows-p..randprintui-prnfldr_31bf3856ad364e35_10.0.18362.1_none_ae756985707f3677\prnfldr.dll
prnfldr.dll,232960,3,11146311,1970-05-10T00:11:51.000Z,imports,shlwapi.dll,AssocCreate,a996450fd41451d358d7d883525659a0,5815270e54991f20e63cebee88557e31894a51234450f5f25335bd9341bf857d,c:\Windows\WinSxS\amd64_microsoft-windows-p..randprintui-prnfldr_31bf3856ad364e35_10.0.18362.1_none_ae756985707f3677\prnfldr.dll
prnfldr.dll,232960,3,11146311,1970-05-10T00:11:51.000Z,imports,shlwapi.dll,IntlStrEqWorkerW,a996450fd41451d358d7d883525659a0,5815270e54991f20e63cebee88557e31894a51234450f5f25335bd9341bf857d,c:\Windows\WinSxS\amd64_microsoft-windows-p..randprintui-prnfldr_31bf3856ad364e35_10.0.18362.1_none_ae756985707f3677\prnfldr.dll
prnfldr.dll,232960,3,11146311,1970-05-10T00:11:51.000Z,imports,shlwapi.dll,PathFindFileNameW,a996450fd41451d358d7d883525659a0,5815270e54991f20e63cebee88557e31894a51234450f5f25335bd9341bf857d,c:\Windows\WinSxS\amd64_microsoft-windows-p..randprintui-prnfldr_31bf3856ad364e35_10.0.18362.1_none_ae756985707f3677\prnfldr.dll
prnfldr.dll,232960,3,11146311,1970-05-10T00:11:51.000Z,imports,shlwapi.dll,PathRemoveBlanksW,a996450fd41451d358d7d883525659a0,5815270e54991f20e63cebee88557e31894a51234450f5f25335bd9341bf857d,c:\Windows\WinSxS\amd64_microsoft-windows-p..randprintui-prnfldr_31bf3856ad364e35_10.0.18362.1_none_ae756985707f3677\prnfldr.dll
prnfldr.dll,232960,3,11146311,1970-05-10T00:11:51.000Z,imports,shlwapi.dll,SHRegGetValueW,a996450fd41451d358d7d883525659a0,5815270e54991f20e63cebee88557e31894a51234450f5f25335bd9341bf857d,c:\Windows\WinSxS\amd64_microsoft-windows-p..randprintui-prnfldr_31bf3856ad364e35_10.0.18362.1_none_ae756985707f3677\prnfldr.dll
prnfldr.dll,232960,3,11146311,1970-05-10T00:11:51.000Z,imports,shlwapi.dll,SHStrDupW,a996450fd41451d358d7d883525659a0,5815270e54991f20e63cebee88557e31894a51234450f5f25335bd9341bf857d,c:\Windows\WinSxS\amd64_microsoft-windows-p..randprintui-prnfldr_31bf3856ad364e35_10.0.18362.1_none_ae756985707f3677\prnfldr.dll
prnfldr.dll,232960,3,11146311,1970-05-10T00:11:51.000Z,imports,shlwapi.dll,StrChrW,a996450fd41451d358d7d883525659a0,5815270e54991f20e63cebee88557e31894a51234450f5f25335bd9341bf857d,c:\Windows\WinSxS\amd64_microsoft-windows-p..randprintui-prnfldr_31bf3856ad364e35_10.0.18362.1_none_ae756985707f3677\prnfldr.dll
prnfldr.dll,232960,3,11146311,1970-05-10T00:11:51.000Z,imports,shlwapi.dll,StrDupW,a996450fd41451d358d7d883525659a0,5815270e54991f20e63cebee88557e31894a51234450f5f25335bd9341bf857d,c:\Windows\WinSxS\amd64_microsoft-windows-p..randprintui-prnfldr_31bf3856ad364e35_10.0.18362.1_none_ae756985707f3677\prnfldr.dll
prnfldr.dll,232960,3,11146311,1970-05-10T00:11:51.000Z,imports,shlwapi.dll,StrRetToBufW,a996450fd41451d358d7d883525659a0,5815270e54991f20e63cebee88557e31894a51234450f5f25335bd9341bf857d,c:\Windows\WinSxS\amd64_microsoft-windows-p..randprintui-prnfldr_31bf3856ad364e35_10.0.18362.1_none_ae756985707f3677\prnfldr.dll
prnfldr.dll,232960,3,11146311,1970-05-10T00:11:51.000Z,imports,shlwapi.dll,StrStrIW,a996450fd41451d358d7d883525659a0,5815270e54991f20e63cebee88557e31894a51234450f5f25335bd9341bf857d,c:\Windows\WinSxS\amd64_microsoft-windows-p..randprintui-prnfldr_31bf3856ad364e35_10.0.18362.1_none_ae756985707f3677\prnfldr.dll
prnfldr.dll,232960,3,11146311,1970-05-10T00:11:51.000Z,imports,propsys.dll,InitVariantFromResource,a996450fd41451d358d7d883525659a0,5815270e54991f20e63cebee88557e31894a51234450f5f25335bd9341bf857d,c:\Windows\WinSxS\amd64_microsoft-windows-p..randprintui-prnfldr_31bf3856ad364e35_10.0.18362.1_none_ae756985707f3677\prnfldr.dll
prnfldr.dll,232960,3,11146311,1970-05-10T00:11:51.000Z,imports,propsys.dll,PSFormatForDisplay,a996450fd41451d358d7d883525659a0,5815270e54991f20e63cebee88557e31894a51234450f5f25335bd9341bf857d,c:\Windows\WinSxS\amd64_microsoft-windows-p..randprintui-prnfldr_31bf3856ad364e35_10.0.18362.1_none_ae756985707f3677\prnfldr.dll
prnfldr.dll,232960,3,11146311,1970-05-10T00:11:51.000Z,imports,propsys.dll,VariantToBuffer,a996450fd41451d358d7d883525659a0,5815270e54991f20e63cebee88557e31894a51234450f5f25335bd9341bf857d,c:\Windows\WinSxS\amd64_microsoft-windows-p..randprintui-prnfldr_31bf3856ad364e35_10.0.18362.1_none_ae756985707f3677\prnfldr.dll
prnfldr.dll,232960,3,11146311,1970-05-10T00:11:51.000Z,imports,propsys.dll,VariantToPropVariant,a996450fd41451d358d7d883525659a0,5815270e54991f20e63cebee88557e31894a51234450f5f25335bd9341bf857d,c:\Windows\WinSxS\amd64_microsoft-windows-p..randprintui-prnfldr_31bf3856ad364e35_10.0.18362.1_none_ae756985707f3677\prnfldr.dll
prnfldr.dll,232960,3,11146311,1970-05-10T00:11:51.000Z,imports,kernel32.dll,ActivateActCtx,a996450fd41451d358d7d883525659a0,5815270e54991f20e63cebee88557e31894a51234450f5f25335bd9341bf857d,c:\Windows\WinSxS\amd64_microsoft-windows-p..randprintui-prnfldr_31bf3856ad364e35_10.0.18362.1_none_ae756985707f3677\prnfldr.dll
prnfldr.dll,232960,3,11146311,1970-05-10T00:11:51.000Z,imports,kernel32.dll,CheckElevationEnabled,a996450fd41451d358d7d883525659a0,5815270e54991f20e63cebee88557e31894a51234450f5f25335bd9341bf857d,c:\Windows\WinSxS\amd64_microsoft-windows-p..randprintui-prnfldr_31bf3856ad364e35_10.0.18362.1_none_ae756985707f3677\prnfldr.dll
prnfldr.dll,232960,3,11146311,1970-05-10T00:11:51.000Z,imports,kernel32.dll,CreateActCtxW,a996450fd41451d358d7d883525659a0,5815270e54991f20e63cebee88557e31894a51234450f5f25335bd9341bf857d,c:\Windows\WinSxS\amd64_microsoft-windows-p..randprintui-prnfldr_31bf3856ad364e35_10.0.18362.1_none_ae756985707f3677\prnfldr.dll
prnfldr.dll,232960,3,11146311,1970-05-10T00:11:51.000Z,imports,kernel32.dll,DeactivateActCtx,a996450fd41451d358d7d883525659a0,5815270e54991f20e63cebee88557e31894a51234450f5f25335bd9341bf857d,c:\Windows\WinSxS\amd64_microsoft-windows-p..randprintui-prnfldr_31bf3856ad364e35_10.0.18362.1_none_ae756985707f3677\prnfldr.dll
prnfldr.dll,232960,3,11146311,1970-05-10T00:11:51.000Z,imports,kernel32.dll,FindActCtxSectionStringW,a996450fd41451d358d7d883525659a0,5815270e54991f20e63cebee88557e31894a51234450f5f25335bd9341bf857d,c:\Windows\WinSxS\amd64_microsoft-windows-p..randprintui-prnfldr_31bf3856ad364e35_10.0.18362.1_none_ae756985707f3677\prnfldr.dll
prnfldr.dll,232960,3,11146311,1970-05-10T00:11:51.000Z,imports,kernel32.dll,GetComputerNameW,a996450fd41451d358d7d883525659a0,5815270e54991f20e63cebee88557e31894a51234450f5f25335bd9341bf857d,c:\Windows\WinSxS\amd64_microsoft-windows-p..randprintui-prnfldr_31bf3856ad364e35_10.0.18362.1_none_ae756985707f3677\prnfldr.dll
prnfldr.dll,232960,3,11146311,1970-05-10T00:11:51.000Z,imports,kernel32.dll,GetProcessHeap,a996450fd41451d358d7d883525659a0,5815270e54991f20e63cebee88557e31894a51234450f5f25335bd9341bf857d,c:\Windows\WinSxS\amd64_microsoft-windows-p..randprintui-prnfldr_31bf3856ad364e35_10.0.18362.1_none_ae756985707f3677\prnfldr.dll
prnfldr.dll,232960,3,11146311,1970-05-10T00:11:51.000Z,imports,kernel32.dll,GetProcessMitigationPolicy,a996450fd41451d358d7d883525659a0,5815270e54991f20e63cebee88557e31894a51234450f5f25335bd9341bf857d,c:\Windows\WinSxS\amd64_microsoft-windows-p..randprintui-prnfldr_31bf3856ad364e35_10.0.18362.1_none_ae756985707f3677\prnfldr.dll
prnfldr.dll,232960,3,11146311,1970-05-10T00:11:51.000Z,imports,kernel32.dll,GlobalLock,a996450fd41451d358d7d883525659a0,5815270e54991f20e63cebee88557e31894a51234450f5f25335bd9341bf857d,c:\Windows\WinSxS\amd64_microsoft-windows-p..randprintui-prnfldr_31bf3856ad364e35_10.0.18362.1_none_ae756985707f3677\prnfldr.dll
prnfldr.dll,232960,3,11146311,1970-05-10T00:11:51.000Z,imports,kernel32.dll,GlobalSize,a996450fd41451d358d7d883525659a0,5815270e54991f20e63cebee88557e31894a51234450f5f25335bd9341bf857d,c:\Windows\WinSxS\amd64_microsoft-windows-p..randprintui-prnfldr_31bf3856ad364e35_10.0.18362.1_none_ae756985707f3677\prnfldr.dll
prnfldr.dll,232960,3,11146311,1970-05-10T00:11:51.000Z,imports,kernel32.dll,GlobalUnlock,a996450fd41451d358d7d883525659a0,5815270e54991f20e63cebee88557e31894a51234450f5f25335bd9341bf857d,c:\Windows\WinSxS\amd64_microsoft-windows-p..randprintui-prnfldr_31bf3856ad364e35_10.0.18362.1_none_ae756985707f3677\prnfldr.dll
prnfldr.dll,232960,3,11146311,1970-05-10T00:11:51.000Z,imports,kernel32.dll,HeapAlloc,a996450fd41451d358d7d883525659a0,5815270e54991f20e63cebee88557e31894a51234450f5f25335bd9341bf857d,c:\Windows\WinSxS\amd64_microsoft-windows-p..randprintui-prnfldr_31bf3856ad364e35_10.0.18362.1_none_ae756985707f3677\prnfldr.dll
prnfldr.dll,232960,3,11146311,1970-05-10T00:11:51.000Z,imports,kernel32.dll,HeapFree,a996450fd41451d358d7d883525659a0,5815270e54991f20e63cebee88557e31894a51234450f5f25335bd9341bf857d,c:\Windows\WinSxS\amd64_microsoft-windows-p..randprintui-prnfldr_31bf3856ad364e35_10.0.18362.1_none_ae756985707f3677\prnfldr.dll
prnfldr.dll,232960,3,11146311,1970-05-10T00:11:51.000Z,imports,kernel32.dll,QueryActCtxW,a996450fd41451d358d7d883525659a0,5815270e54991f20e63cebee88557e31894a51234450f5f25335bd9341bf857d,c:\Windows\WinSxS\amd64_microsoft-windows-p..randprintui-prnfldr_31bf3856ad364e35_10.0.18362.1_none_ae756985707f3677\prnfldr.dll
prnfldr.dll,232960,3,11146311,1970-05-10T00:11:51.000Z,imports,kernel32.dll,QueueUserWorkItem,a996450fd41451d358d7d883525659a0,5815270e54991f20e63cebee88557e31894a51234450f5f25335bd9341bf857d,c:\Windows\WinSxS\amd64_microsoft-windows-p..randprintui-prnfldr_31bf3856ad364e35_10.0.18362.1_none_ae756985707f3677\prnfldr.dll
prnfldr.dll,232960,3,11146311,1970-05-10T00:11:51.000Z,imports,kernel32.dll,lstrcmpW,a996450fd41451d358d7d883525659a0,5815270e54991f20e63cebee88557e31894a51234450f5f25335bd9341bf857d,c:\Windows\WinSxS\amd64_microsoft-windows-p..randprintui-prnfldr_31bf3856ad364e35_10.0.18362.1_none_ae756985707f3677\prnfldr.dll
prnfldr.dll,232960,3,11146311,1970-05-10T00:11:51.000Z,imports,kernel32.dll,lstrcmpiW,a996450fd41451d358d7d883525659a0,5815270e54991f20e63cebee88557e31894a51234450f5f25335bd9341bf857d,c:\Windows\WinSxS\amd64_microsoft-windows-p..randprintui-prnfldr_31bf3856ad364e35_10.0.18362.1_none_ae756985707f3677\prnfldr.dll
prnfldr.dll,232960,3,11146311,1970-05-10T00:11:51.000Z,imports,api-ms-win-core-delayload-l1-1-1.dll,ResolveDelayLoadedAPI,a996450fd41451d358d7d883525659a0,5815270e54991f20e63cebee88557e31894a51234450f5f25335bd9341bf857d,c:\Windows\WinSxS\amd64_microsoft-windows-p..randprintui-prnfldr_31bf3856ad364e35_10.0.18362.1_none_ae756985707f3677\prnfldr.dll
prnfldr.dll,232960,3,11146311,1970-05-10T00:11:51.000Z,imports,api-ms-win-core-delayload-l1-1-0.dll,DelayLoadFailureHook,a996450fd41451d358d7d883525659a0,5815270e54991f20e63cebee88557e31894a51234450f5f25335bd9341bf857d,c:\Windows\WinSxS\amd64_microsoft-windows-p..randprintui-prnfldr_31bf3856ad364e35_10.0.18362.1_none_ae756985707f3677\prnfldr.dll
prnfldr.dll,232960,3,11146311,1970-05-10T00:11:51.000Z,exports,prnfldr.dll,DllCanUnloadNow,a996450fd41451d358d7d883525659a0,5815270e54991f20e63cebee88557e31894a51234450f5f25335bd9341bf857d,c:\Windows\WinSxS\amd64_microsoft-windows-p..randprintui-prnfldr_31bf3856ad364e35_10.0.18362.1_none_ae756985707f3677\prnfldr.dll
prnfldr.dll,232960,3,11146311,1970-05-10T00:11:51.000Z,exports,prnfldr.dll,DllGetClassObject,a996450fd41451d358d7d883525659a0,5815270e54991f20e63cebee88557e31894a51234450f5f25335bd9341bf857d,c:\Windows\WinSxS\amd64_microsoft-windows-p..randprintui-prnfldr_31bf3856ad364e35_10.0.18362.1_none_ae756985707f3677\prnfldr.dll
prnfldr.dll,232960,3,11146311,1970-05-10T00:11:51.000Z,exports,prnfldr.dll,DllRegisterServer,a996450fd41451d358d7d883525659a0,5815270e54991f20e63cebee88557e31894a51234450f5f25335bd9341bf857d,c:\Windows\WinSxS\amd64_microsoft-windows-p..randprintui-prnfldr_31bf3856ad364e35_10.0.18362.1_none_ae756985707f3677\prnfldr.dll
prnfldr.dll,232960,3,11146311,1970-05-10T00:11:51.000Z,exports,prnfldr.dll,DllUnregisterServer,a996450fd41451d358d7d883525659a0,5815270e54991f20e63cebee88557e31894a51234450f5f25335bd9341bf857d,c:\Windows\WinSxS\amd64_microsoft-windows-p..randprintui-prnfldr_31bf3856ad364e35_10.0.18362.1_none_ae756985707f3677\prnfldr.dll
