SAPIBackgroundTask.dll,248832,3,378446886,1981-12-29T04:08:06.000Z,imports,msvcp110_win.dll,??0_Lockit@std@@QEAA@H@Z,6a74cef065f3572dba6b0407174a9865,4f14cb1c849d28c3784d44f80c054ee89f466373eb1495f06f6274e33d5a81a2,c:\Windows\SystemApps\Microsoft.Windows.Cortana_cw5n1h2txyewy\SAPIBackgroundTask.dll
SAPIBackgroundTask.dll,248832,3,378446886,1981-12-29T04:08:06.000Z,imports,msvcp110_win.dll,??1_Lockit@std@@QEAA@XZ,6a74cef065f3572dba6b0407174a9865,4f14cb1c849d28c3784d44f80c054ee89f466373eb1495f06f6274e33d5a81a2,c:\Windows\SystemApps\Microsoft.Windows.Cortana_cw5n1h2txyewy\SAPIBackgroundTask.dll
SAPIBackgroundTask.dll,248832,3,378446886,1981-12-29T04:08:06.000Z,imports,msvcp110_win.dll,?_Syserror_map@std@@YAPEBDH@Z,6a74cef065f3572dba6b0407174a9865,4f14cb1c849d28c3784d44f80c054ee89f466373eb1495f06f6274e33d5a81a2,c:\Windows\SystemApps\Microsoft.Windows.Cortana_cw5n1h2txyewy\SAPIBackgroundTask.dll
SAPIBackgroundTask.dll,248832,3,378446886,1981-12-29T04:08:06.000Z,imports,msvcp110_win.dll,?_Winerror_map@std@@YAPEBDH@Z,6a74cef065f3572dba6b0407174a9865,4f14cb1c849d28c3784d44f80c054ee89f466373eb1495f06f6274e33d5a81a2,c:\Windows\SystemApps\Microsoft.Windows.Cortana_cw5n1h2txyewy\SAPIBackgroundTask.dll
SAPIBackgroundTask.dll,248832,3,378446886,1981-12-29T04:08:06.000Z,imports,msvcp110_win.dll,?_Xbad_alloc@std@@YAXXZ,6a74cef065f3572dba6b0407174a9865,4f14cb1c849d28c3784d44f80c054ee89f466373eb1495f06f6274e33d5a81a2,c:\Windows\SystemApps\Microsoft.Windows.Cortana_cw5n1h2txyewy\SAPIBackgroundTask.dll
SAPIBackgroundTask.dll,248832,3,378446886,1981-12-29T04:08:06.000Z,imports,msvcp110_win.dll,?_Xbad_function_call@std@@YAXXZ,6a74cef065f3572dba6b0407174a9865,4f14cb1c849d28c3784d44f80c054ee89f466373eb1495f06f6274e33d5a81a2,c:\Windows\SystemApps\Microsoft.Windows.Cortana_cw5n1h2txyewy\SAPIBackgroundTask.dll
SAPIBackgroundTask.dll,248832,3,378446886,1981-12-29T04:08:06.000Z,imports,msvcp110_win.dll,?_Xlength_error@std@@YAXPEBD@Z,6a74cef065f3572dba6b0407174a9865,4f14cb1c849d28c3784d44f80c054ee89f466373eb1495f06f6274e33d5a81a2,c:\Windows\SystemApps\Microsoft.Windows.Cortana_cw5n1h2txyewy\SAPIBackgroundTask.dll
SAPIBackgroundTask.dll,248832,3,378446886,1981-12-29T04:08:06.000Z,imports,msvcp110_win.dll,?_Xout_of_range@std@@YAXPEBD@Z,6a74cef065f3572dba6b0407174a9865,4f14cb1c849d28c3784d44f80c054ee89f466373eb1495f06f6274e33d5a81a2,c:\Windows\SystemApps\Microsoft.Windows.Cortana_cw5n1h2txyewy\SAPIBackgroundTask.dll
SAPIBackgroundTask.dll,248832,3,378446886,1981-12-29T04:08:06.000Z,imports,msvcrt.dll,??0exception@@QEAA@AEBV0@@Z,6a74cef065f3572dba6b0407174a9865,4f14cb1c849d28c3784d44f80c054ee89f466373eb1495f06f6274e33d5a81a2,c:\Windows\SystemApps\Microsoft.Windows.Cortana_cw5n1h2txyewy\SAPIBackgroundTask.dll
SAPIBackgroundTask.dll,248832,3,378446886,1981-12-29T04:08:06.000Z,imports,msvcrt.dll,??0exception@@QEAA@XZ,6a74cef065f3572dba6b0407174a9865,4f14cb1c849d28c3784d44f80c054ee89f466373eb1495f06f6274e33d5a81a2,c:\Windows\SystemApps\Microsoft.Windows.Cortana_cw5n1h2txyewy\SAPIBackgroundTask.dll
SAPIBackgroundTask.dll,248832,3,378446886,1981-12-29T04:08:06.000Z,imports,msvcrt.dll,??1exception@@UEAA@XZ,6a74cef065f3572dba6b0407174a9865,4f14cb1c849d28c3784d44f80c054ee89f466373eb1495f06f6274e33d5a81a2,c:\Windows\SystemApps\Microsoft.Windows.Cortana_cw5n1h2txyewy\SAPIBackgroundTask.dll
SAPIBackgroundTask.dll,248832,3,378446886,1981-12-29T04:08:06.000Z,imports,msvcrt.dll,??1type_info@@UEAA@XZ,6a74cef065f3572dba6b0407174a9865,4f14cb1c849d28c3784d44f80c054ee89f466373eb1495f06f6274e33d5a81a2,c:\Windows\SystemApps\Microsoft.Windows.Cortana_cw5n1h2txyewy\SAPIBackgroundTask.dll
SAPIBackgroundTask.dll,248832,3,378446886,1981-12-29T04:08:06.000Z,imports,msvcrt.dll,??3@YAXPEAX@Z,6a74cef065f3572dba6b0407174a9865,4f14cb1c849d28c3784d44f80c054ee89f466373eb1495f06f6274e33d5a81a2,c:\Windows\SystemApps\Microsoft.Windows.Cortana_cw5n1h2txyewy\SAPIBackgroundTask.dll
SAPIBackgroundTask.dll,248832,3,378446886,1981-12-29T04:08:06.000Z,imports,msvcrt.dll,?name@type_info@@QEBAPEBDXZ,6a74cef065f3572dba6b0407174a9865,4f14cb1c849d28c3784d44f80c054ee89f466373eb1495f06f6274e33d5a81a2,c:\Windows\SystemApps\Microsoft.Windows.Cortana_cw5n1h2txyewy\SAPIBackgroundTask.dll
SAPIBackgroundTask.dll,248832,3,378446886,1981-12-29T04:08:06.000Z,imports,msvcrt.dll,?terminate@@YAXXZ,6a74cef065f3572dba6b0407174a9865,4f14cb1c849d28c3784d44f80c054ee89f466373eb1495f06f6274e33d5a81a2,c:\Windows\SystemApps\Microsoft.Windows.Cortana_cw5n1h2txyewy\SAPIBackgroundTask.dll
SAPIBackgroundTask.dll,248832,3,378446886,1981-12-29T04:08:06.000Z,imports,msvcrt.dll,_CxxThrowException,6a74cef065f3572dba6b0407174a9865,4f14cb1c849d28c3784d44f80c054ee89f466373eb1495f06f6274e33d5a81a2,c:\Windows\SystemApps\Microsoft.Windows.Cortana_cw5n1h2txyewy\SAPIBackgroundTask.dll
SAPIBackgroundTask.dll,248832,3,378446886,1981-12-29T04:08:06.000Z,imports,msvcrt.dll,_XcptFilter,6a74cef065f3572dba6b0407174a9865,4f14cb1c849d28c3784d44f80c054ee89f466373eb1495f06f6274e33d5a81a2,c:\Windows\SystemApps\Microsoft.Windows.Cortana_cw5n1h2txyewy\SAPIBackgroundTask.dll
SAPIBackgroundTask.dll,248832,3,378446886,1981-12-29T04:08:06.000Z,imports,msvcrt.dll,__C_specific_handler,6a74cef065f3572dba6b0407174a9865,4f14cb1c849d28c3784d44f80c054ee89f466373eb1495f06f6274e33d5a81a2,c:\Windows\SystemApps\Microsoft.Windows.Cortana_cw5n1h2txyewy\SAPIBackgroundTask.dll
SAPIBackgroundTask.dll,248832,3,378446886,1981-12-29T04:08:06.000Z,imports,msvcrt.dll,__CxxFrameHandler3,6a74cef065f3572dba6b0407174a9865,4f14cb1c849d28c3784d44f80c054ee89f466373eb1495f06f6274e33d5a81a2,c:\Windows\SystemApps\Microsoft.Windows.Cortana_cw5n1h2txyewy\SAPIBackgroundTask.dll
SAPIBackgroundTask.dll,248832,3,378446886,1981-12-29T04:08:06.000Z,imports,msvcrt.dll,__ExceptionPtrCopy,6a74cef065f3572dba6b0407174a9865,4f14cb1c849d28c3784d44f80c054ee89f466373eb1495f06f6274e33d5a81a2,c:\Windows\SystemApps\Microsoft.Windows.Cortana_cw5n1h2txyewy\SAPIBackgroundTask.dll
SAPIBackgroundTask.dll,248832,3,378446886,1981-12-29T04:08:06.000Z,imports,msvcrt.dll,__ExceptionPtrCreate,6a74cef065f3572dba6b0407174a9865,4f14cb1c849d28c3784d44f80c054ee89f466373eb1495f06f6274e33d5a81a2,c:\Windows\SystemApps\Microsoft.Windows.Cortana_cw5n1h2txyewy\SAPIBackgroundTask.dll
SAPIBackgroundTask.dll,248832,3,378446886,1981-12-29T04:08:06.000Z,imports,msvcrt.dll,__ExceptionPtrCurrentException,6a74cef065f3572dba6b0407174a9865,4f14cb1c849d28c3784d44f80c054ee89f466373eb1495f06f6274e33d5a81a2,c:\Windows\SystemApps\Microsoft.Windows.Cortana_cw5n1h2txyewy\SAPIBackgroundTask.dll
SAPIBackgroundTask.dll,248832,3,378446886,1981-12-29T04:08:06.000Z,imports,msvcrt.dll,__ExceptionPtrDestroy,6a74cef065f3572dba6b0407174a9865,4f14cb1c849d28c3784d44f80c054ee89f466373eb1495f06f6274e33d5a81a2,c:\Windows\SystemApps\Microsoft.Windows.Cortana_cw5n1h2txyewy\SAPIBackgroundTask.dll
SAPIBackgroundTask.dll,248832,3,378446886,1981-12-29T04:08:06.000Z,imports,msvcrt.dll,__dllonexit,6a74cef065f3572dba6b0407174a9865,4f14cb1c849d28c3784d44f80c054ee89f466373eb1495f06f6274e33d5a81a2,c:\Windows\SystemApps\Microsoft.Windows.Cortana_cw5n1h2txyewy\SAPIBackgroundTask.dll
SAPIBackgroundTask.dll,248832,3,378446886,1981-12-29T04:08:06.000Z,imports,msvcrt.dll,_amsg_exit,6a74cef065f3572dba6b0407174a9865,4f14cb1c849d28c3784d44f80c054ee89f466373eb1495f06f6274e33d5a81a2,c:\Windows\SystemApps\Microsoft.Windows.Cortana_cw5n1h2txyewy\SAPIBackgroundTask.dll
SAPIBackgroundTask.dll,248832,3,378446886,1981-12-29T04:08:06.000Z,imports,msvcrt.dll,_callnewh,6a74cef065f3572dba6b0407174a9865,4f14cb1c849d28c3784d44f80c054ee89f466373eb1495f06f6274e33d5a81a2,c:\Windows\SystemApps\Microsoft.Windows.Cortana_cw5n1h2txyewy\SAPIBackgroundTask.dll
SAPIBackgroundTask.dll,248832,3,378446886,1981-12-29T04:08:06.000Z,imports,msvcrt.dll,_i64tow_s,6a74cef065f3572dba6b0407174a9865,4f14cb1c849d28c3784d44f80c054ee89f466373eb1495f06f6274e33d5a81a2,c:\Windows\SystemApps\Microsoft.Windows.Cortana_cw5n1h2txyewy\SAPIBackgroundTask.dll
SAPIBackgroundTask.dll,248832,3,378446886,1981-12-29T04:08:06.000Z,imports,msvcrt.dll,_initterm,6a74cef065f3572dba6b0407174a9865,4f14cb1c849d28c3784d44f80c054ee89f466373eb1495f06f6274e33d5a81a2,c:\Windows\SystemApps\Microsoft.Windows.Cortana_cw5n1h2txyewy\SAPIBackgroundTask.dll
SAPIBackgroundTask.dll,248832,3,378446886,1981-12-29T04:08:06.000Z,imports,msvcrt.dll,_lock,6a74cef065f3572dba6b0407174a9865,4f14cb1c849d28c3784d44f80c054ee89f466373eb1495f06f6274e33d5a81a2,c:\Windows\SystemApps\Microsoft.Windows.Cortana_cw5n1h2txyewy\SAPIBackgroundTask.dll
SAPIBackgroundTask.dll,248832,3,378446886,1981-12-29T04:08:06.000Z,imports,msvcrt.dll,_onexit,6a74cef065f3572dba6b0407174a9865,4f14cb1c849d28c3784d44f80c054ee89f466373eb1495f06f6274e33d5a81a2,c:\Windows\SystemApps\Microsoft.Windows.Cortana_cw5n1h2txyewy\SAPIBackgroundTask.dll
SAPIBackgroundTask.dll,248832,3,378446886,1981-12-29T04:08:06.000Z,imports,msvcrt.dll,_purecall,6a74cef065f3572dba6b0407174a9865,4f14cb1c849d28c3784d44f80c054ee89f466373eb1495f06f6274e33d5a81a2,c:\Windows\SystemApps\Microsoft.Windows.Cortana_cw5n1h2txyewy\SAPIBackgroundTask.dll
SAPIBackgroundTask.dll,248832,3,378446886,1981-12-29T04:08:06.000Z,imports,msvcrt.dll,_unlock,6a74cef065f3572dba6b0407174a9865,4f14cb1c849d28c3784d44f80c054ee89f466373eb1495f06f6274e33d5a81a2,c:\Windows\SystemApps\Microsoft.Windows.Cortana_cw5n1h2txyewy\SAPIBackgroundTask.dll
SAPIBackgroundTask.dll,248832,3,378446886,1981-12-29T04:08:06.000Z,imports,msvcrt.dll,_vsnprintf_s,6a74cef065f3572dba6b0407174a9865,4f14cb1c849d28c3784d44f80c054ee89f466373eb1495f06f6274e33d5a81a2,c:\Windows\SystemApps\Microsoft.Windows.Cortana_cw5n1h2txyewy\SAPIBackgroundTask.dll
SAPIBackgroundTask.dll,248832,3,378446886,1981-12-29T04:08:06.000Z,imports,msvcrt.dll,_vsnwprintf,6a74cef065f3572dba6b0407174a9865,4f14cb1c849d28c3784d44f80c054ee89f466373eb1495f06f6274e33d5a81a2,c:\Windows\SystemApps\Microsoft.Windows.Cortana_cw5n1h2txyewy\SAPIBackgroundTask.dll
SAPIBackgroundTask.dll,248832,3,378446886,1981-12-29T04:08:06.000Z,imports,msvcrt.dll,_wtof,6a74cef065f3572dba6b0407174a9865,4f14cb1c849d28c3784d44f80c054ee89f466373eb1495f06f6274e33d5a81a2,c:\Windows\SystemApps\Microsoft.Windows.Cortana_cw5n1h2txyewy\SAPIBackgroundTask.dll
SAPIBackgroundTask.dll,248832,3,378446886,1981-12-29T04:08:06.000Z,imports,msvcrt.dll,_wtoi64,6a74cef065f3572dba6b0407174a9865,4f14cb1c849d28c3784d44f80c054ee89f466373eb1495f06f6274e33d5a81a2,c:\Windows\SystemApps\Microsoft.Windows.Cortana_cw5n1h2txyewy\SAPIBackgroundTask.dll
SAPIBackgroundTask.dll,248832,3,378446886,1981-12-29T04:08:06.000Z,imports,msvcrt.dll,free,6a74cef065f3572dba6b0407174a9865,4f14cb1c849d28c3784d44f80c054ee89f466373eb1495f06f6274e33d5a81a2,c:\Windows\SystemApps\Microsoft.Windows.Cortana_cw5n1h2txyewy\SAPIBackgroundTask.dll
SAPIBackgroundTask.dll,248832,3,378446886,1981-12-29T04:08:06.000Z,imports,msvcrt.dll,iswdigit,6a74cef065f3572dba6b0407174a9865,4f14cb1c849d28c3784d44f80c054ee89f466373eb1495f06f6274e33d5a81a2,c:\Windows\SystemApps\Microsoft.Windows.Cortana_cw5n1h2txyewy\SAPIBackgroundTask.dll
SAPIBackgroundTask.dll,248832,3,378446886,1981-12-29T04:08:06.000Z,imports,msvcrt.dll,iswspace,6a74cef065f3572dba6b0407174a9865,4f14cb1c849d28c3784d44f80c054ee89f466373eb1495f06f6274e33d5a81a2,c:\Windows\SystemApps\Microsoft.Windows.Cortana_cw5n1h2txyewy\SAPIBackgroundTask.dll
SAPIBackgroundTask.dll,248832,3,378446886,1981-12-29T04:08:06.000Z,imports,msvcrt.dll,malloc,6a74cef065f3572dba6b0407174a9865,4f14cb1c849d28c3784d44f80c054ee89f466373eb1495f06f6274e33d5a81a2,c:\Windows\SystemApps\Microsoft.Windows.Cortana_cw5n1h2txyewy\SAPIBackgroundTask.dll
SAPIBackgroundTask.dll,248832,3,378446886,1981-12-29T04:08:06.000Z,imports,msvcrt.dll,mbstowcs_s,6a74cef065f3572dba6b0407174a9865,4f14cb1c849d28c3784d44f80c054ee89f466373eb1495f06f6274e33d5a81a2,c:\Windows\SystemApps\Microsoft.Windows.Cortana_cw5n1h2txyewy\SAPIBackgroundTask.dll
SAPIBackgroundTask.dll,248832,3,378446886,1981-12-29T04:08:06.000Z,imports,msvcrt.dll,memcmp,6a74cef065f3572dba6b0407174a9865,4f14cb1c849d28c3784d44f80c054ee89f466373eb1495f06f6274e33d5a81a2,c:\Windows\SystemApps\Microsoft.Windows.Cortana_cw5n1h2txyewy\SAPIBackgroundTask.dll
SAPIBackgroundTask.dll,248832,3,378446886,1981-12-29T04:08:06.000Z,imports,msvcrt.dll,memcpy,6a74cef065f3572dba6b0407174a9865,4f14cb1c849d28c3784d44f80c054ee89f466373eb1495f06f6274e33d5a81a2,c:\Windows\SystemApps\Microsoft.Windows.Cortana_cw5n1h2txyewy\SAPIBackgroundTask.dll
SAPIBackgroundTask.dll,248832,3,378446886,1981-12-29T04:08:06.000Z,imports,msvcrt.dll,memcpy_s,6a74cef065f3572dba6b0407174a9865,4f14cb1c849d28c3784d44f80c054ee89f466373eb1495f06f6274e33d5a81a2,c:\Windows\SystemApps\Microsoft.Windows.Cortana_cw5n1h2txyewy\SAPIBackgroundTask.dll
SAPIBackgroundTask.dll,248832,3,378446886,1981-12-29T04:08:06.000Z,imports,msvcrt.dll,memmove,6a74cef065f3572dba6b0407174a9865,4f14cb1c849d28c3784d44f80c054ee89f466373eb1495f06f6274e33d5a81a2,c:\Windows\SystemApps\Microsoft.Windows.Cortana_cw5n1h2txyewy\SAPIBackgroundTask.dll
SAPIBackgroundTask.dll,248832,3,378446886,1981-12-29T04:08:06.000Z,imports,msvcrt.dll,memmove_s,6a74cef065f3572dba6b0407174a9865,4f14cb1c849d28c3784d44f80c054ee89f466373eb1495f06f6274e33d5a81a2,c:\Windows\SystemApps\Microsoft.Windows.Cortana_cw5n1h2txyewy\SAPIBackgroundTask.dll
SAPIBackgroundTask.dll,248832,3,378446886,1981-12-29T04:08:06.000Z,imports,msvcrt.dll,memset,6a74cef065f3572dba6b0407174a9865,4f14cb1c849d28c3784d44f80c054ee89f466373eb1495f06f6274e33d5a81a2,c:\Windows\SystemApps\Microsoft.Windows.Cortana_cw5n1h2txyewy\SAPIBackgroundTask.dll
SAPIBackgroundTask.dll,248832,3,378446886,1981-12-29T04:08:06.000Z,imports,msvcrt.dll,strnlen,6a74cef065f3572dba6b0407174a9865,4f14cb1c849d28c3784d44f80c054ee89f466373eb1495f06f6274e33d5a81a2,c:\Windows\SystemApps\Microsoft.Windows.Cortana_cw5n1h2txyewy\SAPIBackgroundTask.dll
SAPIBackgroundTask.dll,248832,3,378446886,1981-12-29T04:08:06.000Z,imports,msvcrt.dll,swprintf_s,6a74cef065f3572dba6b0407174a9865,4f14cb1c849d28c3784d44f80c054ee89f466373eb1495f06f6274e33d5a81a2,c:\Windows\SystemApps\Microsoft.Windows.Cortana_cw5n1h2txyewy\SAPIBackgroundTask.dll
SAPIBackgroundTask.dll,248832,3,378446886,1981-12-29T04:08:06.000Z,imports,msvcrt.dll,swscanf_s,6a74cef065f3572dba6b0407174a9865,4f14cb1c849d28c3784d44f80c054ee89f466373eb1495f06f6274e33d5a81a2,c:\Windows\SystemApps\Microsoft.Windows.Cortana_cw5n1h2txyewy\SAPIBackgroundTask.dll
SAPIBackgroundTask.dll,248832,3,378446886,1981-12-29T04:08:06.000Z,imports,msvcrt.dll,wcscmp,6a74cef065f3572dba6b0407174a9865,4f14cb1c849d28c3784d44f80c054ee89f466373eb1495f06f6274e33d5a81a2,c:\Windows\SystemApps\Microsoft.Windows.Cortana_cw5n1h2txyewy\SAPIBackgroundTask.dll
SAPIBackgroundTask.dll,248832,3,378446886,1981-12-29T04:08:06.000Z,imports,api-ms-win-core-libraryloader-l1-2-0.dll,DisableThreadLibraryCalls,6a74cef065f3572dba6b0407174a9865,4f14cb1c849d28c3784d44f80c054ee89f466373eb1495f06f6274e33d5a81a2,c:\Windows\SystemApps\Microsoft.Windows.Cortana_cw5n1h2txyewy\SAPIBackgroundTask.dll
SAPIBackgroundTask.dll,248832,3,378446886,1981-12-29T04:08:06.000Z,imports,api-ms-win-core-libraryloader-l1-2-0.dll,GetModuleFileNameA,6a74cef065f3572dba6b0407174a9865,4f14cb1c849d28c3784d44f80c054ee89f466373eb1495f06f6274e33d5a81a2,c:\Windows\SystemApps\Microsoft.Windows.Cortana_cw5n1h2txyewy\SAPIBackgroundTask.dll
SAPIBackgroundTask.dll,248832,3,378446886,1981-12-29T04:08:06.000Z,imports,api-ms-win-core-libraryloader-l1-2-0.dll,GetModuleHandleExW,6a74cef065f3572dba6b0407174a9865,4f14cb1c849d28c3784d44f80c054ee89f466373eb1495f06f6274e33d5a81a2,c:\Windows\SystemApps\Microsoft.Windows.Cortana_cw5n1h2txyewy\SAPIBackgroundTask.dll
SAPIBackgroundTask.dll,248832,3,378446886,1981-12-29T04:08:06.000Z,imports,api-ms-win-core-libraryloader-l1-2-0.dll,GetModuleHandleW,6a74cef065f3572dba6b0407174a9865,4f14cb1c849d28c3784d44f80c054ee89f466373eb1495f06f6274e33d5a81a2,c:\Windows\SystemApps\Microsoft.Windows.Cortana_cw5n1h2txyewy\SAPIBackgroundTask.dll
SAPIBackgroundTask.dll,248832,3,378446886,1981-12-29T04:08:06.000Z,imports,api-ms-win-core-libraryloader-l1-2-0.dll,GetProcAddress,6a74cef065f3572dba6b0407174a9865,4f14cb1c849d28c3784d44f80c054ee89f466373eb1495f06f6274e33d5a81a2,c:\Windows\SystemApps\Microsoft.Windows.Cortana_cw5n1h2txyewy\SAPIBackgroundTask.dll
SAPIBackgroundTask.dll,248832,3,378446886,1981-12-29T04:08:06.000Z,imports,api-ms-win-core-synch-l1-2-0.dll,InitOnceBeginInitialize,6a74cef065f3572dba6b0407174a9865,4f14cb1c849d28c3784d44f80c054ee89f466373eb1495f06f6274e33d5a81a2,c:\Windows\SystemApps\Microsoft.Windows.Cortana_cw5n1h2txyewy\SAPIBackgroundTask.dll
SAPIBackgroundTask.dll,248832,3,378446886,1981-12-29T04:08:06.000Z,imports,api-ms-win-core-synch-l1-2-0.dll,InitOnceComplete,6a74cef065f3572dba6b0407174a9865,4f14cb1c849d28c3784d44f80c054ee89f466373eb1495f06f6274e33d5a81a2,c:\Windows\SystemApps\Microsoft.Windows.Cortana_cw5n1h2txyewy\SAPIBackgroundTask.dll
SAPIBackgroundTask.dll,248832,3,378446886,1981-12-29T04:08:06.000Z,imports,api-ms-win-core-synch-l1-2-0.dll,Sleep,6a74cef065f3572dba6b0407174a9865,4f14cb1c849d28c3784d44f80c054ee89f466373eb1495f06f6274e33d5a81a2,c:\Windows\SystemApps\Microsoft.Windows.Cortana_cw5n1h2txyewy\SAPIBackgroundTask.dll
SAPIBackgroundTask.dll,248832,3,378446886,1981-12-29T04:08:06.000Z,imports,api-ms-win-core-synch-l1-2-0.dll,SleepConditionVariableSRW,6a74cef065f3572dba6b0407174a9865,4f14cb1c849d28c3784d44f80c054ee89f466373eb1495f06f6274e33d5a81a2,c:\Windows\SystemApps\Microsoft.Windows.Cortana_cw5n1h2txyewy\SAPIBackgroundTask.dll
SAPIBackgroundTask.dll,248832,3,378446886,1981-12-29T04:08:06.000Z,imports,api-ms-win-core-synch-l1-2-0.dll,WakeAllConditionVariable,6a74cef065f3572dba6b0407174a9865,4f14cb1c849d28c3784d44f80c054ee89f466373eb1495f06f6274e33d5a81a2,c:\Windows\SystemApps\Microsoft.Windows.Cortana_cw5n1h2txyewy\SAPIBackgroundTask.dll
SAPIBackgroundTask.dll,248832,3,378446886,1981-12-29T04:08:06.000Z,imports,api-ms-win-core-synch-l1-1-0.dll,AcquireSRWLockExclusive,6a74cef065f3572dba6b0407174a9865,4f14cb1c849d28c3784d44f80c054ee89f466373eb1495f06f6274e33d5a81a2,c:\Windows\SystemApps\Microsoft.Windows.Cortana_cw5n1h2txyewy\SAPIBackgroundTask.dll
SAPIBackgroundTask.dll,248832,3,378446886,1981-12-29T04:08:06.000Z,imports,api-ms-win-core-synch-l1-1-0.dll,AcquireSRWLockShared,6a74cef065f3572dba6b0407174a9865,4f14cb1c849d28c3784d44f80c054ee89f466373eb1495f06f6274e33d5a81a2,c:\Windows\SystemApps\Microsoft.Windows.Cortana_cw5n1h2txyewy\SAPIBackgroundTask.dll
SAPIBackgroundTask.dll,248832,3,378446886,1981-12-29T04:08:06.000Z,imports,api-ms-win-core-synch-l1-1-0.dll,CreateEventExW,6a74cef065f3572dba6b0407174a9865,4f14cb1c849d28c3784d44f80c054ee89f466373eb1495f06f6274e33d5a81a2,c:\Windows\SystemApps\Microsoft.Windows.Cortana_cw5n1h2txyewy\SAPIBackgroundTask.dll
SAPIBackgroundTask.dll,248832,3,378446886,1981-12-29T04:08:06.000Z,imports,api-ms-win-core-synch-l1-1-0.dll,CreateMutexExW,6a74cef065f3572dba6b0407174a9865,4f14cb1c849d28c3784d44f80c054ee89f466373eb1495f06f6274e33d5a81a2,c:\Windows\SystemApps\Microsoft.Windows.Cortana_cw5n1h2txyewy\SAPIBackgroundTask.dll
SAPIBackgroundTask.dll,248832,3,378446886,1981-12-29T04:08:06.000Z,imports,api-ms-win-core-synch-l1-1-0.dll,CreateMutexW,6a74cef065f3572dba6b0407174a9865,4f14cb1c849d28c3784d44f80c054ee89f466373eb1495f06f6274e33d5a81a2,c:\Windows\SystemApps\Microsoft.Windows.Cortana_cw5n1h2txyewy\SAPIBackgroundTask.dll
SAPIBackgroundTask.dll,248832,3,378446886,1981-12-29T04:08:06.000Z,imports,api-ms-win-core-synch-l1-1-0.dll,CreateSemaphoreExW,6a74cef065f3572dba6b0407174a9865,4f14cb1c849d28c3784d44f80c054ee89f466373eb1495f06f6274e33d5a81a2,c:\Windows\SystemApps\Microsoft.Windows.Cortana_cw5n1h2txyewy\SAPIBackgroundTask.dll
SAPIBackgroundTask.dll,248832,3,378446886,1981-12-29T04:08:06.000Z,imports,api-ms-win-core-synch-l1-1-0.dll,DeleteCriticalSection,6a74cef065f3572dba6b0407174a9865,4f14cb1c849d28c3784d44f80c054ee89f466373eb1495f06f6274e33d5a81a2,c:\Windows\SystemApps\Microsoft.Windows.Cortana_cw5n1h2txyewy\SAPIBackgroundTask.dll
SAPIBackgroundTask.dll,248832,3,378446886,1981-12-29T04:08:06.000Z,imports,api-ms-win-core-synch-l1-1-0.dll,EnterCriticalSection,6a74cef065f3572dba6b0407174a9865,4f14cb1c849d28c3784d44f80c054ee89f466373eb1495f06f6274e33d5a81a2,c:\Windows\SystemApps\Microsoft.Windows.Cortana_cw5n1h2txyewy\SAPIBackgroundTask.dll
SAPIBackgroundTask.dll,248832,3,378446886,1981-12-29T04:08:06.000Z,imports,api-ms-win-core-synch-l1-1-0.dll,InitializeCriticalSectionEx,6a74cef065f3572dba6b0407174a9865,4f14cb1c849d28c3784d44f80c054ee89f466373eb1495f06f6274e33d5a81a2,c:\Windows\SystemApps\Microsoft.Windows.Cortana_cw5n1h2txyewy\SAPIBackgroundTask.dll
SAPIBackgroundTask.dll,248832,3,378446886,1981-12-29T04:08:06.000Z,imports,api-ms-win-core-synch-l1-1-0.dll,LeaveCriticalSection,6a74cef065f3572dba6b0407174a9865,4f14cb1c849d28c3784d44f80c054ee89f466373eb1495f06f6274e33d5a81a2,c:\Windows\SystemApps\Microsoft.Windows.Cortana_cw5n1h2txyewy\SAPIBackgroundTask.dll
SAPIBackgroundTask.dll,248832,3,378446886,1981-12-29T04:08:06.000Z,imports,api-ms-win-core-synch-l1-1-0.dll,OpenEventW,6a74cef065f3572dba6b0407174a9865,4f14cb1c849d28c3784d44f80c054ee89f466373eb1495f06f6274e33d5a81a2,c:\Windows\SystemApps\Microsoft.Windows.Cortana_cw5n1h2txyewy\SAPIBackgroundTask.dll
SAPIBackgroundTask.dll,248832,3,378446886,1981-12-29T04:08:06.000Z,imports,api-ms-win-core-synch-l1-1-0.dll,OpenSemaphoreW,6a74cef065f3572dba6b0407174a9865,4f14cb1c849d28c3784d44f80c054ee89f466373eb1495f06f6274e33d5a81a2,c:\Windows\SystemApps\Microsoft.Windows.Cortana_cw5n1h2txyewy\SAPIBackgroundTask.dll
SAPIBackgroundTask.dll,248832,3,378446886,1981-12-29T04:08:06.000Z,imports,api-ms-win-core-synch-l1-1-0.dll,ReleaseMutex,6a74cef065f3572dba6b0407174a9865,4f14cb1c849d28c3784d44f80c054ee89f466373eb1495f06f6274e33d5a81a2,c:\Windows\SystemApps\Microsoft.Windows.Cortana_cw5n1h2txyewy\SAPIBackgroundTask.dll
SAPIBackgroundTask.dll,248832,3,378446886,1981-12-29T04:08:06.000Z,imports,api-ms-win-core-synch-l1-1-0.dll,ReleaseSRWLockExclusive,6a74cef065f3572dba6b0407174a9865,4f14cb1c849d28c3784d44f80c054ee89f466373eb1495f06f6274e33d5a81a2,c:\Windows\SystemApps\Microsoft.Windows.Cortana_cw5n1h2txyewy\SAPIBackgroundTask.dll
SAPIBackgroundTask.dll,248832,3,378446886,1981-12-29T04:08:06.000Z,imports,api-ms-win-core-synch-l1-1-0.dll,ReleaseSRWLockShared,6a74cef065f3572dba6b0407174a9865,4f14cb1c849d28c3784d44f80c054ee89f466373eb1495f06f6274e33d5a81a2,c:\Windows\SystemApps\Microsoft.Windows.Cortana_cw5n1h2txyewy\SAPIBackgroundTask.dll
SAPIBackgroundTask.dll,248832,3,378446886,1981-12-29T04:08:06.000Z,imports,api-ms-win-core-synch-l1-1-0.dll,ReleaseSemaphore,6a74cef065f3572dba6b0407174a9865,4f14cb1c849d28c3784d44f80c054ee89f466373eb1495f06f6274e33d5a81a2,c:\Windows\SystemApps\Microsoft.Windows.Cortana_cw5n1h2txyewy\SAPIBackgroundTask.dll
SAPIBackgroundTask.dll,248832,3,378446886,1981-12-29T04:08:06.000Z,imports,api-ms-win-core-synch-l1-1-0.dll,ResetEvent,6a74cef065f3572dba6b0407174a9865,4f14cb1c849d28c3784d44f80c054ee89f466373eb1495f06f6274e33d5a81a2,c:\Windows\SystemApps\Microsoft.Windows.Cortana_cw5n1h2txyewy\SAPIBackgroundTask.dll
SAPIBackgroundTask.dll,248832,3,378446886,1981-12-29T04:08:06.000Z,imports,api-ms-win-core-synch-l1-1-0.dll,SetEvent,6a74cef065f3572dba6b0407174a9865,4f14cb1c849d28c3784d44f80c054ee89f466373eb1495f06f6274e33d5a81a2,c:\Windows\SystemApps\Microsoft.Windows.Cortana_cw5n1h2txyewy\SAPIBackgroundTask.dll
SAPIBackgroundTask.dll,248832,3,378446886,1981-12-29T04:08:06.000Z,imports,api-ms-win-core-synch-l1-1-0.dll,WaitForSingleObject,6a74cef065f3572dba6b0407174a9865,4f14cb1c849d28c3784d44f80c054ee89f466373eb1495f06f6274e33d5a81a2,c:\Windows\SystemApps\Microsoft.Windows.Cortana_cw5n1h2txyewy\SAPIBackgroundTask.dll
SAPIBackgroundTask.dll,248832,3,378446886,1981-12-29T04:08:06.000Z,imports,api-ms-win-core-synch-l1-1-0.dll,WaitForSingleObjectEx,6a74cef065f3572dba6b0407174a9865,4f14cb1c849d28c3784d44f80c054ee89f466373eb1495f06f6274e33d5a81a2,c:\Windows\SystemApps\Microsoft.Windows.Cortana_cw5n1h2txyewy\SAPIBackgroundTask.dll
SAPIBackgroundTask.dll,248832,3,378446886,1981-12-29T04:08:06.000Z,imports,api-ms-win-core-heap-l1-1-0.dll,GetProcessHeap,6a74cef065f3572dba6b0407174a9865,4f14cb1c849d28c3784d44f80c054ee89f466373eb1495f06f6274e33d5a81a2,c:\Windows\SystemApps\Microsoft.Windows.Cortana_cw5n1h2txyewy\SAPIBackgroundTask.dll
SAPIBackgroundTask.dll,248832,3,378446886,1981-12-29T04:08:06.000Z,imports,api-ms-win-core-heap-l1-1-0.dll,HeapAlloc,6a74cef065f3572dba6b0407174a9865,4f14cb1c849d28c3784d44f80c054ee89f466373eb1495f06f6274e33d5a81a2,c:\Windows\SystemApps\Microsoft.Windows.Cortana_cw5n1h2txyewy\SAPIBackgroundTask.dll
SAPIBackgroundTask.dll,248832,3,378446886,1981-12-29T04:08:06.000Z,imports,api-ms-win-core-heap-l1-1-0.dll,HeapFree,6a74cef065f3572dba6b0407174a9865,4f14cb1c849d28c3784d44f80c054ee89f466373eb1495f06f6274e33d5a81a2,c:\Windows\SystemApps\Microsoft.Windows.Cortana_cw5n1h2txyewy\SAPIBackgroundTask.dll
SAPIBackgroundTask.dll,248832,3,378446886,1981-12-29T04:08:06.000Z,imports,api-ms-win-core-errorhandling-l1-1-0.dll,GetLastError,6a74cef065f3572dba6b0407174a9865,4f14cb1c849d28c3784d44f80c054ee89f466373eb1495f06f6274e33d5a81a2,c:\Windows\SystemApps\Microsoft.Windows.Cortana_cw5n1h2txyewy\SAPIBackgroundTask.dll
SAPIBackgroundTask.dll,248832,3,378446886,1981-12-29T04:08:06.000Z,imports,api-ms-win-core-errorhandling-l1-1-0.dll,RaiseException,6a74cef065f3572dba6b0407174a9865,4f14cb1c849d28c3784d44f80c054ee89f466373eb1495f06f6274e33d5a81a2,c:\Windows\SystemApps\Microsoft.Windows.Cortana_cw5n1h2txyewy\SAPIBackgroundTask.dll
SAPIBackgroundTask.dll,248832,3,378446886,1981-12-29T04:08:06.000Z,imports,api-ms-win-core-errorhandling-l1-1-0.dll,SetLastError,6a74cef065f3572dba6b0407174a9865,4f14cb1c849d28c3784d44f80c054ee89f466373eb1495f06f6274e33d5a81a2,c:\Windows\SystemApps\Microsoft.Windows.Cortana_cw5n1h2txyewy\SAPIBackgroundTask.dll
SAPIBackgroundTask.dll,248832,3,378446886,1981-12-29T04:08:06.000Z,imports,api-ms-win-core-errorhandling-l1-1-0.dll,SetUnhandledExceptionFilter,6a74cef065f3572dba6b0407174a9865,4f14cb1c849d28c3784d44f80c054ee89f466373eb1495f06f6274e33d5a81a2,c:\Windows\SystemApps\Microsoft.Windows.Cortana_cw5n1h2txyewy\SAPIBackgroundTask.dll
SAPIBackgroundTask.dll,248832,3,378446886,1981-12-29T04:08:06.000Z,imports,api-ms-win-core-errorhandling-l1-1-0.dll,UnhandledExceptionFilter,6a74cef065f3572dba6b0407174a9865,4f14cb1c849d28c3784d44f80c054ee89f466373eb1495f06f6274e33d5a81a2,c:\Windows\SystemApps\Microsoft.Windows.Cortana_cw5n1h2txyewy\SAPIBackgroundTask.dll
SAPIBackgroundTask.dll,248832,3,378446886,1981-12-29T04:08:06.000Z,imports,api-ms-win-core-winrt-string-l1-1-0.dll,WindowsCreateString,6a74cef065f3572dba6b0407174a9865,4f14cb1c849d28c3784d44f80c054ee89f466373eb1495f06f6274e33d5a81a2,c:\Windows\SystemApps\Microsoft.Windows.Cortana_cw5n1h2txyewy\SAPIBackgroundTask.dll
SAPIBackgroundTask.dll,248832,3,378446886,1981-12-29T04:08:06.000Z,imports,api-ms-win-core-winrt-string-l1-1-0.dll,WindowsCreateStringReference,6a74cef065f3572dba6b0407174a9865,4f14cb1c849d28c3784d44f80c054ee89f466373eb1495f06f6274e33d5a81a2,c:\Windows\SystemApps\Microsoft.Windows.Cortana_cw5n1h2txyewy\SAPIBackgroundTask.dll
SAPIBackgroundTask.dll,248832,3,378446886,1981-12-29T04:08:06.000Z,imports,api-ms-win-core-winrt-string-l1-1-0.dll,WindowsDeleteString,6a74cef065f3572dba6b0407174a9865,4f14cb1c849d28c3784d44f80c054ee89f466373eb1495f06f6274e33d5a81a2,c:\Windows\SystemApps\Microsoft.Windows.Cortana_cw5n1h2txyewy\SAPIBackgroundTask.dll
SAPIBackgroundTask.dll,248832,3,378446886,1981-12-29T04:08:06.000Z,imports,api-ms-win-core-winrt-string-l1-1-0.dll,WindowsDuplicateString,6a74cef065f3572dba6b0407174a9865,4f14cb1c849d28c3784d44f80c054ee89f466373eb1495f06f6274e33d5a81a2,c:\Windows\SystemApps\Microsoft.Windows.Cortana_cw5n1h2txyewy\SAPIBackgroundTask.dll
SAPIBackgroundTask.dll,248832,3,378446886,1981-12-29T04:08:06.000Z,imports,api-ms-win-core-winrt-string-l1-1-0.dll,WindowsGetStringRawBuffer,6a74cef065f3572dba6b0407174a9865,4f14cb1c849d28c3784d44f80c054ee89f466373eb1495f06f6274e33d5a81a2,c:\Windows\SystemApps\Microsoft.Windows.Cortana_cw5n1h2txyewy\SAPIBackgroundTask.dll
SAPIBackgroundTask.dll,248832,3,378446886,1981-12-29T04:08:06.000Z,imports,api-ms-win-core-winrt-string-l1-1-0.dll,WindowsIsStringEmpty,6a74cef065f3572dba6b0407174a9865,4f14cb1c849d28c3784d44f80c054ee89f466373eb1495f06f6274e33d5a81a2,c:\Windows\SystemApps\Microsoft.Windows.Cortana_cw5n1h2txyewy\SAPIBackgroundTask.dll
SAPIBackgroundTask.dll,248832,3,378446886,1981-12-29T04:08:06.000Z,imports,api-ms-win-core-winrt-string-l1-1-0.dll,WindowsStringHasEmbeddedNull,6a74cef065f3572dba6b0407174a9865,4f14cb1c849d28c3784d44f80c054ee89f466373eb1495f06f6274e33d5a81a2,c:\Windows\SystemApps\Microsoft.Windows.Cortana_cw5n1h2txyewy\SAPIBackgroundTask.dll
SAPIBackgroundTask.dll,248832,3,378446886,1981-12-29T04:08:06.000Z,imports,api-ms-win-eventing-provider-l1-1-0.dll,EventActivityIdControl,6a74cef065f3572dba6b0407174a9865,4f14cb1c849d28c3784d44f80c054ee89f466373eb1495f06f6274e33d5a81a2,c:\Windows\SystemApps\Microsoft.Windows.Cortana_cw5n1h2txyewy\SAPIBackgroundTask.dll
SAPIBackgroundTask.dll,248832,3,378446886,1981-12-29T04:08:06.000Z,imports,api-ms-win-eventing-provider-l1-1-0.dll,EventRegister,6a74cef065f3572dba6b0407174a9865,4f14cb1c849d28c3784d44f80c054ee89f466373eb1495f06f6274e33d5a81a2,c:\Windows\SystemApps\Microsoft.Windows.Cortana_cw5n1h2txyewy\SAPIBackgroundTask.dll
SAPIBackgroundTask.dll,248832,3,378446886,1981-12-29T04:08:06.000Z,imports,api-ms-win-eventing-provider-l1-1-0.dll,EventSetInformation,6a74cef065f3572dba6b0407174a9865,4f14cb1c849d28c3784d44f80c054ee89f466373eb1495f06f6274e33d5a81a2,c:\Windows\SystemApps\Microsoft.Windows.Cortana_cw5n1h2txyewy\SAPIBackgroundTask.dll
SAPIBackgroundTask.dll,248832,3,378446886,1981-12-29T04:08:06.000Z,imports,api-ms-win-eventing-provider-l1-1-0.dll,EventUnregister,6a74cef065f3572dba6b0407174a9865,4f14cb1c849d28c3784d44f80c054ee89f466373eb1495f06f6274e33d5a81a2,c:\Windows\SystemApps\Microsoft.Windows.Cortana_cw5n1h2txyewy\SAPIBackgroundTask.dll
SAPIBackgroundTask.dll,248832,3,378446886,1981-12-29T04:08:06.000Z,imports,api-ms-win-eventing-provider-l1-1-0.dll,EventWriteTransfer,6a74cef065f3572dba6b0407174a9865,4f14cb1c849d28c3784d44f80c054ee89f466373eb1495f06f6274e33d5a81a2,c:\Windows\SystemApps\Microsoft.Windows.Cortana_cw5n1h2txyewy\SAPIBackgroundTask.dll
SAPIBackgroundTask.dll,248832,3,378446886,1981-12-29T04:08:06.000Z,imports,api-ms-win-core-util-l1-1-0.dll,DecodePointer,6a74cef065f3572dba6b0407174a9865,4f14cb1c849d28c3784d44f80c054ee89f466373eb1495f06f6274e33d5a81a2,c:\Windows\SystemApps\Microsoft.Windows.Cortana_cw5n1h2txyewy\SAPIBackgroundTask.dll
SAPIBackgroundTask.dll,248832,3,378446886,1981-12-29T04:08:06.000Z,imports,api-ms-win-core-util-l1-1-0.dll,EncodePointer,6a74cef065f3572dba6b0407174a9865,4f14cb1c849d28c3784d44f80c054ee89f466373eb1495f06f6274e33d5a81a2,c:\Windows\SystemApps\Microsoft.Windows.Cortana_cw5n1h2txyewy\SAPIBackgroundTask.dll
SAPIBackgroundTask.dll,248832,3,378446886,1981-12-29T04:08:06.000Z,imports,api-ms-win-core-heap-l2-1-0.dll,LocalAlloc,6a74cef065f3572dba6b0407174a9865,4f14cb1c849d28c3784d44f80c054ee89f466373eb1495f06f6274e33d5a81a2,c:\Windows\SystemApps\Microsoft.Windows.Cortana_cw5n1h2txyewy\SAPIBackgroundTask.dll
SAPIBackgroundTask.dll,248832,3,378446886,1981-12-29T04:08:06.000Z,imports,api-ms-win-core-heap-l2-1-0.dll,LocalFree,6a74cef065f3572dba6b0407174a9865,4f14cb1c849d28c3784d44f80c054ee89f466373eb1495f06f6274e33d5a81a2,c:\Windows\SystemApps\Microsoft.Windows.Cortana_cw5n1h2txyewy\SAPIBackgroundTask.dll
SAPIBackgroundTask.dll,248832,3,378446886,1981-12-29T04:08:06.000Z,imports,api-ms-win-core-processthreads-l1-1-0.dll,GetCurrentProcess,6a74cef065f3572dba6b0407174a9865,4f14cb1c849d28c3784d44f80c054ee89f466373eb1495f06f6274e33d5a81a2,c:\Windows\SystemApps\Microsoft.Windows.Cortana_cw5n1h2txyewy\SAPIBackgroundTask.dll
SAPIBackgroundTask.dll,248832,3,378446886,1981-12-29T04:08:06.000Z,imports,api-ms-win-core-processthreads-l1-1-0.dll,GetCurrentProcessId,6a74cef065f3572dba6b0407174a9865,4f14cb1c849d28c3784d44f80c054ee89f466373eb1495f06f6274e33d5a81a2,c:\Windows\SystemApps\Microsoft.Windows.Cortana_cw5n1h2txyewy\SAPIBackgroundTask.dll
SAPIBackgroundTask.dll,248832,3,378446886,1981-12-29T04:08:06.000Z,imports,api-ms-win-core-processthreads-l1-1-0.dll,GetCurrentThreadId,6a74cef065f3572dba6b0407174a9865,4f14cb1c849d28c3784d44f80c054ee89f466373eb1495f06f6274e33d5a81a2,c:\Windows\SystemApps\Microsoft.Windows.Cortana_cw5n1h2txyewy\SAPIBackgroundTask.dll
SAPIBackgroundTask.dll,248832,3,378446886,1981-12-29T04:08:06.000Z,imports,api-ms-win-core-processthreads-l1-1-0.dll,TerminateProcess,6a74cef065f3572dba6b0407174a9865,4f14cb1c849d28c3784d44f80c054ee89f466373eb1495f06f6274e33d5a81a2,c:\Windows\SystemApps\Microsoft.Windows.Cortana_cw5n1h2txyewy\SAPIBackgroundTask.dll
SAPIBackgroundTask.dll,248832,3,378446886,1981-12-29T04:08:06.000Z,imports,api-ms-win-core-winrt-error-l1-1-0.dll,RoOriginateError,6a74cef065f3572dba6b0407174a9865,4f14cb1c849d28c3784d44f80c054ee89f466373eb1495f06f6274e33d5a81a2,c:\Windows\SystemApps\Microsoft.Windows.Cortana_cw5n1h2txyewy\SAPIBackgroundTask.dll
SAPIBackgroundTask.dll,248832,3,378446886,1981-12-29T04:08:06.000Z,imports,api-ms-win-core-winrt-error-l1-1-0.dll,RoOriginateErrorW,6a74cef065f3572dba6b0407174a9865,4f14cb1c849d28c3784d44f80c054ee89f466373eb1495f06f6274e33d5a81a2,c:\Windows\SystemApps\Microsoft.Windows.Cortana_cw5n1h2txyewy\SAPIBackgroundTask.dll
SAPIBackgroundTask.dll,248832,3,378446886,1981-12-29T04:08:06.000Z,imports,api-ms-win-core-localization-l1-2-0.dll,FormatMessageW,6a74cef065f3572dba6b0407174a9865,4f14cb1c849d28c3784d44f80c054ee89f466373eb1495f06f6274e33d5a81a2,c:\Windows\SystemApps\Microsoft.Windows.Cortana_cw5n1h2txyewy\SAPIBackgroundTask.dll
SAPIBackgroundTask.dll,248832,3,378446886,1981-12-29T04:08:06.000Z,imports,api-ms-win-core-debug-l1-1-0.dll,DebugBreak,6a74cef065f3572dba6b0407174a9865,4f14cb1c849d28c3784d44f80c054ee89f466373eb1495f06f6274e33d5a81a2,c:\Windows\SystemApps\Microsoft.Windows.Cortana_cw5n1h2txyewy\SAPIBackgroundTask.dll
SAPIBackgroundTask.dll,248832,3,378446886,1981-12-29T04:08:06.000Z,imports,api-ms-win-core-debug-l1-1-0.dll,IsDebuggerPresent,6a74cef065f3572dba6b0407174a9865,4f14cb1c849d28c3784d44f80c054ee89f466373eb1495f06f6274e33d5a81a2,c:\Windows\SystemApps\Microsoft.Windows.Cortana_cw5n1h2txyewy\SAPIBackgroundTask.dll
SAPIBackgroundTask.dll,248832,3,378446886,1981-12-29T04:08:06.000Z,imports,api-ms-win-core-debug-l1-1-0.dll,OutputDebugStringW,6a74cef065f3572dba6b0407174a9865,4f14cb1c849d28c3784d44f80c054ee89f466373eb1495f06f6274e33d5a81a2,c:\Windows\SystemApps\Microsoft.Windows.Cortana_cw5n1h2txyewy\SAPIBackgroundTask.dll
SAPIBackgroundTask.dll,248832,3,378446886,1981-12-29T04:08:06.000Z,imports,api-ms-win-core-handle-l1-1-0.dll,CloseHandle,6a74cef065f3572dba6b0407174a9865,4f14cb1c849d28c3784d44f80c054ee89f466373eb1495f06f6274e33d5a81a2,c:\Windows\SystemApps\Microsoft.Windows.Cortana_cw5n1h2txyewy\SAPIBackgroundTask.dll
SAPIBackgroundTask.dll,248832,3,378446886,1981-12-29T04:08:06.000Z,imports,api-ms-win-core-threadpool-l1-2-0.dll,CloseThreadpoolTimer,6a74cef065f3572dba6b0407174a9865,4f14cb1c849d28c3784d44f80c054ee89f466373eb1495f06f6274e33d5a81a2,c:\Windows\SystemApps\Microsoft.Windows.Cortana_cw5n1h2txyewy\SAPIBackgroundTask.dll
SAPIBackgroundTask.dll,248832,3,378446886,1981-12-29T04:08:06.000Z,imports,api-ms-win-core-threadpool-l1-2-0.dll,CloseThreadpoolWait,6a74cef065f3572dba6b0407174a9865,4f14cb1c849d28c3784d44f80c054ee89f466373eb1495f06f6274e33d5a81a2,c:\Windows\SystemApps\Microsoft.Windows.Cortana_cw5n1h2txyewy\SAPIBackgroundTask.dll
SAPIBackgroundTask.dll,248832,3,378446886,1981-12-29T04:08:06.000Z,imports,api-ms-win-core-threadpool-l1-2-0.dll,CloseThreadpoolWork,6a74cef065f3572dba6b0407174a9865,4f14cb1c849d28c3784d44f80c054ee89f466373eb1495f06f6274e33d5a81a2,c:\Windows\SystemApps\Microsoft.Windows.Cortana_cw5n1h2txyewy\SAPIBackgroundTask.dll
SAPIBackgroundTask.dll,248832,3,378446886,1981-12-29T04:08:06.000Z,imports,api-ms-win-core-threadpool-l1-2-0.dll,CreateThreadpoolTimer,6a74cef065f3572dba6b0407174a9865,4f14cb1c849d28c3784d44f80c054ee89f466373eb1495f06f6274e33d5a81a2,c:\Windows\SystemApps\Microsoft.Windows.Cortana_cw5n1h2txyewy\SAPIBackgroundTask.dll
SAPIBackgroundTask.dll,248832,3,378446886,1981-12-29T04:08:06.000Z,imports,api-ms-win-core-threadpool-l1-2-0.dll,CreateThreadpoolWork,6a74cef065f3572dba6b0407174a9865,4f14cb1c849d28c3784d44f80c054ee89f466373eb1495f06f6274e33d5a81a2,c:\Windows\SystemApps\Microsoft.Windows.Cortana_cw5n1h2txyewy\SAPIBackgroundTask.dll
SAPIBackgroundTask.dll,248832,3,378446886,1981-12-29T04:08:06.000Z,imports,api-ms-win-core-threadpool-l1-2-0.dll,SetThreadpoolTimer,6a74cef065f3572dba6b0407174a9865,4f14cb1c849d28c3784d44f80c054ee89f466373eb1495f06f6274e33d5a81a2,c:\Windows\SystemApps\Microsoft.Windows.Cortana_cw5n1h2txyewy\SAPIBackgroundTask.dll
SAPIBackgroundTask.dll,248832,3,378446886,1981-12-29T04:08:06.000Z,imports,api-ms-win-core-threadpool-l1-2-0.dll,SubmitThreadpoolWork,6a74cef065f3572dba6b0407174a9865,4f14cb1c849d28c3784d44f80c054ee89f466373eb1495f06f6274e33d5a81a2,c:\Windows\SystemApps\Microsoft.Windows.Cortana_cw5n1h2txyewy\SAPIBackgroundTask.dll
SAPIBackgroundTask.dll,248832,3,378446886,1981-12-29T04:08:06.000Z,imports,api-ms-win-core-threadpool-l1-2-0.dll,WaitForThreadpoolTimerCallbacks,6a74cef065f3572dba6b0407174a9865,4f14cb1c849d28c3784d44f80c054ee89f466373eb1495f06f6274e33d5a81a2,c:\Windows\SystemApps\Microsoft.Windows.Cortana_cw5n1h2txyewy\SAPIBackgroundTask.dll
SAPIBackgroundTask.dll,248832,3,378446886,1981-12-29T04:08:06.000Z,imports,api-ms-win-core-com-l1-1-0.dll,CoTaskMemAlloc,6a74cef065f3572dba6b0407174a9865,4f14cb1c849d28c3784d44f80c054ee89f466373eb1495f06f6274e33d5a81a2,c:\Windows\SystemApps\Microsoft.Windows.Cortana_cw5n1h2txyewy\SAPIBackgroundTask.dll
SAPIBackgroundTask.dll,248832,3,378446886,1981-12-29T04:08:06.000Z,imports,api-ms-win-core-synch-l1-2-1.dll,WaitForMultipleObjects,6a74cef065f3572dba6b0407174a9865,4f14cb1c849d28c3784d44f80c054ee89f466373eb1495f06f6274e33d5a81a2,c:\Windows\SystemApps\Microsoft.Windows.Cortana_cw5n1h2txyewy\SAPIBackgroundTask.dll
SAPIBackgroundTask.dll,248832,3,378446886,1981-12-29T04:08:06.000Z,imports,api-ms-win-core-winrt-l1-1-0.dll,RoActivateInstance,6a74cef065f3572dba6b0407174a9865,4f14cb1c849d28c3784d44f80c054ee89f466373eb1495f06f6274e33d5a81a2,c:\Windows\SystemApps\Microsoft.Windows.Cortana_cw5n1h2txyewy\SAPIBackgroundTask.dll
SAPIBackgroundTask.dll,248832,3,378446886,1981-12-29T04:08:06.000Z,imports,api-ms-win-core-winrt-l1-1-0.dll,RoGetActivationFactory,6a74cef065f3572dba6b0407174a9865,4f14cb1c849d28c3784d44f80c054ee89f466373eb1495f06f6274e33d5a81a2,c:\Windows\SystemApps\Microsoft.Windows.Cortana_cw5n1h2txyewy\SAPIBackgroundTask.dll
SAPIBackgroundTask.dll,248832,3,378446886,1981-12-29T04:08:06.000Z,imports,api-ms-win-core-timezone-l1-1-0.dll,FileTimeToSystemTime,6a74cef065f3572dba6b0407174a9865,4f14cb1c849d28c3784d44f80c054ee89f466373eb1495f06f6274e33d5a81a2,c:\Windows\SystemApps\Microsoft.Windows.Cortana_cw5n1h2txyewy\SAPIBackgroundTask.dll
SAPIBackgroundTask.dll,248832,3,378446886,1981-12-29T04:08:06.000Z,imports,api-ms-win-core-timezone-l1-1-0.dll,GetTimeZoneInformation,6a74cef065f3572dba6b0407174a9865,4f14cb1c849d28c3784d44f80c054ee89f466373eb1495f06f6274e33d5a81a2,c:\Windows\SystemApps\Microsoft.Windows.Cortana_cw5n1h2txyewy\SAPIBackgroundTask.dll
SAPIBackgroundTask.dll,248832,3,378446886,1981-12-29T04:08:06.000Z,imports,api-ms-win-core-timezone-l1-1-0.dll,SystemTimeToFileTime,6a74cef065f3572dba6b0407174a9865,4f14cb1c849d28c3784d44f80c054ee89f466373eb1495f06f6274e33d5a81a2,c:\Windows\SystemApps\Microsoft.Windows.Cortana_cw5n1h2txyewy\SAPIBackgroundTask.dll
SAPIBackgroundTask.dll,248832,3,378446886,1981-12-29T04:08:06.000Z,imports,api-ms-win-core-file-l1-1-0.dll,FileTimeToLocalFileTime,6a74cef065f3572dba6b0407174a9865,4f14cb1c849d28c3784d44f80c054ee89f466373eb1495f06f6274e33d5a81a2,c:\Windows\SystemApps\Microsoft.Windows.Cortana_cw5n1h2txyewy\SAPIBackgroundTask.dll
SAPIBackgroundTask.dll,248832,3,378446886,1981-12-29T04:08:06.000Z,imports,api-ms-win-core-sysinfo-l1-1-0.dll,GetSystemTime,6a74cef065f3572dba6b0407174a9865,4f14cb1c849d28c3784d44f80c054ee89f466373eb1495f06f6274e33d5a81a2,c:\Windows\SystemApps\Microsoft.Windows.Cortana_cw5n1h2txyewy\SAPIBackgroundTask.dll
SAPIBackgroundTask.dll,248832,3,378446886,1981-12-29T04:08:06.000Z,imports,api-ms-win-core-sysinfo-l1-1-0.dll,GetSystemTimeAsFileTime,6a74cef065f3572dba6b0407174a9865,4f14cb1c849d28c3784d44f80c054ee89f466373eb1495f06f6274e33d5a81a2,c:\Windows\SystemApps\Microsoft.Windows.Cortana_cw5n1h2txyewy\SAPIBackgroundTask.dll
SAPIBackgroundTask.dll,248832,3,378446886,1981-12-29T04:08:06.000Z,imports,api-ms-win-core-sysinfo-l1-1-0.dll,GetTickCount,6a74cef065f3572dba6b0407174a9865,4f14cb1c849d28c3784d44f80c054ee89f466373eb1495f06f6274e33d5a81a2,c:\Windows\SystemApps\Microsoft.Windows.Cortana_cw5n1h2txyewy\SAPIBackgroundTask.dll
SAPIBackgroundTask.dll,248832,3,378446886,1981-12-29T04:08:06.000Z,imports,api-ms-win-core-libraryloader-l1-2-1.dll,LoadLibraryA,6a74cef065f3572dba6b0407174a9865,4f14cb1c849d28c3784d44f80c054ee89f466373eb1495f06f6274e33d5a81a2,c:\Windows\SystemApps\Microsoft.Windows.Cortana_cw5n1h2txyewy\SAPIBackgroundTask.dll
SAPIBackgroundTask.dll,248832,3,378446886,1981-12-29T04:08:06.000Z,imports,api-ms-win-core-rtlsupport-l1-1-0.dll,RtlCaptureContext,6a74cef065f3572dba6b0407174a9865,4f14cb1c849d28c3784d44f80c054ee89f466373eb1495f06f6274e33d5a81a2,c:\Windows\SystemApps\Microsoft.Windows.Cortana_cw5n1h2txyewy\SAPIBackgroundTask.dll
SAPIBackgroundTask.dll,248832,3,378446886,1981-12-29T04:08:06.000Z,imports,api-ms-win-core-rtlsupport-l1-1-0.dll,RtlLookupFunctionEntry,6a74cef065f3572dba6b0407174a9865,4f14cb1c849d28c3784d44f80c054ee89f466373eb1495f06f6274e33d5a81a2,c:\Windows\SystemApps\Microsoft.Windows.Cortana_cw5n1h2txyewy\SAPIBackgroundTask.dll
SAPIBackgroundTask.dll,248832,3,378446886,1981-12-29T04:08:06.000Z,imports,api-ms-win-core-rtlsupport-l1-1-0.dll,RtlVirtualUnwind,6a74cef065f3572dba6b0407174a9865,4f14cb1c849d28c3784d44f80c054ee89f466373eb1495f06f6274e33d5a81a2,c:\Windows\SystemApps\Microsoft.Windows.Cortana_cw5n1h2txyewy\SAPIBackgroundTask.dll
SAPIBackgroundTask.dll,248832,3,378446886,1981-12-29T04:08:06.000Z,imports,api-ms-win-core-profile-l1-1-0.dll,QueryPerformanceCounter,6a74cef065f3572dba6b0407174a9865,4f14cb1c849d28c3784d44f80c054ee89f466373eb1495f06f6274e33d5a81a2,c:\Windows\SystemApps\Microsoft.Windows.Cortana_cw5n1h2txyewy\SAPIBackgroundTask.dll
SAPIBackgroundTask.dll,248832,3,378446886,1981-12-29T04:08:06.000Z,imports,rpcrt4.dll,RpcStringFreeW,6a74cef065f3572dba6b0407174a9865,4f14cb1c849d28c3784d44f80c054ee89f466373eb1495f06f6274e33d5a81a2,c:\Windows\SystemApps\Microsoft.Windows.Cortana_cw5n1h2txyewy\SAPIBackgroundTask.dll
SAPIBackgroundTask.dll,248832,3,378446886,1981-12-29T04:08:06.000Z,imports,rpcrt4.dll,UuidToStringW,6a74cef065f3572dba6b0407174a9865,4f14cb1c849d28c3784d44f80c054ee89f466373eb1495f06f6274e33d5a81a2,c:\Windows\SystemApps\Microsoft.Windows.Cortana_cw5n1h2txyewy\SAPIBackgroundTask.dll
SAPIBackgroundTask.dll,248832,3,378446886,1981-12-29T04:08:06.000Z,imports,speechpal.dll,CreateSpeechPalHelperFactory,6a74cef065f3572dba6b0407174a9865,4f14cb1c849d28c3784d44f80c054ee89f466373eb1495f06f6274e33d5a81a2,c:\Windows\SystemApps\Microsoft.Windows.Cortana_cw5n1h2txyewy\SAPIBackgroundTask.dll
SAPIBackgroundTask.dll,248832,3,378446886,1981-12-29T04:08:06.000Z,imports,actionmgr.dll,ActionMgrRegisterJsonHandler,6a74cef065f3572dba6b0407174a9865,4f14cb1c849d28c3784d44f80c054ee89f466373eb1495f06f6274e33d5a81a2,c:\Windows\SystemApps\Microsoft.Windows.Cortana_cw5n1h2txyewy\SAPIBackgroundTask.dll
SAPIBackgroundTask.dll,248832,3,378446886,1981-12-29T04:08:06.000Z,imports,actionmgr.dll,ActionMgrSubmitActionJson,6a74cef065f3572dba6b0407174a9865,4f14cb1c849d28c3784d44f80c054ee89f466373eb1495f06f6274e33d5a81a2,c:\Windows\SystemApps\Microsoft.Windows.Cortana_cw5n1h2txyewy\SAPIBackgroundTask.dll
SAPIBackgroundTask.dll,248832,3,378446886,1981-12-29T04:08:06.000Z,exports,SAPIBackgroundTask.dll,DllCanUnloadNow,6a74cef065f3572dba6b0407174a9865,4f14cb1c849d28c3784d44f80c054ee89f466373eb1495f06f6274e33d5a81a2,c:\Windows\SystemApps\Microsoft.Windows.Cortana_cw5n1h2txyewy\SAPIBackgroundTask.dll
SAPIBackgroundTask.dll,248832,3,378446886,1981-12-29T04:08:06.000Z,exports,SAPIBackgroundTask.dll,DllGetActivationFactory,6a74cef065f3572dba6b0407174a9865,4f14cb1c849d28c3784d44f80c054ee89f466373eb1495f06f6274e33d5a81a2,c:\Windows\SystemApps\Microsoft.Windows.Cortana_cw5n1h2txyewy\SAPIBackgroundTask.dll
SAPIBackgroundTask.dll,248832,3,378446886,1981-12-29T04:08:06.000Z,exports,SAPIBackgroundTask.dll,DllGetClassObject,6a74cef065f3572dba6b0407174a9865,4f14cb1c849d28c3784d44f80c054ee89f466373eb1495f06f6274e33d5a81a2,c:\Windows\SystemApps\Microsoft.Windows.Cortana_cw5n1h2txyewy\SAPIBackgroundTask.dll
