SMBHelperClass.dll,113664,3,1197532450,2007-12-13T07:54:10.000Z,imports,msvcrt.dll,??0exception@@QEAA@AEBQEBD@Z,2ed531df724ea382c4223b211d97a870,a127b5f9409604d0cdf8fb53a13de47fa661ab94da179151c854f9a345207433,c:\Windows\System32\SMBHelperClass.dll
SMBHelperClass.dll,113664,3,1197532450,2007-12-13T07:54:10.000Z,imports,msvcrt.dll,??0exception@@QEAA@AEBQEBDH@Z,2ed531df724ea382c4223b211d97a870,a127b5f9409604d0cdf8fb53a13de47fa661ab94da179151c854f9a345207433,c:\Windows\System32\SMBHelperClass.dll
SMBHelperClass.dll,113664,3,1197532450,2007-12-13T07:54:10.000Z,imports,msvcrt.dll,??0exception@@QEAA@AEBV0@@Z,2ed531df724ea382c4223b211d97a870,a127b5f9409604d0cdf8fb53a13de47fa661ab94da179151c854f9a345207433,c:\Windows\System32\SMBHelperClass.dll
SMBHelperClass.dll,113664,3,1197532450,2007-12-13T07:54:10.000Z,imports,msvcrt.dll,??0exception@@QEAA@XZ,2ed531df724ea382c4223b211d97a870,a127b5f9409604d0cdf8fb53a13de47fa661ab94da179151c854f9a345207433,c:\Windows\System32\SMBHelperClass.dll
SMBHelperClass.dll,113664,3,1197532450,2007-12-13T07:54:10.000Z,imports,msvcrt.dll,??1exception@@UEAA@XZ,2ed531df724ea382c4223b211d97a870,a127b5f9409604d0cdf8fb53a13de47fa661ab94da179151c854f9a345207433,c:\Windows\System32\SMBHelperClass.dll
SMBHelperClass.dll,113664,3,1197532450,2007-12-13T07:54:10.000Z,imports,msvcrt.dll,??1type_info@@UEAA@XZ,2ed531df724ea382c4223b211d97a870,a127b5f9409604d0cdf8fb53a13de47fa661ab94da179151c854f9a345207433,c:\Windows\System32\SMBHelperClass.dll
SMBHelperClass.dll,113664,3,1197532450,2007-12-13T07:54:10.000Z,imports,msvcrt.dll,?terminate@@YAXXZ,2ed531df724ea382c4223b211d97a870,a127b5f9409604d0cdf8fb53a13de47fa661ab94da179151c854f9a345207433,c:\Windows\System32\SMBHelperClass.dll
SMBHelperClass.dll,113664,3,1197532450,2007-12-13T07:54:10.000Z,imports,msvcrt.dll,?what@exception@@UEBAPEBDXZ,2ed531df724ea382c4223b211d97a870,a127b5f9409604d0cdf8fb53a13de47fa661ab94da179151c854f9a345207433,c:\Windows\System32\SMBHelperClass.dll
SMBHelperClass.dll,113664,3,1197532450,2007-12-13T07:54:10.000Z,imports,msvcrt.dll,_CxxThrowException,2ed531df724ea382c4223b211d97a870,a127b5f9409604d0cdf8fb53a13de47fa661ab94da179151c854f9a345207433,c:\Windows\System32\SMBHelperClass.dll
SMBHelperClass.dll,113664,3,1197532450,2007-12-13T07:54:10.000Z,imports,msvcrt.dll,_XcptFilter,2ed531df724ea382c4223b211d97a870,a127b5f9409604d0cdf8fb53a13de47fa661ab94da179151c854f9a345207433,c:\Windows\System32\SMBHelperClass.dll
SMBHelperClass.dll,113664,3,1197532450,2007-12-13T07:54:10.000Z,imports,msvcrt.dll,__C_specific_handler,2ed531df724ea382c4223b211d97a870,a127b5f9409604d0cdf8fb53a13de47fa661ab94da179151c854f9a345207433,c:\Windows\System32\SMBHelperClass.dll
SMBHelperClass.dll,113664,3,1197532450,2007-12-13T07:54:10.000Z,imports,msvcrt.dll,__CxxFrameHandler3,2ed531df724ea382c4223b211d97a870,a127b5f9409604d0cdf8fb53a13de47fa661ab94da179151c854f9a345207433,c:\Windows\System32\SMBHelperClass.dll
SMBHelperClass.dll,113664,3,1197532450,2007-12-13T07:54:10.000Z,imports,msvcrt.dll,__dllonexit,2ed531df724ea382c4223b211d97a870,a127b5f9409604d0cdf8fb53a13de47fa661ab94da179151c854f9a345207433,c:\Windows\System32\SMBHelperClass.dll
SMBHelperClass.dll,113664,3,1197532450,2007-12-13T07:54:10.000Z,imports,msvcrt.dll,_amsg_exit,2ed531df724ea382c4223b211d97a870,a127b5f9409604d0cdf8fb53a13de47fa661ab94da179151c854f9a345207433,c:\Windows\System32\SMBHelperClass.dll
SMBHelperClass.dll,113664,3,1197532450,2007-12-13T07:54:10.000Z,imports,msvcrt.dll,_callnewh,2ed531df724ea382c4223b211d97a870,a127b5f9409604d0cdf8fb53a13de47fa661ab94da179151c854f9a345207433,c:\Windows\System32\SMBHelperClass.dll
SMBHelperClass.dll,113664,3,1197532450,2007-12-13T07:54:10.000Z,imports,msvcrt.dll,_errno,2ed531df724ea382c4223b211d97a870,a127b5f9409604d0cdf8fb53a13de47fa661ab94da179151c854f9a345207433,c:\Windows\System32\SMBHelperClass.dll
SMBHelperClass.dll,113664,3,1197532450,2007-12-13T07:54:10.000Z,imports,msvcrt.dll,_initterm,2ed531df724ea382c4223b211d97a870,a127b5f9409604d0cdf8fb53a13de47fa661ab94da179151c854f9a345207433,c:\Windows\System32\SMBHelperClass.dll
SMBHelperClass.dll,113664,3,1197532450,2007-12-13T07:54:10.000Z,imports,msvcrt.dll,_itow_s,2ed531df724ea382c4223b211d97a870,a127b5f9409604d0cdf8fb53a13de47fa661ab94da179151c854f9a345207433,c:\Windows\System32\SMBHelperClass.dll
SMBHelperClass.dll,113664,3,1197532450,2007-12-13T07:54:10.000Z,imports,msvcrt.dll,_lock,2ed531df724ea382c4223b211d97a870,a127b5f9409604d0cdf8fb53a13de47fa661ab94da179151c854f9a345207433,c:\Windows\System32\SMBHelperClass.dll
SMBHelperClass.dll,113664,3,1197532450,2007-12-13T07:54:10.000Z,imports,msvcrt.dll,_onexit,2ed531df724ea382c4223b211d97a870,a127b5f9409604d0cdf8fb53a13de47fa661ab94da179151c854f9a345207433,c:\Windows\System32\SMBHelperClass.dll
SMBHelperClass.dll,113664,3,1197532450,2007-12-13T07:54:10.000Z,imports,msvcrt.dll,_purecall,2ed531df724ea382c4223b211d97a870,a127b5f9409604d0cdf8fb53a13de47fa661ab94da179151c854f9a345207433,c:\Windows\System32\SMBHelperClass.dll
SMBHelperClass.dll,113664,3,1197532450,2007-12-13T07:54:10.000Z,imports,msvcrt.dll,_unlock,2ed531df724ea382c4223b211d97a870,a127b5f9409604d0cdf8fb53a13de47fa661ab94da179151c854f9a345207433,c:\Windows\System32\SMBHelperClass.dll
SMBHelperClass.dll,113664,3,1197532450,2007-12-13T07:54:10.000Z,imports,msvcrt.dll,_vscwprintf,2ed531df724ea382c4223b211d97a870,a127b5f9409604d0cdf8fb53a13de47fa661ab94da179151c854f9a345207433,c:\Windows\System32\SMBHelperClass.dll
SMBHelperClass.dll,113664,3,1197532450,2007-12-13T07:54:10.000Z,imports,msvcrt.dll,_vsnwprintf,2ed531df724ea382c4223b211d97a870,a127b5f9409604d0cdf8fb53a13de47fa661ab94da179151c854f9a345207433,c:\Windows\System32\SMBHelperClass.dll
SMBHelperClass.dll,113664,3,1197532450,2007-12-13T07:54:10.000Z,imports,msvcrt.dll,_wcsicmp,2ed531df724ea382c4223b211d97a870,a127b5f9409604d0cdf8fb53a13de47fa661ab94da179151c854f9a345207433,c:\Windows\System32\SMBHelperClass.dll
SMBHelperClass.dll,113664,3,1197532450,2007-12-13T07:54:10.000Z,imports,msvcrt.dll,_wcsnicmp,2ed531df724ea382c4223b211d97a870,a127b5f9409604d0cdf8fb53a13de47fa661ab94da179151c854f9a345207433,c:\Windows\System32\SMBHelperClass.dll
SMBHelperClass.dll,113664,3,1197532450,2007-12-13T07:54:10.000Z,imports,msvcrt.dll,free,2ed531df724ea382c4223b211d97a870,a127b5f9409604d0cdf8fb53a13de47fa661ab94da179151c854f9a345207433,c:\Windows\System32\SMBHelperClass.dll
SMBHelperClass.dll,113664,3,1197532450,2007-12-13T07:54:10.000Z,imports,msvcrt.dll,malloc,2ed531df724ea382c4223b211d97a870,a127b5f9409604d0cdf8fb53a13de47fa661ab94da179151c854f9a345207433,c:\Windows\System32\SMBHelperClass.dll
SMBHelperClass.dll,113664,3,1197532450,2007-12-13T07:54:10.000Z,imports,msvcrt.dll,memcpy,2ed531df724ea382c4223b211d97a870,a127b5f9409604d0cdf8fb53a13de47fa661ab94da179151c854f9a345207433,c:\Windows\System32\SMBHelperClass.dll
SMBHelperClass.dll,113664,3,1197532450,2007-12-13T07:54:10.000Z,imports,msvcrt.dll,memcpy_s,2ed531df724ea382c4223b211d97a870,a127b5f9409604d0cdf8fb53a13de47fa661ab94da179151c854f9a345207433,c:\Windows\System32\SMBHelperClass.dll
SMBHelperClass.dll,113664,3,1197532450,2007-12-13T07:54:10.000Z,imports,msvcrt.dll,memmove,2ed531df724ea382c4223b211d97a870,a127b5f9409604d0cdf8fb53a13de47fa661ab94da179151c854f9a345207433,c:\Windows\System32\SMBHelperClass.dll
SMBHelperClass.dll,113664,3,1197532450,2007-12-13T07:54:10.000Z,imports,msvcrt.dll,memmove_s,2ed531df724ea382c4223b211d97a870,a127b5f9409604d0cdf8fb53a13de47fa661ab94da179151c854f9a345207433,c:\Windows\System32\SMBHelperClass.dll
SMBHelperClass.dll,113664,3,1197532450,2007-12-13T07:54:10.000Z,imports,msvcrt.dll,memset,2ed531df724ea382c4223b211d97a870,a127b5f9409604d0cdf8fb53a13de47fa661ab94da179151c854f9a345207433,c:\Windows\System32\SMBHelperClass.dll
SMBHelperClass.dll,113664,3,1197532450,2007-12-13T07:54:10.000Z,imports,msvcrt.dll,realloc,2ed531df724ea382c4223b211d97a870,a127b5f9409604d0cdf8fb53a13de47fa661ab94da179151c854f9a345207433,c:\Windows\System32\SMBHelperClass.dll
SMBHelperClass.dll,113664,3,1197532450,2007-12-13T07:54:10.000Z,imports,msvcrt.dll,toupper,2ed531df724ea382c4223b211d97a870,a127b5f9409604d0cdf8fb53a13de47fa661ab94da179151c854f9a345207433,c:\Windows\System32\SMBHelperClass.dll
SMBHelperClass.dll,113664,3,1197532450,2007-12-13T07:54:10.000Z,imports,msvcrt.dll,towlower,2ed531df724ea382c4223b211d97a870,a127b5f9409604d0cdf8fb53a13de47fa661ab94da179151c854f9a345207433,c:\Windows\System32\SMBHelperClass.dll
SMBHelperClass.dll,113664,3,1197532450,2007-12-13T07:54:10.000Z,imports,msvcrt.dll,vswprintf_s,2ed531df724ea382c4223b211d97a870,a127b5f9409604d0cdf8fb53a13de47fa661ab94da179151c854f9a345207433,c:\Windows\System32\SMBHelperClass.dll
SMBHelperClass.dll,113664,3,1197532450,2007-12-13T07:54:10.000Z,imports,msvcrt.dll,wcscat_s,2ed531df724ea382c4223b211d97a870,a127b5f9409604d0cdf8fb53a13de47fa661ab94da179151c854f9a345207433,c:\Windows\System32\SMBHelperClass.dll
SMBHelperClass.dll,113664,3,1197532450,2007-12-13T07:54:10.000Z,imports,msvcrt.dll,wcscpy_s,2ed531df724ea382c4223b211d97a870,a127b5f9409604d0cdf8fb53a13de47fa661ab94da179151c854f9a345207433,c:\Windows\System32\SMBHelperClass.dll
SMBHelperClass.dll,113664,3,1197532450,2007-12-13T07:54:10.000Z,imports,msvcrt.dll,wcsncmp,2ed531df724ea382c4223b211d97a870,a127b5f9409604d0cdf8fb53a13de47fa661ab94da179151c854f9a345207433,c:\Windows\System32\SMBHelperClass.dll
SMBHelperClass.dll,113664,3,1197532450,2007-12-13T07:54:10.000Z,imports,msvcrt.dll,wcsncpy_s,2ed531df724ea382c4223b211d97a870,a127b5f9409604d0cdf8fb53a13de47fa661ab94da179151c854f9a345207433,c:\Windows\System32\SMBHelperClass.dll
SMBHelperClass.dll,113664,3,1197532450,2007-12-13T07:54:10.000Z,imports,ntdll.dll,NtClose,2ed531df724ea382c4223b211d97a870,a127b5f9409604d0cdf8fb53a13de47fa661ab94da179151c854f9a345207433,c:\Windows\System32\SMBHelperClass.dll
SMBHelperClass.dll,113664,3,1197532450,2007-12-13T07:54:10.000Z,imports,ntdll.dll,NtFsControlFile,2ed531df724ea382c4223b211d97a870,a127b5f9409604d0cdf8fb53a13de47fa661ab94da179151c854f9a345207433,c:\Windows\System32\SMBHelperClass.dll
SMBHelperClass.dll,113664,3,1197532450,2007-12-13T07:54:10.000Z,imports,ntdll.dll,NtOpenFile,2ed531df724ea382c4223b211d97a870,a127b5f9409604d0cdf8fb53a13de47fa661ab94da179151c854f9a345207433,c:\Windows\System32\SMBHelperClass.dll
SMBHelperClass.dll,113664,3,1197532450,2007-12-13T07:54:10.000Z,imports,ntdll.dll,RtlCaptureContext,2ed531df724ea382c4223b211d97a870,a127b5f9409604d0cdf8fb53a13de47fa661ab94da179151c854f9a345207433,c:\Windows\System32\SMBHelperClass.dll
SMBHelperClass.dll,113664,3,1197532450,2007-12-13T07:54:10.000Z,imports,ntdll.dll,RtlInitUnicodeString,2ed531df724ea382c4223b211d97a870,a127b5f9409604d0cdf8fb53a13de47fa661ab94da179151c854f9a345207433,c:\Windows\System32\SMBHelperClass.dll
SMBHelperClass.dll,113664,3,1197532450,2007-12-13T07:54:10.000Z,imports,ntdll.dll,RtlLookupFunctionEntry,2ed531df724ea382c4223b211d97a870,a127b5f9409604d0cdf8fb53a13de47fa661ab94da179151c854f9a345207433,c:\Windows\System32\SMBHelperClass.dll
SMBHelperClass.dll,113664,3,1197532450,2007-12-13T07:54:10.000Z,imports,ntdll.dll,RtlVirtualUnwind,2ed531df724ea382c4223b211d97a870,a127b5f9409604d0cdf8fb53a13de47fa661ab94da179151c854f9a345207433,c:\Windows\System32\SMBHelperClass.dll
SMBHelperClass.dll,113664,3,1197532450,2007-12-13T07:54:10.000Z,imports,kernel32.dll,AcquireSRWLockExclusive,2ed531df724ea382c4223b211d97a870,a127b5f9409604d0cdf8fb53a13de47fa661ab94da179151c854f9a345207433,c:\Windows\System32\SMBHelperClass.dll
SMBHelperClass.dll,113664,3,1197532450,2007-12-13T07:54:10.000Z,imports,kernel32.dll,CloseHandle,2ed531df724ea382c4223b211d97a870,a127b5f9409604d0cdf8fb53a13de47fa661ab94da179151c854f9a345207433,c:\Windows\System32\SMBHelperClass.dll
SMBHelperClass.dll,113664,3,1197532450,2007-12-13T07:54:10.000Z,imports,kernel32.dll,CreateFileW,2ed531df724ea382c4223b211d97a870,a127b5f9409604d0cdf8fb53a13de47fa661ab94da179151c854f9a345207433,c:\Windows\System32\SMBHelperClass.dll
SMBHelperClass.dll,113664,3,1197532450,2007-12-13T07:54:10.000Z,imports,kernel32.dll,CreateMutexW,2ed531df724ea382c4223b211d97a870,a127b5f9409604d0cdf8fb53a13de47fa661ab94da179151c854f9a345207433,c:\Windows\System32\SMBHelperClass.dll
SMBHelperClass.dll,113664,3,1197532450,2007-12-13T07:54:10.000Z,imports,kernel32.dll,CreateThread,2ed531df724ea382c4223b211d97a870,a127b5f9409604d0cdf8fb53a13de47fa661ab94da179151c854f9a345207433,c:\Windows\System32\SMBHelperClass.dll
SMBHelperClass.dll,113664,3,1197532450,2007-12-13T07:54:10.000Z,imports,kernel32.dll,DeleteCriticalSection,2ed531df724ea382c4223b211d97a870,a127b5f9409604d0cdf8fb53a13de47fa661ab94da179151c854f9a345207433,c:\Windows\System32\SMBHelperClass.dll
SMBHelperClass.dll,113664,3,1197532450,2007-12-13T07:54:10.000Z,imports,kernel32.dll,DisableThreadLibraryCalls,2ed531df724ea382c4223b211d97a870,a127b5f9409604d0cdf8fb53a13de47fa661ab94da179151c854f9a345207433,c:\Windows\System32\SMBHelperClass.dll
SMBHelperClass.dll,113664,3,1197532450,2007-12-13T07:54:10.000Z,imports,kernel32.dll,EnterCriticalSection,2ed531df724ea382c4223b211d97a870,a127b5f9409604d0cdf8fb53a13de47fa661ab94da179151c854f9a345207433,c:\Windows\System32\SMBHelperClass.dll
SMBHelperClass.dll,113664,3,1197532450,2007-12-13T07:54:10.000Z,imports,kernel32.dll,FindResourceExW,2ed531df724ea382c4223b211d97a870,a127b5f9409604d0cdf8fb53a13de47fa661ab94da179151c854f9a345207433,c:\Windows\System32\SMBHelperClass.dll
SMBHelperClass.dll,113664,3,1197532450,2007-12-13T07:54:10.000Z,imports,kernel32.dll,FreeLibrary,2ed531df724ea382c4223b211d97a870,a127b5f9409604d0cdf8fb53a13de47fa661ab94da179151c854f9a345207433,c:\Windows\System32\SMBHelperClass.dll
SMBHelperClass.dll,113664,3,1197532450,2007-12-13T07:54:10.000Z,imports,kernel32.dll,GetCurrentProcess,2ed531df724ea382c4223b211d97a870,a127b5f9409604d0cdf8fb53a13de47fa661ab94da179151c854f9a345207433,c:\Windows\System32\SMBHelperClass.dll
SMBHelperClass.dll,113664,3,1197532450,2007-12-13T07:54:10.000Z,imports,kernel32.dll,GetCurrentProcessId,2ed531df724ea382c4223b211d97a870,a127b5f9409604d0cdf8fb53a13de47fa661ab94da179151c854f9a345207433,c:\Windows\System32\SMBHelperClass.dll
SMBHelperClass.dll,113664,3,1197532450,2007-12-13T07:54:10.000Z,imports,kernel32.dll,GetCurrentThread,2ed531df724ea382c4223b211d97a870,a127b5f9409604d0cdf8fb53a13de47fa661ab94da179151c854f9a345207433,c:\Windows\System32\SMBHelperClass.dll
SMBHelperClass.dll,113664,3,1197532450,2007-12-13T07:54:10.000Z,imports,kernel32.dll,GetCurrentThreadId,2ed531df724ea382c4223b211d97a870,a127b5f9409604d0cdf8fb53a13de47fa661ab94da179151c854f9a345207433,c:\Windows\System32\SMBHelperClass.dll
SMBHelperClass.dll,113664,3,1197532450,2007-12-13T07:54:10.000Z,imports,kernel32.dll,GetLastError,2ed531df724ea382c4223b211d97a870,a127b5f9409604d0cdf8fb53a13de47fa661ab94da179151c854f9a345207433,c:\Windows\System32\SMBHelperClass.dll
SMBHelperClass.dll,113664,3,1197532450,2007-12-13T07:54:10.000Z,imports,kernel32.dll,GetModuleFileNameA,2ed531df724ea382c4223b211d97a870,a127b5f9409604d0cdf8fb53a13de47fa661ab94da179151c854f9a345207433,c:\Windows\System32\SMBHelperClass.dll
SMBHelperClass.dll,113664,3,1197532450,2007-12-13T07:54:10.000Z,imports,kernel32.dll,GetModuleFileNameW,2ed531df724ea382c4223b211d97a870,a127b5f9409604d0cdf8fb53a13de47fa661ab94da179151c854f9a345207433,c:\Windows\System32\SMBHelperClass.dll
SMBHelperClass.dll,113664,3,1197532450,2007-12-13T07:54:10.000Z,imports,kernel32.dll,GetModuleHandleW,2ed531df724ea382c4223b211d97a870,a127b5f9409604d0cdf8fb53a13de47fa661ab94da179151c854f9a345207433,c:\Windows\System32\SMBHelperClass.dll
SMBHelperClass.dll,113664,3,1197532450,2007-12-13T07:54:10.000Z,imports,kernel32.dll,GetProcAddress,2ed531df724ea382c4223b211d97a870,a127b5f9409604d0cdf8fb53a13de47fa661ab94da179151c854f9a345207433,c:\Windows\System32\SMBHelperClass.dll
SMBHelperClass.dll,113664,3,1197532450,2007-12-13T07:54:10.000Z,imports,kernel32.dll,GetProcessHeap,2ed531df724ea382c4223b211d97a870,a127b5f9409604d0cdf8fb53a13de47fa661ab94da179151c854f9a345207433,c:\Windows\System32\SMBHelperClass.dll
SMBHelperClass.dll,113664,3,1197532450,2007-12-13T07:54:10.000Z,imports,kernel32.dll,GetSystemTimeAsFileTime,2ed531df724ea382c4223b211d97a870,a127b5f9409604d0cdf8fb53a13de47fa661ab94da179151c854f9a345207433,c:\Windows\System32\SMBHelperClass.dll
SMBHelperClass.dll,113664,3,1197532450,2007-12-13T07:54:10.000Z,imports,kernel32.dll,GetThreadLocale,2ed531df724ea382c4223b211d97a870,a127b5f9409604d0cdf8fb53a13de47fa661ab94da179151c854f9a345207433,c:\Windows\System32\SMBHelperClass.dll
SMBHelperClass.dll,113664,3,1197532450,2007-12-13T07:54:10.000Z,imports,kernel32.dll,GetTickCount,2ed531df724ea382c4223b211d97a870,a127b5f9409604d0cdf8fb53a13de47fa661ab94da179151c854f9a345207433,c:\Windows\System32\SMBHelperClass.dll
SMBHelperClass.dll,113664,3,1197532450,2007-12-13T07:54:10.000Z,imports,kernel32.dll,HeapAlloc,2ed531df724ea382c4223b211d97a870,a127b5f9409604d0cdf8fb53a13de47fa661ab94da179151c854f9a345207433,c:\Windows\System32\SMBHelperClass.dll
SMBHelperClass.dll,113664,3,1197532450,2007-12-13T07:54:10.000Z,imports,kernel32.dll,HeapDestroy,2ed531df724ea382c4223b211d97a870,a127b5f9409604d0cdf8fb53a13de47fa661ab94da179151c854f9a345207433,c:\Windows\System32\SMBHelperClass.dll
SMBHelperClass.dll,113664,3,1197532450,2007-12-13T07:54:10.000Z,imports,kernel32.dll,HeapFree,2ed531df724ea382c4223b211d97a870,a127b5f9409604d0cdf8fb53a13de47fa661ab94da179151c854f9a345207433,c:\Windows\System32\SMBHelperClass.dll
SMBHelperClass.dll,113664,3,1197532450,2007-12-13T07:54:10.000Z,imports,kernel32.dll,HeapReAlloc,2ed531df724ea382c4223b211d97a870,a127b5f9409604d0cdf8fb53a13de47fa661ab94da179151c854f9a345207433,c:\Windows\System32\SMBHelperClass.dll
SMBHelperClass.dll,113664,3,1197532450,2007-12-13T07:54:10.000Z,imports,kernel32.dll,HeapSize,2ed531df724ea382c4223b211d97a870,a127b5f9409604d0cdf8fb53a13de47fa661ab94da179151c854f9a345207433,c:\Windows\System32\SMBHelperClass.dll
SMBHelperClass.dll,113664,3,1197532450,2007-12-13T07:54:10.000Z,imports,kernel32.dll,InitializeCriticalSection,2ed531df724ea382c4223b211d97a870,a127b5f9409604d0cdf8fb53a13de47fa661ab94da179151c854f9a345207433,c:\Windows\System32\SMBHelperClass.dll
SMBHelperClass.dll,113664,3,1197532450,2007-12-13T07:54:10.000Z,imports,kernel32.dll,LeaveCriticalSection,2ed531df724ea382c4223b211d97a870,a127b5f9409604d0cdf8fb53a13de47fa661ab94da179151c854f9a345207433,c:\Windows\System32\SMBHelperClass.dll
SMBHelperClass.dll,113664,3,1197532450,2007-12-13T07:54:10.000Z,imports,kernel32.dll,LoadLibraryExW,2ed531df724ea382c4223b211d97a870,a127b5f9409604d0cdf8fb53a13de47fa661ab94da179151c854f9a345207433,c:\Windows\System32\SMBHelperClass.dll
SMBHelperClass.dll,113664,3,1197532450,2007-12-13T07:54:10.000Z,imports,kernel32.dll,LoadResource,2ed531df724ea382c4223b211d97a870,a127b5f9409604d0cdf8fb53a13de47fa661ab94da179151c854f9a345207433,c:\Windows\System32\SMBHelperClass.dll
SMBHelperClass.dll,113664,3,1197532450,2007-12-13T07:54:10.000Z,imports,kernel32.dll,LocalAlloc,2ed531df724ea382c4223b211d97a870,a127b5f9409604d0cdf8fb53a13de47fa661ab94da179151c854f9a345207433,c:\Windows\System32\SMBHelperClass.dll
SMBHelperClass.dll,113664,3,1197532450,2007-12-13T07:54:10.000Z,imports,kernel32.dll,MultiByteToWideChar,2ed531df724ea382c4223b211d97a870,a127b5f9409604d0cdf8fb53a13de47fa661ab94da179151c854f9a345207433,c:\Windows\System32\SMBHelperClass.dll
SMBHelperClass.dll,113664,3,1197532450,2007-12-13T07:54:10.000Z,imports,kernel32.dll,OutputDebugStringA,2ed531df724ea382c4223b211d97a870,a127b5f9409604d0cdf8fb53a13de47fa661ab94da179151c854f9a345207433,c:\Windows\System32\SMBHelperClass.dll
SMBHelperClass.dll,113664,3,1197532450,2007-12-13T07:54:10.000Z,imports,kernel32.dll,QueryPerformanceCounter,2ed531df724ea382c4223b211d97a870,a127b5f9409604d0cdf8fb53a13de47fa661ab94da179151c854f9a345207433,c:\Windows\System32\SMBHelperClass.dll
SMBHelperClass.dll,113664,3,1197532450,2007-12-13T07:54:10.000Z,imports,kernel32.dll,RaiseException,2ed531df724ea382c4223b211d97a870,a127b5f9409604d0cdf8fb53a13de47fa661ab94da179151c854f9a345207433,c:\Windows\System32\SMBHelperClass.dll
SMBHelperClass.dll,113664,3,1197532450,2007-12-13T07:54:10.000Z,imports,kernel32.dll,ReleaseMutex,2ed531df724ea382c4223b211d97a870,a127b5f9409604d0cdf8fb53a13de47fa661ab94da179151c854f9a345207433,c:\Windows\System32\SMBHelperClass.dll
SMBHelperClass.dll,113664,3,1197532450,2007-12-13T07:54:10.000Z,imports,kernel32.dll,ReleaseSRWLockExclusive,2ed531df724ea382c4223b211d97a870,a127b5f9409604d0cdf8fb53a13de47fa661ab94da179151c854f9a345207433,c:\Windows\System32\SMBHelperClass.dll
SMBHelperClass.dll,113664,3,1197532450,2007-12-13T07:54:10.000Z,imports,kernel32.dll,SetThreadLocale,2ed531df724ea382c4223b211d97a870,a127b5f9409604d0cdf8fb53a13de47fa661ab94da179151c854f9a345207433,c:\Windows\System32\SMBHelperClass.dll
SMBHelperClass.dll,113664,3,1197532450,2007-12-13T07:54:10.000Z,imports,kernel32.dll,SetUnhandledExceptionFilter,2ed531df724ea382c4223b211d97a870,a127b5f9409604d0cdf8fb53a13de47fa661ab94da179151c854f9a345207433,c:\Windows\System32\SMBHelperClass.dll
SMBHelperClass.dll,113664,3,1197532450,2007-12-13T07:54:10.000Z,imports,kernel32.dll,SizeofResource,2ed531df724ea382c4223b211d97a870,a127b5f9409604d0cdf8fb53a13de47fa661ab94da179151c854f9a345207433,c:\Windows\System32\SMBHelperClass.dll
SMBHelperClass.dll,113664,3,1197532450,2007-12-13T07:54:10.000Z,imports,kernel32.dll,Sleep,2ed531df724ea382c4223b211d97a870,a127b5f9409604d0cdf8fb53a13de47fa661ab94da179151c854f9a345207433,c:\Windows\System32\SMBHelperClass.dll
SMBHelperClass.dll,113664,3,1197532450,2007-12-13T07:54:10.000Z,imports,kernel32.dll,TerminateProcess,2ed531df724ea382c4223b211d97a870,a127b5f9409604d0cdf8fb53a13de47fa661ab94da179151c854f9a345207433,c:\Windows\System32\SMBHelperClass.dll
SMBHelperClass.dll,113664,3,1197532450,2007-12-13T07:54:10.000Z,imports,kernel32.dll,UnhandledExceptionFilter,2ed531df724ea382c4223b211d97a870,a127b5f9409604d0cdf8fb53a13de47fa661ab94da179151c854f9a345207433,c:\Windows\System32\SMBHelperClass.dll
SMBHelperClass.dll,113664,3,1197532450,2007-12-13T07:54:10.000Z,imports,kernel32.dll,WaitForSingleObject,2ed531df724ea382c4223b211d97a870,a127b5f9409604d0cdf8fb53a13de47fa661ab94da179151c854f9a345207433,c:\Windows\System32\SMBHelperClass.dll
SMBHelperClass.dll,113664,3,1197532450,2007-12-13T07:54:10.000Z,imports,kernel32.dll,WaitForSingleObjectEx,2ed531df724ea382c4223b211d97a870,a127b5f9409604d0cdf8fb53a13de47fa661ab94da179151c854f9a345207433,c:\Windows\System32\SMBHelperClass.dll
SMBHelperClass.dll,113664,3,1197532450,2007-12-13T07:54:10.000Z,imports,kernel32.dll,lstrcmpiW,2ed531df724ea382c4223b211d97a870,a127b5f9409604d0cdf8fb53a13de47fa661ab94da179151c854f9a345207433,c:\Windows\System32\SMBHelperClass.dll
SMBHelperClass.dll,113664,3,1197532450,2007-12-13T07:54:10.000Z,imports,user32.dll,CharNextW,2ed531df724ea382c4223b211d97a870,a127b5f9409604d0cdf8fb53a13de47fa661ab94da179151c854f9a345207433,c:\Windows\System32\SMBHelperClass.dll
SMBHelperClass.dll,113664,3,1197532450,2007-12-13T07:54:10.000Z,imports,user32.dll,LoadStringW,2ed531df724ea382c4223b211d97a870,a127b5f9409604d0cdf8fb53a13de47fa661ab94da179151c854f9a345207433,c:\Windows\System32\SMBHelperClass.dll
SMBHelperClass.dll,113664,3,1197532450,2007-12-13T07:54:10.000Z,imports,user32.dll,UnregisterClassA,2ed531df724ea382c4223b211d97a870,a127b5f9409604d0cdf8fb53a13de47fa661ab94da179151c854f9a345207433,c:\Windows\System32\SMBHelperClass.dll
SMBHelperClass.dll,113664,3,1197532450,2007-12-13T07:54:10.000Z,imports,advapi32.dll,EventActivityIdControl,2ed531df724ea382c4223b211d97a870,a127b5f9409604d0cdf8fb53a13de47fa661ab94da179151c854f9a345207433,c:\Windows\System32\SMBHelperClass.dll
SMBHelperClass.dll,113664,3,1197532450,2007-12-13T07:54:10.000Z,imports,advapi32.dll,EventProviderEnabled,2ed531df724ea382c4223b211d97a870,a127b5f9409604d0cdf8fb53a13de47fa661ab94da179151c854f9a345207433,c:\Windows\System32\SMBHelperClass.dll
SMBHelperClass.dll,113664,3,1197532450,2007-12-13T07:54:10.000Z,imports,advapi32.dll,EventRegister,2ed531df724ea382c4223b211d97a870,a127b5f9409604d0cdf8fb53a13de47fa661ab94da179151c854f9a345207433,c:\Windows\System32\SMBHelperClass.dll
SMBHelperClass.dll,113664,3,1197532450,2007-12-13T07:54:10.000Z,imports,advapi32.dll,EventSetInformation,2ed531df724ea382c4223b211d97a870,a127b5f9409604d0cdf8fb53a13de47fa661ab94da179151c854f9a345207433,c:\Windows\System32\SMBHelperClass.dll
SMBHelperClass.dll,113664,3,1197532450,2007-12-13T07:54:10.000Z,imports,advapi32.dll,EventUnregister,2ed531df724ea382c4223b211d97a870,a127b5f9409604d0cdf8fb53a13de47fa661ab94da179151c854f9a345207433,c:\Windows\System32\SMBHelperClass.dll
SMBHelperClass.dll,113664,3,1197532450,2007-12-13T07:54:10.000Z,imports,advapi32.dll,EventWriteTransfer,2ed531df724ea382c4223b211d97a870,a127b5f9409604d0cdf8fb53a13de47fa661ab94da179151c854f9a345207433,c:\Windows\System32\SMBHelperClass.dll
SMBHelperClass.dll,113664,3,1197532450,2007-12-13T07:54:10.000Z,imports,advapi32.dll,GetTokenInformation,2ed531df724ea382c4223b211d97a870,a127b5f9409604d0cdf8fb53a13de47fa661ab94da179151c854f9a345207433,c:\Windows\System32\SMBHelperClass.dll
SMBHelperClass.dll,113664,3,1197532450,2007-12-13T07:54:10.000Z,imports,advapi32.dll,ImpersonateLoggedOnUser,2ed531df724ea382c4223b211d97a870,a127b5f9409604d0cdf8fb53a13de47fa661ab94da179151c854f9a345207433,c:\Windows\System32\SMBHelperClass.dll
SMBHelperClass.dll,113664,3,1197532450,2007-12-13T07:54:10.000Z,imports,advapi32.dll,LookupAccountSidW,2ed531df724ea382c4223b211d97a870,a127b5f9409604d0cdf8fb53a13de47fa661ab94da179151c854f9a345207433,c:\Windows\System32\SMBHelperClass.dll
SMBHelperClass.dll,113664,3,1197532450,2007-12-13T07:54:10.000Z,imports,advapi32.dll,OpenThreadToken,2ed531df724ea382c4223b211d97a870,a127b5f9409604d0cdf8fb53a13de47fa661ab94da179151c854f9a345207433,c:\Windows\System32\SMBHelperClass.dll
SMBHelperClass.dll,113664,3,1197532450,2007-12-13T07:54:10.000Z,imports,advapi32.dll,RegCloseKey,2ed531df724ea382c4223b211d97a870,a127b5f9409604d0cdf8fb53a13de47fa661ab94da179151c854f9a345207433,c:\Windows\System32\SMBHelperClass.dll
SMBHelperClass.dll,113664,3,1197532450,2007-12-13T07:54:10.000Z,imports,advapi32.dll,RegCreateKeyExW,2ed531df724ea382c4223b211d97a870,a127b5f9409604d0cdf8fb53a13de47fa661ab94da179151c854f9a345207433,c:\Windows\System32\SMBHelperClass.dll
SMBHelperClass.dll,113664,3,1197532450,2007-12-13T07:54:10.000Z,imports,advapi32.dll,RegDeleteValueW,2ed531df724ea382c4223b211d97a870,a127b5f9409604d0cdf8fb53a13de47fa661ab94da179151c854f9a345207433,c:\Windows\System32\SMBHelperClass.dll
SMBHelperClass.dll,113664,3,1197532450,2007-12-13T07:54:10.000Z,imports,advapi32.dll,RegEnumKeyExW,2ed531df724ea382c4223b211d97a870,a127b5f9409604d0cdf8fb53a13de47fa661ab94da179151c854f9a345207433,c:\Windows\System32\SMBHelperClass.dll
SMBHelperClass.dll,113664,3,1197532450,2007-12-13T07:54:10.000Z,imports,advapi32.dll,RegOpenKeyExW,2ed531df724ea382c4223b211d97a870,a127b5f9409604d0cdf8fb53a13de47fa661ab94da179151c854f9a345207433,c:\Windows\System32\SMBHelperClass.dll
SMBHelperClass.dll,113664,3,1197532450,2007-12-13T07:54:10.000Z,imports,advapi32.dll,RegQueryInfoKeyW,2ed531df724ea382c4223b211d97a870,a127b5f9409604d0cdf8fb53a13de47fa661ab94da179151c854f9a345207433,c:\Windows\System32\SMBHelperClass.dll
SMBHelperClass.dll,113664,3,1197532450,2007-12-13T07:54:10.000Z,imports,advapi32.dll,RegSetValueExW,2ed531df724ea382c4223b211d97a870,a127b5f9409604d0cdf8fb53a13de47fa661ab94da179151c854f9a345207433,c:\Windows\System32\SMBHelperClass.dll
SMBHelperClass.dll,113664,3,1197532450,2007-12-13T07:54:10.000Z,imports,mpr.dll,WNetCancelConnection2W,2ed531df724ea382c4223b211d97a870,a127b5f9409604d0cdf8fb53a13de47fa661ab94da179151c854f9a345207433,c:\Windows\System32\SMBHelperClass.dll
SMBHelperClass.dll,113664,3,1197532450,2007-12-13T07:54:10.000Z,imports,mpr.dll,WNetCloseEnum,2ed531df724ea382c4223b211d97a870,a127b5f9409604d0cdf8fb53a13de47fa661ab94da179151c854f9a345207433,c:\Windows\System32\SMBHelperClass.dll
SMBHelperClass.dll,113664,3,1197532450,2007-12-13T07:54:10.000Z,imports,mpr.dll,WNetEnumResourceW,2ed531df724ea382c4223b211d97a870,a127b5f9409604d0cdf8fb53a13de47fa661ab94da179151c854f9a345207433,c:\Windows\System32\SMBHelperClass.dll
SMBHelperClass.dll,113664,3,1197532450,2007-12-13T07:54:10.000Z,imports,mpr.dll,WNetGetUserW,2ed531df724ea382c4223b211d97a870,a127b5f9409604d0cdf8fb53a13de47fa661ab94da179151c854f9a345207433,c:\Windows\System32\SMBHelperClass.dll
SMBHelperClass.dll,113664,3,1197532450,2007-12-13T07:54:10.000Z,imports,mpr.dll,WNetOpenEnumW,2ed531df724ea382c4223b211d97a870,a127b5f9409604d0cdf8fb53a13de47fa661ab94da179151c854f9a345207433,c:\Windows\System32\SMBHelperClass.dll
SMBHelperClass.dll,113664,3,1197532450,2007-12-13T07:54:10.000Z,imports,wevtapi.dll,EvtClose,2ed531df724ea382c4223b211d97a870,a127b5f9409604d0cdf8fb53a13de47fa661ab94da179151c854f9a345207433,c:\Windows\System32\SMBHelperClass.dll
SMBHelperClass.dll,113664,3,1197532450,2007-12-13T07:54:10.000Z,imports,wevtapi.dll,EvtCreateRenderContext,2ed531df724ea382c4223b211d97a870,a127b5f9409604d0cdf8fb53a13de47fa661ab94da179151c854f9a345207433,c:\Windows\System32\SMBHelperClass.dll
SMBHelperClass.dll,113664,3,1197532450,2007-12-13T07:54:10.000Z,imports,wevtapi.dll,EvtNext,2ed531df724ea382c4223b211d97a870,a127b5f9409604d0cdf8fb53a13de47fa661ab94da179151c854f9a345207433,c:\Windows\System32\SMBHelperClass.dll
SMBHelperClass.dll,113664,3,1197532450,2007-12-13T07:54:10.000Z,imports,wevtapi.dll,EvtQuery,2ed531df724ea382c4223b211d97a870,a127b5f9409604d0cdf8fb53a13de47fa661ab94da179151c854f9a345207433,c:\Windows\System32\SMBHelperClass.dll
SMBHelperClass.dll,113664,3,1197532450,2007-12-13T07:54:10.000Z,imports,wevtapi.dll,EvtRender,2ed531df724ea382c4223b211d97a870,a127b5f9409604d0cdf8fb53a13de47fa661ab94da179151c854f9a345207433,c:\Windows\System32\SMBHelperClass.dll
SMBHelperClass.dll,113664,3,1197532450,2007-12-13T07:54:10.000Z,imports,api-ms-win-core-com-l1-1-0.dll,CoCreateInstance,2ed531df724ea382c4223b211d97a870,a127b5f9409604d0cdf8fb53a13de47fa661ab94da179151c854f9a345207433,c:\Windows\System32\SMBHelperClass.dll
SMBHelperClass.dll,113664,3,1197532450,2007-12-13T07:54:10.000Z,imports,api-ms-win-core-com-l1-1-0.dll,CoInitializeEx,2ed531df724ea382c4223b211d97a870,a127b5f9409604d0cdf8fb53a13de47fa661ab94da179151c854f9a345207433,c:\Windows\System32\SMBHelperClass.dll
SMBHelperClass.dll,113664,3,1197532450,2007-12-13T07:54:10.000Z,imports,api-ms-win-core-com-l1-1-0.dll,CoTaskMemAlloc,2ed531df724ea382c4223b211d97a870,a127b5f9409604d0cdf8fb53a13de47fa661ab94da179151c854f9a345207433,c:\Windows\System32\SMBHelperClass.dll
SMBHelperClass.dll,113664,3,1197532450,2007-12-13T07:54:10.000Z,imports,api-ms-win-core-com-l1-1-0.dll,CoTaskMemFree,2ed531df724ea382c4223b211d97a870,a127b5f9409604d0cdf8fb53a13de47fa661ab94da179151c854f9a345207433,c:\Windows\System32\SMBHelperClass.dll
SMBHelperClass.dll,113664,3,1197532450,2007-12-13T07:54:10.000Z,imports,api-ms-win-core-com-l1-1-0.dll,CoTaskMemRealloc,2ed531df724ea382c4223b211d97a870,a127b5f9409604d0cdf8fb53a13de47fa661ab94da179151c854f9a345207433,c:\Windows\System32\SMBHelperClass.dll
SMBHelperClass.dll,113664,3,1197532450,2007-12-13T07:54:10.000Z,imports,api-ms-win-core-com-l1-1-0.dll,StringFromGUID2,2ed531df724ea382c4223b211d97a870,a127b5f9409604d0cdf8fb53a13de47fa661ab94da179151c854f9a345207433,c:\Windows\System32\SMBHelperClass.dll
SMBHelperClass.dll,113664,3,1197532450,2007-12-13T07:54:10.000Z,imports,srvcli.dll,NetShareEnum,2ed531df724ea382c4223b211d97a870,a127b5f9409604d0cdf8fb53a13de47fa661ab94da179151c854f9a345207433,c:\Windows\System32\SMBHelperClass.dll
SMBHelperClass.dll,113664,3,1197532450,2007-12-13T07:54:10.000Z,imports,netutils.dll,NetApiBufferFree,2ed531df724ea382c4223b211d97a870,a127b5f9409604d0cdf8fb53a13de47fa661ab94da179151c854f9a345207433,c:\Windows\System32\SMBHelperClass.dll
SMBHelperClass.dll,113664,3,1197532450,2007-12-13T07:54:10.000Z,exports,SMBHelperClass.dll,DllCanUnloadNow,2ed531df724ea382c4223b211d97a870,a127b5f9409604d0cdf8fb53a13de47fa661ab94da179151c854f9a345207433,c:\Windows\System32\SMBHelperClass.dll
SMBHelperClass.dll,113664,3,1197532450,2007-12-13T07:54:10.000Z,exports,SMBHelperClass.dll,DllGetClassObject,2ed531df724ea382c4223b211d97a870,a127b5f9409604d0cdf8fb53a13de47fa661ab94da179151c854f9a345207433,c:\Windows\System32\SMBHelperClass.dll
SMBHelperClass.dll,113664,3,1197532450,2007-12-13T07:54:10.000Z,exports,SMBHelperClass.dll,DllRegisterServer,2ed531df724ea382c4223b211d97a870,a127b5f9409604d0cdf8fb53a13de47fa661ab94da179151c854f9a345207433,c:\Windows\System32\SMBHelperClass.dll
SMBHelperClass.dll,113664,3,1197532450,2007-12-13T07:54:10.000Z,exports,SMBHelperClass.dll,DllUnregisterServer,2ed531df724ea382c4223b211d97a870,a127b5f9409604d0cdf8fb53a13de47fa661ab94da179151c854f9a345207433,c:\Windows\System32\SMBHelperClass.dll
