txflog.dll,118784,2,1400559063,2014-05-20T04:11:03.000Z,imports,msvcrt.dll,?terminate@@YAXXZ,6147b0fb164534b31dbfe0d6786a8509,dc9d059be3602fc29ffd7d4abd7bc4219fc4d955eb452ef33979488a261ffde5,c:\Windows\WinSxS\amd64_microsoft-windows-c..plus-runtime-txflog_31bf3856ad364e35_10.0.18362.1_none_b173b8ac80abedd5\txflog.dll
txflog.dll,118784,2,1400559063,2014-05-20T04:11:03.000Z,imports,msvcrt.dll,_XcptFilter,6147b0fb164534b31dbfe0d6786a8509,dc9d059be3602fc29ffd7d4abd7bc4219fc4d955eb452ef33979488a261ffde5,c:\Windows\WinSxS\amd64_microsoft-windows-c..plus-runtime-txflog_31bf3856ad364e35_10.0.18362.1_none_b173b8ac80abedd5\txflog.dll
txflog.dll,118784,2,1400559063,2014-05-20T04:11:03.000Z,imports,msvcrt.dll,__C_specific_handler,6147b0fb164534b31dbfe0d6786a8509,dc9d059be3602fc29ffd7d4abd7bc4219fc4d955eb452ef33979488a261ffde5,c:\Windows\WinSxS\amd64_microsoft-windows-c..plus-runtime-txflog_31bf3856ad364e35_10.0.18362.1_none_b173b8ac80abedd5\txflog.dll
txflog.dll,118784,2,1400559063,2014-05-20T04:11:03.000Z,imports,msvcrt.dll,__CxxFrameHandler3,6147b0fb164534b31dbfe0d6786a8509,dc9d059be3602fc29ffd7d4abd7bc4219fc4d955eb452ef33979488a261ffde5,c:\Windows\WinSxS\amd64_microsoft-windows-c..plus-runtime-txflog_31bf3856ad364e35_10.0.18362.1_none_b173b8ac80abedd5\txflog.dll
txflog.dll,118784,2,1400559063,2014-05-20T04:11:03.000Z,imports,msvcrt.dll,__dllonexit,6147b0fb164534b31dbfe0d6786a8509,dc9d059be3602fc29ffd7d4abd7bc4219fc4d955eb452ef33979488a261ffde5,c:\Windows\WinSxS\amd64_microsoft-windows-c..plus-runtime-txflog_31bf3856ad364e35_10.0.18362.1_none_b173b8ac80abedd5\txflog.dll
txflog.dll,118784,2,1400559063,2014-05-20T04:11:03.000Z,imports,msvcrt.dll,_amsg_exit,6147b0fb164534b31dbfe0d6786a8509,dc9d059be3602fc29ffd7d4abd7bc4219fc4d955eb452ef33979488a261ffde5,c:\Windows\WinSxS\amd64_microsoft-windows-c..plus-runtime-txflog_31bf3856ad364e35_10.0.18362.1_none_b173b8ac80abedd5\txflog.dll
txflog.dll,118784,2,1400559063,2014-05-20T04:11:03.000Z,imports,msvcrt.dll,_beginthreadex,6147b0fb164534b31dbfe0d6786a8509,dc9d059be3602fc29ffd7d4abd7bc4219fc4d955eb452ef33979488a261ffde5,c:\Windows\WinSxS\amd64_microsoft-windows-c..plus-runtime-txflog_31bf3856ad364e35_10.0.18362.1_none_b173b8ac80abedd5\txflog.dll
txflog.dll,118784,2,1400559063,2014-05-20T04:11:03.000Z,imports,msvcrt.dll,_initterm,6147b0fb164534b31dbfe0d6786a8509,dc9d059be3602fc29ffd7d4abd7bc4219fc4d955eb452ef33979488a261ffde5,c:\Windows\WinSxS\amd64_microsoft-windows-c..plus-runtime-txflog_31bf3856ad364e35_10.0.18362.1_none_b173b8ac80abedd5\txflog.dll
txflog.dll,118784,2,1400559063,2014-05-20T04:11:03.000Z,imports,msvcrt.dll,_local_unwind,6147b0fb164534b31dbfe0d6786a8509,dc9d059be3602fc29ffd7d4abd7bc4219fc4d955eb452ef33979488a261ffde5,c:\Windows\WinSxS\amd64_microsoft-windows-c..plus-runtime-txflog_31bf3856ad364e35_10.0.18362.1_none_b173b8ac80abedd5\txflog.dll
txflog.dll,118784,2,1400559063,2014-05-20T04:11:03.000Z,imports,msvcrt.dll,_lock,6147b0fb164534b31dbfe0d6786a8509,dc9d059be3602fc29ffd7d4abd7bc4219fc4d955eb452ef33979488a261ffde5,c:\Windows\WinSxS\amd64_microsoft-windows-c..plus-runtime-txflog_31bf3856ad364e35_10.0.18362.1_none_b173b8ac80abedd5\txflog.dll
txflog.dll,118784,2,1400559063,2014-05-20T04:11:03.000Z,imports,msvcrt.dll,_onexit,6147b0fb164534b31dbfe0d6786a8509,dc9d059be3602fc29ffd7d4abd7bc4219fc4d955eb452ef33979488a261ffde5,c:\Windows\WinSxS\amd64_microsoft-windows-c..plus-runtime-txflog_31bf3856ad364e35_10.0.18362.1_none_b173b8ac80abedd5\txflog.dll
txflog.dll,118784,2,1400559063,2014-05-20T04:11:03.000Z,imports,msvcrt.dll,_purecall,6147b0fb164534b31dbfe0d6786a8509,dc9d059be3602fc29ffd7d4abd7bc4219fc4d955eb452ef33979488a261ffde5,c:\Windows\WinSxS\amd64_microsoft-windows-c..plus-runtime-txflog_31bf3856ad364e35_10.0.18362.1_none_b173b8ac80abedd5\txflog.dll
txflog.dll,118784,2,1400559063,2014-05-20T04:11:03.000Z,imports,msvcrt.dll,_unlock,6147b0fb164534b31dbfe0d6786a8509,dc9d059be3602fc29ffd7d4abd7bc4219fc4d955eb452ef33979488a261ffde5,c:\Windows\WinSxS\amd64_microsoft-windows-c..plus-runtime-txflog_31bf3856ad364e35_10.0.18362.1_none_b173b8ac80abedd5\txflog.dll
txflog.dll,118784,2,1400559063,2014-05-20T04:11:03.000Z,imports,msvcrt.dll,_vsnprintf,6147b0fb164534b31dbfe0d6786a8509,dc9d059be3602fc29ffd7d4abd7bc4219fc4d955eb452ef33979488a261ffde5,c:\Windows\WinSxS\amd64_microsoft-windows-c..plus-runtime-txflog_31bf3856ad364e35_10.0.18362.1_none_b173b8ac80abedd5\txflog.dll
txflog.dll,118784,2,1400559063,2014-05-20T04:11:03.000Z,imports,msvcrt.dll,_vsnwprintf,6147b0fb164534b31dbfe0d6786a8509,dc9d059be3602fc29ffd7d4abd7bc4219fc4d955eb452ef33979488a261ffde5,c:\Windows\WinSxS\amd64_microsoft-windows-c..plus-runtime-txflog_31bf3856ad364e35_10.0.18362.1_none_b173b8ac80abedd5\txflog.dll
txflog.dll,118784,2,1400559063,2014-05-20T04:11:03.000Z,imports,msvcrt.dll,_waccess,6147b0fb164534b31dbfe0d6786a8509,dc9d059be3602fc29ffd7d4abd7bc4219fc4d955eb452ef33979488a261ffde5,c:\Windows\WinSxS\amd64_microsoft-windows-c..plus-runtime-txflog_31bf3856ad364e35_10.0.18362.1_none_b173b8ac80abedd5\txflog.dll
txflog.dll,118784,2,1400559063,2014-05-20T04:11:03.000Z,imports,msvcrt.dll,_wcsicmp,6147b0fb164534b31dbfe0d6786a8509,dc9d059be3602fc29ffd7d4abd7bc4219fc4d955eb452ef33979488a261ffde5,c:\Windows\WinSxS\amd64_microsoft-windows-c..plus-runtime-txflog_31bf3856ad364e35_10.0.18362.1_none_b173b8ac80abedd5\txflog.dll
txflog.dll,118784,2,1400559063,2014-05-20T04:11:03.000Z,imports,msvcrt.dll,_wstrdate,6147b0fb164534b31dbfe0d6786a8509,dc9d059be3602fc29ffd7d4abd7bc4219fc4d955eb452ef33979488a261ffde5,c:\Windows\WinSxS\amd64_microsoft-windows-c..plus-runtime-txflog_31bf3856ad364e35_10.0.18362.1_none_b173b8ac80abedd5\txflog.dll
txflog.dll,118784,2,1400559063,2014-05-20T04:11:03.000Z,imports,msvcrt.dll,_wstrtime,6147b0fb164534b31dbfe0d6786a8509,dc9d059be3602fc29ffd7d4abd7bc4219fc4d955eb452ef33979488a261ffde5,c:\Windows\WinSxS\amd64_microsoft-windows-c..plus-runtime-txflog_31bf3856ad364e35_10.0.18362.1_none_b173b8ac80abedd5\txflog.dll
txflog.dll,118784,2,1400559063,2014-05-20T04:11:03.000Z,imports,msvcrt.dll,exp,6147b0fb164534b31dbfe0d6786a8509,dc9d059be3602fc29ffd7d4abd7bc4219fc4d955eb452ef33979488a261ffde5,c:\Windows\WinSxS\amd64_microsoft-windows-c..plus-runtime-txflog_31bf3856ad364e35_10.0.18362.1_none_b173b8ac80abedd5\txflog.dll
txflog.dll,118784,2,1400559063,2014-05-20T04:11:03.000Z,imports,msvcrt.dll,free,6147b0fb164534b31dbfe0d6786a8509,dc9d059be3602fc29ffd7d4abd7bc4219fc4d955eb452ef33979488a261ffde5,c:\Windows\WinSxS\amd64_microsoft-windows-c..plus-runtime-txflog_31bf3856ad364e35_10.0.18362.1_none_b173b8ac80abedd5\txflog.dll
txflog.dll,118784,2,1400559063,2014-05-20T04:11:03.000Z,imports,msvcrt.dll,malloc,6147b0fb164534b31dbfe0d6786a8509,dc9d059be3602fc29ffd7d4abd7bc4219fc4d955eb452ef33979488a261ffde5,c:\Windows\WinSxS\amd64_microsoft-windows-c..plus-runtime-txflog_31bf3856ad364e35_10.0.18362.1_none_b173b8ac80abedd5\txflog.dll
txflog.dll,118784,2,1400559063,2014-05-20T04:11:03.000Z,imports,msvcrt.dll,memcpy,6147b0fb164534b31dbfe0d6786a8509,dc9d059be3602fc29ffd7d4abd7bc4219fc4d955eb452ef33979488a261ffde5,c:\Windows\WinSxS\amd64_microsoft-windows-c..plus-runtime-txflog_31bf3856ad364e35_10.0.18362.1_none_b173b8ac80abedd5\txflog.dll
txflog.dll,118784,2,1400559063,2014-05-20T04:11:03.000Z,imports,msvcrt.dll,memset,6147b0fb164534b31dbfe0d6786a8509,dc9d059be3602fc29ffd7d4abd7bc4219fc4d955eb452ef33979488a261ffde5,c:\Windows\WinSxS\amd64_microsoft-windows-c..plus-runtime-txflog_31bf3856ad364e35_10.0.18362.1_none_b173b8ac80abedd5\txflog.dll
txflog.dll,118784,2,1400559063,2014-05-20T04:11:03.000Z,imports,msvcrt.dll,sqrt,6147b0fb164534b31dbfe0d6786a8509,dc9d059be3602fc29ffd7d4abd7bc4219fc4d955eb452ef33979488a261ffde5,c:\Windows\WinSxS\amd64_microsoft-windows-c..plus-runtime-txflog_31bf3856ad364e35_10.0.18362.1_none_b173b8ac80abedd5\txflog.dll
txflog.dll,118784,2,1400559063,2014-05-20T04:11:03.000Z,imports,msvcrt.dll,wcsrchr,6147b0fb164534b31dbfe0d6786a8509,dc9d059be3602fc29ffd7d4abd7bc4219fc4d955eb452ef33979488a261ffde5,c:\Windows\WinSxS\amd64_microsoft-windows-c..plus-runtime-txflog_31bf3856ad364e35_10.0.18362.1_none_b173b8ac80abedd5\txflog.dll
txflog.dll,118784,2,1400559063,2014-05-20T04:11:03.000Z,imports,ntdll.dll,NtClose,6147b0fb164534b31dbfe0d6786a8509,dc9d059be3602fc29ffd7d4abd7bc4219fc4d955eb452ef33979488a261ffde5,c:\Windows\WinSxS\amd64_microsoft-windows-c..plus-runtime-txflog_31bf3856ad364e35_10.0.18362.1_none_b173b8ac80abedd5\txflog.dll
txflog.dll,118784,2,1400559063,2014-05-20T04:11:03.000Z,imports,ntdll.dll,NtCreateFile,6147b0fb164534b31dbfe0d6786a8509,dc9d059be3602fc29ffd7d4abd7bc4219fc4d955eb452ef33979488a261ffde5,c:\Windows\WinSxS\amd64_microsoft-windows-c..plus-runtime-txflog_31bf3856ad364e35_10.0.18362.1_none_b173b8ac80abedd5\txflog.dll
txflog.dll,118784,2,1400559063,2014-05-20T04:11:03.000Z,imports,ntdll.dll,NtFlushBuffersFile,6147b0fb164534b31dbfe0d6786a8509,dc9d059be3602fc29ffd7d4abd7bc4219fc4d955eb452ef33979488a261ffde5,c:\Windows\WinSxS\amd64_microsoft-windows-c..plus-runtime-txflog_31bf3856ad364e35_10.0.18362.1_none_b173b8ac80abedd5\txflog.dll
txflog.dll,118784,2,1400559063,2014-05-20T04:11:03.000Z,imports,ntdll.dll,NtOpenFile,6147b0fb164534b31dbfe0d6786a8509,dc9d059be3602fc29ffd7d4abd7bc4219fc4d955eb452ef33979488a261ffde5,c:\Windows\WinSxS\amd64_microsoft-windows-c..plus-runtime-txflog_31bf3856ad364e35_10.0.18362.1_none_b173b8ac80abedd5\txflog.dll
txflog.dll,118784,2,1400559063,2014-05-20T04:11:03.000Z,imports,ntdll.dll,NtQueryInformationFile,6147b0fb164534b31dbfe0d6786a8509,dc9d059be3602fc29ffd7d4abd7bc4219fc4d955eb452ef33979488a261ffde5,c:\Windows\WinSxS\amd64_microsoft-windows-c..plus-runtime-txflog_31bf3856ad364e35_10.0.18362.1_none_b173b8ac80abedd5\txflog.dll
txflog.dll,118784,2,1400559063,2014-05-20T04:11:03.000Z,imports,ntdll.dll,NtQueryVolumeInformationFile,6147b0fb164534b31dbfe0d6786a8509,dc9d059be3602fc29ffd7d4abd7bc4219fc4d955eb452ef33979488a261ffde5,c:\Windows\WinSxS\amd64_microsoft-windows-c..plus-runtime-txflog_31bf3856ad364e35_10.0.18362.1_none_b173b8ac80abedd5\txflog.dll
txflog.dll,118784,2,1400559063,2014-05-20T04:11:03.000Z,imports,ntdll.dll,NtReadFile,6147b0fb164534b31dbfe0d6786a8509,dc9d059be3602fc29ffd7d4abd7bc4219fc4d955eb452ef33979488a261ffde5,c:\Windows\WinSxS\amd64_microsoft-windows-c..plus-runtime-txflog_31bf3856ad364e35_10.0.18362.1_none_b173b8ac80abedd5\txflog.dll
txflog.dll,118784,2,1400559063,2014-05-20T04:11:03.000Z,imports,ntdll.dll,NtSetInformationFile,6147b0fb164534b31dbfe0d6786a8509,dc9d059be3602fc29ffd7d4abd7bc4219fc4d955eb452ef33979488a261ffde5,c:\Windows\WinSxS\amd64_microsoft-windows-c..plus-runtime-txflog_31bf3856ad364e35_10.0.18362.1_none_b173b8ac80abedd5\txflog.dll
txflog.dll,118784,2,1400559063,2014-05-20T04:11:03.000Z,imports,ntdll.dll,NtWaitForSingleObject,6147b0fb164534b31dbfe0d6786a8509,dc9d059be3602fc29ffd7d4abd7bc4219fc4d955eb452ef33979488a261ffde5,c:\Windows\WinSxS\amd64_microsoft-windows-c..plus-runtime-txflog_31bf3856ad364e35_10.0.18362.1_none_b173b8ac80abedd5\txflog.dll
txflog.dll,118784,2,1400559063,2014-05-20T04:11:03.000Z,imports,ntdll.dll,NtWriteFile,6147b0fb164534b31dbfe0d6786a8509,dc9d059be3602fc29ffd7d4abd7bc4219fc4d955eb452ef33979488a261ffde5,c:\Windows\WinSxS\amd64_microsoft-windows-c..plus-runtime-txflog_31bf3856ad364e35_10.0.18362.1_none_b173b8ac80abedd5\txflog.dll
txflog.dll,118784,2,1400559063,2014-05-20T04:11:03.000Z,imports,ntdll.dll,RtlCaptureContext,6147b0fb164534b31dbfe0d6786a8509,dc9d059be3602fc29ffd7d4abd7bc4219fc4d955eb452ef33979488a261ffde5,c:\Windows\WinSxS\amd64_microsoft-windows-c..plus-runtime-txflog_31bf3856ad364e35_10.0.18362.1_none_b173b8ac80abedd5\txflog.dll
txflog.dll,118784,2,1400559063,2014-05-20T04:11:03.000Z,imports,ntdll.dll,RtlDelete,6147b0fb164534b31dbfe0d6786a8509,dc9d059be3602fc29ffd7d4abd7bc4219fc4d955eb452ef33979488a261ffde5,c:\Windows\WinSxS\amd64_microsoft-windows-c..plus-runtime-txflog_31bf3856ad364e35_10.0.18362.1_none_b173b8ac80abedd5\txflog.dll
txflog.dll,118784,2,1400559063,2014-05-20T04:11:03.000Z,imports,ntdll.dll,RtlDeleteCriticalSection,6147b0fb164534b31dbfe0d6786a8509,dc9d059be3602fc29ffd7d4abd7bc4219fc4d955eb452ef33979488a261ffde5,c:\Windows\WinSxS\amd64_microsoft-windows-c..plus-runtime-txflog_31bf3856ad364e35_10.0.18362.1_none_b173b8ac80abedd5\txflog.dll
txflog.dll,118784,2,1400559063,2014-05-20T04:11:03.000Z,imports,ntdll.dll,RtlDllShutdownInProgress,6147b0fb164534b31dbfe0d6786a8509,dc9d059be3602fc29ffd7d4abd7bc4219fc4d955eb452ef33979488a261ffde5,c:\Windows\WinSxS\amd64_microsoft-windows-c..plus-runtime-txflog_31bf3856ad364e35_10.0.18362.1_none_b173b8ac80abedd5\txflog.dll
txflog.dll,118784,2,1400559063,2014-05-20T04:11:03.000Z,imports,ntdll.dll,RtlInitUnicodeString,6147b0fb164534b31dbfe0d6786a8509,dc9d059be3602fc29ffd7d4abd7bc4219fc4d955eb452ef33979488a261ffde5,c:\Windows\WinSxS\amd64_microsoft-windows-c..plus-runtime-txflog_31bf3856ad364e35_10.0.18362.1_none_b173b8ac80abedd5\txflog.dll
txflog.dll,118784,2,1400559063,2014-05-20T04:11:03.000Z,imports,ntdll.dll,RtlInitializeCriticalSectionAndSpinCount,6147b0fb164534b31dbfe0d6786a8509,dc9d059be3602fc29ffd7d4abd7bc4219fc4d955eb452ef33979488a261ffde5,c:\Windows\WinSxS\amd64_microsoft-windows-c..plus-runtime-txflog_31bf3856ad364e35_10.0.18362.1_none_b173b8ac80abedd5\txflog.dll
txflog.dll,118784,2,1400559063,2014-05-20T04:11:03.000Z,imports,ntdll.dll,RtlLookupFunctionEntry,6147b0fb164534b31dbfe0d6786a8509,dc9d059be3602fc29ffd7d4abd7bc4219fc4d955eb452ef33979488a261ffde5,c:\Windows\WinSxS\amd64_microsoft-windows-c..plus-runtime-txflog_31bf3856ad364e35_10.0.18362.1_none_b173b8ac80abedd5\txflog.dll
txflog.dll,118784,2,1400559063,2014-05-20T04:11:03.000Z,imports,ntdll.dll,RtlNtStatusToDosError,6147b0fb164534b31dbfe0d6786a8509,dc9d059be3602fc29ffd7d4abd7bc4219fc4d955eb452ef33979488a261ffde5,c:\Windows\WinSxS\amd64_microsoft-windows-c..plus-runtime-txflog_31bf3856ad364e35_10.0.18362.1_none_b173b8ac80abedd5\txflog.dll
txflog.dll,118784,2,1400559063,2014-05-20T04:11:03.000Z,imports,ntdll.dll,RtlSplay,6147b0fb164534b31dbfe0d6786a8509,dc9d059be3602fc29ffd7d4abd7bc4219fc4d955eb452ef33979488a261ffde5,c:\Windows\WinSxS\amd64_microsoft-windows-c..plus-runtime-txflog_31bf3856ad364e35_10.0.18362.1_none_b173b8ac80abedd5\txflog.dll
txflog.dll,118784,2,1400559063,2014-05-20T04:11:03.000Z,imports,ntdll.dll,RtlVirtualUnwind,6147b0fb164534b31dbfe0d6786a8509,dc9d059be3602fc29ffd7d4abd7bc4219fc4d955eb452ef33979488a261ffde5,c:\Windows\WinSxS\amd64_microsoft-windows-c..plus-runtime-txflog_31bf3856ad364e35_10.0.18362.1_none_b173b8ac80abedd5\txflog.dll
txflog.dll,118784,2,1400559063,2014-05-20T04:11:03.000Z,imports,api-ms-win-core-com-l1-1-0.dll,CoCreateGuid,6147b0fb164534b31dbfe0d6786a8509,dc9d059be3602fc29ffd7d4abd7bc4219fc4d955eb452ef33979488a261ffde5,c:\Windows\WinSxS\amd64_microsoft-windows-c..plus-runtime-txflog_31bf3856ad364e35_10.0.18362.1_none_b173b8ac80abedd5\txflog.dll
txflog.dll,118784,2,1400559063,2014-05-20T04:11:03.000Z,imports,api-ms-win-core-com-l1-1-0.dll,CoCreateInstance,6147b0fb164534b31dbfe0d6786a8509,dc9d059be3602fc29ffd7d4abd7bc4219fc4d955eb452ef33979488a261ffde5,c:\Windows\WinSxS\amd64_microsoft-windows-c..plus-runtime-txflog_31bf3856ad364e35_10.0.18362.1_none_b173b8ac80abedd5\txflog.dll
txflog.dll,118784,2,1400559063,2014-05-20T04:11:03.000Z,imports,api-ms-win-core-com-l1-1-0.dll,CoGetMalloc,6147b0fb164534b31dbfe0d6786a8509,dc9d059be3602fc29ffd7d4abd7bc4219fc4d955eb452ef33979488a261ffde5,c:\Windows\WinSxS\amd64_microsoft-windows-c..plus-runtime-txflog_31bf3856ad364e35_10.0.18362.1_none_b173b8ac80abedd5\txflog.dll
txflog.dll,118784,2,1400559063,2014-05-20T04:11:03.000Z,imports,api-ms-win-core-com-l1-1-0.dll,CoGetObjectContext,6147b0fb164534b31dbfe0d6786a8509,dc9d059be3602fc29ffd7d4abd7bc4219fc4d955eb452ef33979488a261ffde5,c:\Windows\WinSxS\amd64_microsoft-windows-c..plus-runtime-txflog_31bf3856ad364e35_10.0.18362.1_none_b173b8ac80abedd5\txflog.dll
txflog.dll,118784,2,1400559063,2014-05-20T04:11:03.000Z,imports,api-ms-win-core-com-l1-1-0.dll,CoInitializeEx,6147b0fb164534b31dbfe0d6786a8509,dc9d059be3602fc29ffd7d4abd7bc4219fc4d955eb452ef33979488a261ffde5,c:\Windows\WinSxS\amd64_microsoft-windows-c..plus-runtime-txflog_31bf3856ad364e35_10.0.18362.1_none_b173b8ac80abedd5\txflog.dll
txflog.dll,118784,2,1400559063,2014-05-20T04:11:03.000Z,imports,api-ms-win-core-com-l1-1-0.dll,CoTaskMemAlloc,6147b0fb164534b31dbfe0d6786a8509,dc9d059be3602fc29ffd7d4abd7bc4219fc4d955eb452ef33979488a261ffde5,c:\Windows\WinSxS\amd64_microsoft-windows-c..plus-runtime-txflog_31bf3856ad364e35_10.0.18362.1_none_b173b8ac80abedd5\txflog.dll
txflog.dll,118784,2,1400559063,2014-05-20T04:11:03.000Z,imports,api-ms-win-core-com-l1-1-0.dll,CoTaskMemFree,6147b0fb164534b31dbfe0d6786a8509,dc9d059be3602fc29ffd7d4abd7bc4219fc4d955eb452ef33979488a261ffde5,c:\Windows\WinSxS\amd64_microsoft-windows-c..plus-runtime-txflog_31bf3856ad364e35_10.0.18362.1_none_b173b8ac80abedd5\txflog.dll
txflog.dll,118784,2,1400559063,2014-05-20T04:11:03.000Z,imports,api-ms-win-core-com-l1-1-0.dll,CoUninitialize,6147b0fb164534b31dbfe0d6786a8509,dc9d059be3602fc29ffd7d4abd7bc4219fc4d955eb452ef33979488a261ffde5,c:\Windows\WinSxS\amd64_microsoft-windows-c..plus-runtime-txflog_31bf3856ad364e35_10.0.18362.1_none_b173b8ac80abedd5\txflog.dll
txflog.dll,118784,2,1400559063,2014-05-20T04:11:03.000Z,imports,api-ms-win-core-com-l1-1-0.dll,StringFromGUID2,6147b0fb164534b31dbfe0d6786a8509,dc9d059be3602fc29ffd7d4abd7bc4219fc4d955eb452ef33979488a261ffde5,c:\Windows\WinSxS\amd64_microsoft-windows-c..plus-runtime-txflog_31bf3856ad364e35_10.0.18362.1_none_b173b8ac80abedd5\txflog.dll
txflog.dll,118784,2,1400559063,2014-05-20T04:11:03.000Z,imports,api-ms-win-core-errorhandling-l1-1-0.dll,GetLastError,6147b0fb164534b31dbfe0d6786a8509,dc9d059be3602fc29ffd7d4abd7bc4219fc4d955eb452ef33979488a261ffde5,c:\Windows\WinSxS\amd64_microsoft-windows-c..plus-runtime-txflog_31bf3856ad364e35_10.0.18362.1_none_b173b8ac80abedd5\txflog.dll
txflog.dll,118784,2,1400559063,2014-05-20T04:11:03.000Z,imports,api-ms-win-core-errorhandling-l1-1-0.dll,RaiseException,6147b0fb164534b31dbfe0d6786a8509,dc9d059be3602fc29ffd7d4abd7bc4219fc4d955eb452ef33979488a261ffde5,c:\Windows\WinSxS\amd64_microsoft-windows-c..plus-runtime-txflog_31bf3856ad364e35_10.0.18362.1_none_b173b8ac80abedd5\txflog.dll
txflog.dll,118784,2,1400559063,2014-05-20T04:11:03.000Z,imports,api-ms-win-core-errorhandling-l1-1-0.dll,SetUnhandledExceptionFilter,6147b0fb164534b31dbfe0d6786a8509,dc9d059be3602fc29ffd7d4abd7bc4219fc4d955eb452ef33979488a261ffde5,c:\Windows\WinSxS\amd64_microsoft-windows-c..plus-runtime-txflog_31bf3856ad364e35_10.0.18362.1_none_b173b8ac80abedd5\txflog.dll
txflog.dll,118784,2,1400559063,2014-05-20T04:11:03.000Z,imports,api-ms-win-core-errorhandling-l1-1-0.dll,UnhandledExceptionFilter,6147b0fb164534b31dbfe0d6786a8509,dc9d059be3602fc29ffd7d4abd7bc4219fc4d955eb452ef33979488a261ffde5,c:\Windows\WinSxS\amd64_microsoft-windows-c..plus-runtime-txflog_31bf3856ad364e35_10.0.18362.1_none_b173b8ac80abedd5\txflog.dll
txflog.dll,118784,2,1400559063,2014-05-20T04:11:03.000Z,imports,api-ms-win-core-synch-l1-1-0.dll,CreateEventW,6147b0fb164534b31dbfe0d6786a8509,dc9d059be3602fc29ffd7d4abd7bc4219fc4d955eb452ef33979488a261ffde5,c:\Windows\WinSxS\amd64_microsoft-windows-c..plus-runtime-txflog_31bf3856ad364e35_10.0.18362.1_none_b173b8ac80abedd5\txflog.dll
txflog.dll,118784,2,1400559063,2014-05-20T04:11:03.000Z,imports,api-ms-win-core-synch-l1-1-0.dll,CreateSemaphoreExW,6147b0fb164534b31dbfe0d6786a8509,dc9d059be3602fc29ffd7d4abd7bc4219fc4d955eb452ef33979488a261ffde5,c:\Windows\WinSxS\amd64_microsoft-windows-c..plus-runtime-txflog_31bf3856ad364e35_10.0.18362.1_none_b173b8ac80abedd5\txflog.dll
txflog.dll,118784,2,1400559063,2014-05-20T04:11:03.000Z,imports,api-ms-win-core-synch-l1-1-0.dll,DeleteCriticalSection,6147b0fb164534b31dbfe0d6786a8509,dc9d059be3602fc29ffd7d4abd7bc4219fc4d955eb452ef33979488a261ffde5,c:\Windows\WinSxS\amd64_microsoft-windows-c..plus-runtime-txflog_31bf3856ad364e35_10.0.18362.1_none_b173b8ac80abedd5\txflog.dll
txflog.dll,118784,2,1400559063,2014-05-20T04:11:03.000Z,imports,api-ms-win-core-synch-l1-1-0.dll,EnterCriticalSection,6147b0fb164534b31dbfe0d6786a8509,dc9d059be3602fc29ffd7d4abd7bc4219fc4d955eb452ef33979488a261ffde5,c:\Windows\WinSxS\amd64_microsoft-windows-c..plus-runtime-txflog_31bf3856ad364e35_10.0.18362.1_none_b173b8ac80abedd5\txflog.dll
txflog.dll,118784,2,1400559063,2014-05-20T04:11:03.000Z,imports,api-ms-win-core-synch-l1-1-0.dll,InitializeCriticalSection,6147b0fb164534b31dbfe0d6786a8509,dc9d059be3602fc29ffd7d4abd7bc4219fc4d955eb452ef33979488a261ffde5,c:\Windows\WinSxS\amd64_microsoft-windows-c..plus-runtime-txflog_31bf3856ad364e35_10.0.18362.1_none_b173b8ac80abedd5\txflog.dll
txflog.dll,118784,2,1400559063,2014-05-20T04:11:03.000Z,imports,api-ms-win-core-synch-l1-1-0.dll,InitializeCriticalSectionAndSpinCount,6147b0fb164534b31dbfe0d6786a8509,dc9d059be3602fc29ffd7d4abd7bc4219fc4d955eb452ef33979488a261ffde5,c:\Windows\WinSxS\amd64_microsoft-windows-c..plus-runtime-txflog_31bf3856ad364e35_10.0.18362.1_none_b173b8ac80abedd5\txflog.dll
txflog.dll,118784,2,1400559063,2014-05-20T04:11:03.000Z,imports,api-ms-win-core-synch-l1-1-0.dll,LeaveCriticalSection,6147b0fb164534b31dbfe0d6786a8509,dc9d059be3602fc29ffd7d4abd7bc4219fc4d955eb452ef33979488a261ffde5,c:\Windows\WinSxS\amd64_microsoft-windows-c..plus-runtime-txflog_31bf3856ad364e35_10.0.18362.1_none_b173b8ac80abedd5\txflog.dll
txflog.dll,118784,2,1400559063,2014-05-20T04:11:03.000Z,imports,api-ms-win-core-synch-l1-1-0.dll,ReleaseSemaphore,6147b0fb164534b31dbfe0d6786a8509,dc9d059be3602fc29ffd7d4abd7bc4219fc4d955eb452ef33979488a261ffde5,c:\Windows\WinSxS\amd64_microsoft-windows-c..plus-runtime-txflog_31bf3856ad364e35_10.0.18362.1_none_b173b8ac80abedd5\txflog.dll
txflog.dll,118784,2,1400559063,2014-05-20T04:11:03.000Z,imports,api-ms-win-core-synch-l1-1-0.dll,ResetEvent,6147b0fb164534b31dbfe0d6786a8509,dc9d059be3602fc29ffd7d4abd7bc4219fc4d955eb452ef33979488a261ffde5,c:\Windows\WinSxS\amd64_microsoft-windows-c..plus-runtime-txflog_31bf3856ad364e35_10.0.18362.1_none_b173b8ac80abedd5\txflog.dll
txflog.dll,118784,2,1400559063,2014-05-20T04:11:03.000Z,imports,api-ms-win-core-synch-l1-1-0.dll,SetEvent,6147b0fb164534b31dbfe0d6786a8509,dc9d059be3602fc29ffd7d4abd7bc4219fc4d955eb452ef33979488a261ffde5,c:\Windows\WinSxS\amd64_microsoft-windows-c..plus-runtime-txflog_31bf3856ad364e35_10.0.18362.1_none_b173b8ac80abedd5\txflog.dll
txflog.dll,118784,2,1400559063,2014-05-20T04:11:03.000Z,imports,api-ms-win-core-synch-l1-1-0.dll,WaitForSingleObject,6147b0fb164534b31dbfe0d6786a8509,dc9d059be3602fc29ffd7d4abd7bc4219fc4d955eb452ef33979488a261ffde5,c:\Windows\WinSxS\amd64_microsoft-windows-c..plus-runtime-txflog_31bf3856ad364e35_10.0.18362.1_none_b173b8ac80abedd5\txflog.dll
txflog.dll,118784,2,1400559063,2014-05-20T04:11:03.000Z,imports,api-ms-win-core-handle-l1-1-0.dll,CloseHandle,6147b0fb164534b31dbfe0d6786a8509,dc9d059be3602fc29ffd7d4abd7bc4219fc4d955eb452ef33979488a261ffde5,c:\Windows\WinSxS\amd64_microsoft-windows-c..plus-runtime-txflog_31bf3856ad364e35_10.0.18362.1_none_b173b8ac80abedd5\txflog.dll
txflog.dll,118784,2,1400559063,2014-05-20T04:11:03.000Z,imports,api-ms-win-core-processthreads-l1-1-0.dll,CreateProcessW,6147b0fb164534b31dbfe0d6786a8509,dc9d059be3602fc29ffd7d4abd7bc4219fc4d955eb452ef33979488a261ffde5,c:\Windows\WinSxS\amd64_microsoft-windows-c..plus-runtime-txflog_31bf3856ad364e35_10.0.18362.1_none_b173b8ac80abedd5\txflog.dll
txflog.dll,118784,2,1400559063,2014-05-20T04:11:03.000Z,imports,api-ms-win-core-processthreads-l1-1-0.dll,CreateThread,6147b0fb164534b31dbfe0d6786a8509,dc9d059be3602fc29ffd7d4abd7bc4219fc4d955eb452ef33979488a261ffde5,c:\Windows\WinSxS\amd64_microsoft-windows-c..plus-runtime-txflog_31bf3856ad364e35_10.0.18362.1_none_b173b8ac80abedd5\txflog.dll
txflog.dll,118784,2,1400559063,2014-05-20T04:11:03.000Z,imports,api-ms-win-core-processthreads-l1-1-0.dll,GetCurrentProcess,6147b0fb164534b31dbfe0d6786a8509,dc9d059be3602fc29ffd7d4abd7bc4219fc4d955eb452ef33979488a261ffde5,c:\Windows\WinSxS\amd64_microsoft-windows-c..plus-runtime-txflog_31bf3856ad364e35_10.0.18362.1_none_b173b8ac80abedd5\txflog.dll
txflog.dll,118784,2,1400559063,2014-05-20T04:11:03.000Z,imports,api-ms-win-core-processthreads-l1-1-0.dll,GetCurrentProcessId,6147b0fb164534b31dbfe0d6786a8509,dc9d059be3602fc29ffd7d4abd7bc4219fc4d955eb452ef33979488a261ffde5,c:\Windows\WinSxS\amd64_microsoft-windows-c..plus-runtime-txflog_31bf3856ad364e35_10.0.18362.1_none_b173b8ac80abedd5\txflog.dll
txflog.dll,118784,2,1400559063,2014-05-20T04:11:03.000Z,imports,api-ms-win-core-processthreads-l1-1-0.dll,GetCurrentThread,6147b0fb164534b31dbfe0d6786a8509,dc9d059be3602fc29ffd7d4abd7bc4219fc4d955eb452ef33979488a261ffde5,c:\Windows\WinSxS\amd64_microsoft-windows-c..plus-runtime-txflog_31bf3856ad364e35_10.0.18362.1_none_b173b8ac80abedd5\txflog.dll
txflog.dll,118784,2,1400559063,2014-05-20T04:11:03.000Z,imports,api-ms-win-core-processthreads-l1-1-0.dll,GetCurrentThreadId,6147b0fb164534b31dbfe0d6786a8509,dc9d059be3602fc29ffd7d4abd7bc4219fc4d955eb452ef33979488a261ffde5,c:\Windows\WinSxS\amd64_microsoft-windows-c..plus-runtime-txflog_31bf3856ad364e35_10.0.18362.1_none_b173b8ac80abedd5\txflog.dll
txflog.dll,118784,2,1400559063,2014-05-20T04:11:03.000Z,imports,api-ms-win-core-processthreads-l1-1-0.dll,GetExitCodeProcess,6147b0fb164534b31dbfe0d6786a8509,dc9d059be3602fc29ffd7d4abd7bc4219fc4d955eb452ef33979488a261ffde5,c:\Windows\WinSxS\amd64_microsoft-windows-c..plus-runtime-txflog_31bf3856ad364e35_10.0.18362.1_none_b173b8ac80abedd5\txflog.dll
txflog.dll,118784,2,1400559063,2014-05-20T04:11:03.000Z,imports,api-ms-win-core-processthreads-l1-1-0.dll,OpenProcessToken,6147b0fb164534b31dbfe0d6786a8509,dc9d059be3602fc29ffd7d4abd7bc4219fc4d955eb452ef33979488a261ffde5,c:\Windows\WinSxS\amd64_microsoft-windows-c..plus-runtime-txflog_31bf3856ad364e35_10.0.18362.1_none_b173b8ac80abedd5\txflog.dll
txflog.dll,118784,2,1400559063,2014-05-20T04:11:03.000Z,imports,api-ms-win-core-processthreads-l1-1-0.dll,OpenThreadToken,6147b0fb164534b31dbfe0d6786a8509,dc9d059be3602fc29ffd7d4abd7bc4219fc4d955eb452ef33979488a261ffde5,c:\Windows\WinSxS\amd64_microsoft-windows-c..plus-runtime-txflog_31bf3856ad364e35_10.0.18362.1_none_b173b8ac80abedd5\txflog.dll
txflog.dll,118784,2,1400559063,2014-05-20T04:11:03.000Z,imports,api-ms-win-core-processthreads-l1-1-0.dll,SetThreadPriority,6147b0fb164534b31dbfe0d6786a8509,dc9d059be3602fc29ffd7d4abd7bc4219fc4d955eb452ef33979488a261ffde5,c:\Windows\WinSxS\amd64_microsoft-windows-c..plus-runtime-txflog_31bf3856ad364e35_10.0.18362.1_none_b173b8ac80abedd5\txflog.dll
txflog.dll,118784,2,1400559063,2014-05-20T04:11:03.000Z,imports,api-ms-win-core-processthreads-l1-1-0.dll,SetThreadToken,6147b0fb164534b31dbfe0d6786a8509,dc9d059be3602fc29ffd7d4abd7bc4219fc4d955eb452ef33979488a261ffde5,c:\Windows\WinSxS\amd64_microsoft-windows-c..plus-runtime-txflog_31bf3856ad364e35_10.0.18362.1_none_b173b8ac80abedd5\txflog.dll
txflog.dll,118784,2,1400559063,2014-05-20T04:11:03.000Z,imports,api-ms-win-core-processthreads-l1-1-0.dll,TerminateProcess,6147b0fb164534b31dbfe0d6786a8509,dc9d059be3602fc29ffd7d4abd7bc4219fc4d955eb452ef33979488a261ffde5,c:\Windows\WinSxS\amd64_microsoft-windows-c..plus-runtime-txflog_31bf3856ad364e35_10.0.18362.1_none_b173b8ac80abedd5\txflog.dll
txflog.dll,118784,2,1400559063,2014-05-20T04:11:03.000Z,imports,api-ms-win-core-processthreads-l1-1-0.dll,TlsAlloc,6147b0fb164534b31dbfe0d6786a8509,dc9d059be3602fc29ffd7d4abd7bc4219fc4d955eb452ef33979488a261ffde5,c:\Windows\WinSxS\amd64_microsoft-windows-c..plus-runtime-txflog_31bf3856ad364e35_10.0.18362.1_none_b173b8ac80abedd5\txflog.dll
txflog.dll,118784,2,1400559063,2014-05-20T04:11:03.000Z,imports,api-ms-win-core-processthreads-l1-1-0.dll,TlsFree,6147b0fb164534b31dbfe0d6786a8509,dc9d059be3602fc29ffd7d4abd7bc4219fc4d955eb452ef33979488a261ffde5,c:\Windows\WinSxS\amd64_microsoft-windows-c..plus-runtime-txflog_31bf3856ad364e35_10.0.18362.1_none_b173b8ac80abedd5\txflog.dll
txflog.dll,118784,2,1400559063,2014-05-20T04:11:03.000Z,imports,api-ms-win-core-processthreads-l1-1-0.dll,TlsGetValue,6147b0fb164534b31dbfe0d6786a8509,dc9d059be3602fc29ffd7d4abd7bc4219fc4d955eb452ef33979488a261ffde5,c:\Windows\WinSxS\amd64_microsoft-windows-c..plus-runtime-txflog_31bf3856ad364e35_10.0.18362.1_none_b173b8ac80abedd5\txflog.dll
txflog.dll,118784,2,1400559063,2014-05-20T04:11:03.000Z,imports,api-ms-win-core-processthreads-l1-1-0.dll,TlsSetValue,6147b0fb164534b31dbfe0d6786a8509,dc9d059be3602fc29ffd7d4abd7bc4219fc4d955eb452ef33979488a261ffde5,c:\Windows\WinSxS\amd64_microsoft-windows-c..plus-runtime-txflog_31bf3856ad364e35_10.0.18362.1_none_b173b8ac80abedd5\txflog.dll
txflog.dll,118784,2,1400559063,2014-05-20T04:11:03.000Z,imports,api-ms-win-core-synch-l1-2-0.dll,Sleep,6147b0fb164534b31dbfe0d6786a8509,dc9d059be3602fc29ffd7d4abd7bc4219fc4d955eb452ef33979488a261ffde5,c:\Windows\WinSxS\amd64_microsoft-windows-c..plus-runtime-txflog_31bf3856ad364e35_10.0.18362.1_none_b173b8ac80abedd5\txflog.dll
txflog.dll,118784,2,1400559063,2014-05-20T04:11:03.000Z,imports,api-ms-win-core-profile-l1-1-0.dll,QueryPerformanceCounter,6147b0fb164534b31dbfe0d6786a8509,dc9d059be3602fc29ffd7d4abd7bc4219fc4d955eb452ef33979488a261ffde5,c:\Windows\WinSxS\amd64_microsoft-windows-c..plus-runtime-txflog_31bf3856ad364e35_10.0.18362.1_none_b173b8ac80abedd5\txflog.dll
txflog.dll,118784,2,1400559063,2014-05-20T04:11:03.000Z,imports,api-ms-win-core-profile-l1-1-0.dll,QueryPerformanceFrequency,6147b0fb164534b31dbfe0d6786a8509,dc9d059be3602fc29ffd7d4abd7bc4219fc4d955eb452ef33979488a261ffde5,c:\Windows\WinSxS\amd64_microsoft-windows-c..plus-runtime-txflog_31bf3856ad364e35_10.0.18362.1_none_b173b8ac80abedd5\txflog.dll
txflog.dll,118784,2,1400559063,2014-05-20T04:11:03.000Z,imports,api-ms-win-core-sysinfo-l1-1-0.dll,GetLocalTime,6147b0fb164534b31dbfe0d6786a8509,dc9d059be3602fc29ffd7d4abd7bc4219fc4d955eb452ef33979488a261ffde5,c:\Windows\WinSxS\amd64_microsoft-windows-c..plus-runtime-txflog_31bf3856ad364e35_10.0.18362.1_none_b173b8ac80abedd5\txflog.dll
txflog.dll,118784,2,1400559063,2014-05-20T04:11:03.000Z,imports,api-ms-win-core-sysinfo-l1-1-0.dll,GetSystemInfo,6147b0fb164534b31dbfe0d6786a8509,dc9d059be3602fc29ffd7d4abd7bc4219fc4d955eb452ef33979488a261ffde5,c:\Windows\WinSxS\amd64_microsoft-windows-c..plus-runtime-txflog_31bf3856ad364e35_10.0.18362.1_none_b173b8ac80abedd5\txflog.dll
txflog.dll,118784,2,1400559063,2014-05-20T04:11:03.000Z,imports,api-ms-win-core-sysinfo-l1-1-0.dll,GetSystemTimeAsFileTime,6147b0fb164534b31dbfe0d6786a8509,dc9d059be3602fc29ffd7d4abd7bc4219fc4d955eb452ef33979488a261ffde5,c:\Windows\WinSxS\amd64_microsoft-windows-c..plus-runtime-txflog_31bf3856ad364e35_10.0.18362.1_none_b173b8ac80abedd5\txflog.dll
txflog.dll,118784,2,1400559063,2014-05-20T04:11:03.000Z,imports,api-ms-win-core-sysinfo-l1-1-0.dll,GetTickCount,6147b0fb164534b31dbfe0d6786a8509,dc9d059be3602fc29ffd7d4abd7bc4219fc4d955eb452ef33979488a261ffde5,c:\Windows\WinSxS\amd64_microsoft-windows-c..plus-runtime-txflog_31bf3856ad364e35_10.0.18362.1_none_b173b8ac80abedd5\txflog.dll
txflog.dll,118784,2,1400559063,2014-05-20T04:11:03.000Z,imports,api-ms-win-core-libraryloader-l1-2-0.dll,FindResourceExW,6147b0fb164534b31dbfe0d6786a8509,dc9d059be3602fc29ffd7d4abd7bc4219fc4d955eb452ef33979488a261ffde5,c:\Windows\WinSxS\amd64_microsoft-windows-c..plus-runtime-txflog_31bf3856ad364e35_10.0.18362.1_none_b173b8ac80abedd5\txflog.dll
txflog.dll,118784,2,1400559063,2014-05-20T04:11:03.000Z,imports,api-ms-win-core-libraryloader-l1-2-0.dll,FreeLibrary,6147b0fb164534b31dbfe0d6786a8509,dc9d059be3602fc29ffd7d4abd7bc4219fc4d955eb452ef33979488a261ffde5,c:\Windows\WinSxS\amd64_microsoft-windows-c..plus-runtime-txflog_31bf3856ad364e35_10.0.18362.1_none_b173b8ac80abedd5\txflog.dll
txflog.dll,118784,2,1400559063,2014-05-20T04:11:03.000Z,imports,api-ms-win-core-libraryloader-l1-2-0.dll,FreeLibraryAndExitThread,6147b0fb164534b31dbfe0d6786a8509,dc9d059be3602fc29ffd7d4abd7bc4219fc4d955eb452ef33979488a261ffde5,c:\Windows\WinSxS\amd64_microsoft-windows-c..plus-runtime-txflog_31bf3856ad364e35_10.0.18362.1_none_b173b8ac80abedd5\txflog.dll
txflog.dll,118784,2,1400559063,2014-05-20T04:11:03.000Z,imports,api-ms-win-core-libraryloader-l1-2-0.dll,GetModuleFileNameW,6147b0fb164534b31dbfe0d6786a8509,dc9d059be3602fc29ffd7d4abd7bc4219fc4d955eb452ef33979488a261ffde5,c:\Windows\WinSxS\amd64_microsoft-windows-c..plus-runtime-txflog_31bf3856ad364e35_10.0.18362.1_none_b173b8ac80abedd5\txflog.dll
txflog.dll,118784,2,1400559063,2014-05-20T04:11:03.000Z,imports,api-ms-win-core-libraryloader-l1-2-0.dll,GetModuleHandleW,6147b0fb164534b31dbfe0d6786a8509,dc9d059be3602fc29ffd7d4abd7bc4219fc4d955eb452ef33979488a261ffde5,c:\Windows\WinSxS\amd64_microsoft-windows-c..plus-runtime-txflog_31bf3856ad364e35_10.0.18362.1_none_b173b8ac80abedd5\txflog.dll
txflog.dll,118784,2,1400559063,2014-05-20T04:11:03.000Z,imports,api-ms-win-core-libraryloader-l1-2-0.dll,GetProcAddress,6147b0fb164534b31dbfe0d6786a8509,dc9d059be3602fc29ffd7d4abd7bc4219fc4d955eb452ef33979488a261ffde5,c:\Windows\WinSxS\amd64_microsoft-windows-c..plus-runtime-txflog_31bf3856ad364e35_10.0.18362.1_none_b173b8ac80abedd5\txflog.dll
txflog.dll,118784,2,1400559063,2014-05-20T04:11:03.000Z,imports,api-ms-win-core-libraryloader-l1-2-0.dll,LoadLibraryExW,6147b0fb164534b31dbfe0d6786a8509,dc9d059be3602fc29ffd7d4abd7bc4219fc4d955eb452ef33979488a261ffde5,c:\Windows\WinSxS\amd64_microsoft-windows-c..plus-runtime-txflog_31bf3856ad364e35_10.0.18362.1_none_b173b8ac80abedd5\txflog.dll
txflog.dll,118784,2,1400559063,2014-05-20T04:11:03.000Z,imports,api-ms-win-core-libraryloader-l1-2-0.dll,LoadResource,6147b0fb164534b31dbfe0d6786a8509,dc9d059be3602fc29ffd7d4abd7bc4219fc4d955eb452ef33979488a261ffde5,c:\Windows\WinSxS\amd64_microsoft-windows-c..plus-runtime-txflog_31bf3856ad364e35_10.0.18362.1_none_b173b8ac80abedd5\txflog.dll
txflog.dll,118784,2,1400559063,2014-05-20T04:11:03.000Z,imports,api-ms-win-core-libraryloader-l1-2-0.dll,LoadStringW,6147b0fb164534b31dbfe0d6786a8509,dc9d059be3602fc29ffd7d4abd7bc4219fc4d955eb452ef33979488a261ffde5,c:\Windows\WinSxS\amd64_microsoft-windows-c..plus-runtime-txflog_31bf3856ad364e35_10.0.18362.1_none_b173b8ac80abedd5\txflog.dll
txflog.dll,118784,2,1400559063,2014-05-20T04:11:03.000Z,imports,api-ms-win-core-libraryloader-l1-2-0.dll,LockResource,6147b0fb164534b31dbfe0d6786a8509,dc9d059be3602fc29ffd7d4abd7bc4219fc4d955eb452ef33979488a261ffde5,c:\Windows\WinSxS\amd64_microsoft-windows-c..plus-runtime-txflog_31bf3856ad364e35_10.0.18362.1_none_b173b8ac80abedd5\txflog.dll
txflog.dll,118784,2,1400559063,2014-05-20T04:11:03.000Z,imports,api-ms-win-core-io-l1-1-0.dll,CreateIoCompletionPort,6147b0fb164534b31dbfe0d6786a8509,dc9d059be3602fc29ffd7d4abd7bc4219fc4d955eb452ef33979488a261ffde5,c:\Windows\WinSxS\amd64_microsoft-windows-c..plus-runtime-txflog_31bf3856ad364e35_10.0.18362.1_none_b173b8ac80abedd5\txflog.dll
txflog.dll,118784,2,1400559063,2014-05-20T04:11:03.000Z,imports,api-ms-win-core-io-l1-1-0.dll,GetQueuedCompletionStatus,6147b0fb164534b31dbfe0d6786a8509,dc9d059be3602fc29ffd7d4abd7bc4219fc4d955eb452ef33979488a261ffde5,c:\Windows\WinSxS\amd64_microsoft-windows-c..plus-runtime-txflog_31bf3856ad364e35_10.0.18362.1_none_b173b8ac80abedd5\txflog.dll
txflog.dll,118784,2,1400559063,2014-05-20T04:11:03.000Z,imports,api-ms-win-core-io-l1-1-0.dll,PostQueuedCompletionStatus,6147b0fb164534b31dbfe0d6786a8509,dc9d059be3602fc29ffd7d4abd7bc4219fc4d955eb452ef33979488a261ffde5,c:\Windows\WinSxS\amd64_microsoft-windows-c..plus-runtime-txflog_31bf3856ad364e35_10.0.18362.1_none_b173b8ac80abedd5\txflog.dll
txflog.dll,118784,2,1400559063,2014-05-20T04:11:03.000Z,imports,api-ms-win-core-registry-l1-1-0.dll,RegCloseKey,6147b0fb164534b31dbfe0d6786a8509,dc9d059be3602fc29ffd7d4abd7bc4219fc4d955eb452ef33979488a261ffde5,c:\Windows\WinSxS\amd64_microsoft-windows-c..plus-runtime-txflog_31bf3856ad364e35_10.0.18362.1_none_b173b8ac80abedd5\txflog.dll
txflog.dll,118784,2,1400559063,2014-05-20T04:11:03.000Z,imports,api-ms-win-core-registry-l1-1-0.dll,RegOpenKeyExW,6147b0fb164534b31dbfe0d6786a8509,dc9d059be3602fc29ffd7d4abd7bc4219fc4d955eb452ef33979488a261ffde5,c:\Windows\WinSxS\amd64_microsoft-windows-c..plus-runtime-txflog_31bf3856ad364e35_10.0.18362.1_none_b173b8ac80abedd5\txflog.dll
txflog.dll,118784,2,1400559063,2014-05-20T04:11:03.000Z,imports,api-ms-win-core-registry-l1-1-0.dll,RegQueryValueExW,6147b0fb164534b31dbfe0d6786a8509,dc9d059be3602fc29ffd7d4abd7bc4219fc4d955eb452ef33979488a261ffde5,c:\Windows\WinSxS\amd64_microsoft-windows-c..plus-runtime-txflog_31bf3856ad364e35_10.0.18362.1_none_b173b8ac80abedd5\txflog.dll
txflog.dll,118784,2,1400559063,2014-05-20T04:11:03.000Z,imports,api-ms-win-core-registry-l1-1-0.dll,RegSetValueExW,6147b0fb164534b31dbfe0d6786a8509,dc9d059be3602fc29ffd7d4abd7bc4219fc4d955eb452ef33979488a261ffde5,c:\Windows\WinSxS\amd64_microsoft-windows-c..plus-runtime-txflog_31bf3856ad364e35_10.0.18362.1_none_b173b8ac80abedd5\txflog.dll
txflog.dll,118784,2,1400559063,2014-05-20T04:11:03.000Z,imports,api-ms-win-core-debug-l1-1-0.dll,DebugBreak,6147b0fb164534b31dbfe0d6786a8509,dc9d059be3602fc29ffd7d4abd7bc4219fc4d955eb452ef33979488a261ffde5,c:\Windows\WinSxS\amd64_microsoft-windows-c..plus-runtime-txflog_31bf3856ad364e35_10.0.18362.1_none_b173b8ac80abedd5\txflog.dll
txflog.dll,118784,2,1400559063,2014-05-20T04:11:03.000Z,imports,api-ms-win-core-debug-l1-1-0.dll,IsDebuggerPresent,6147b0fb164534b31dbfe0d6786a8509,dc9d059be3602fc29ffd7d4abd7bc4219fc4d955eb452ef33979488a261ffde5,c:\Windows\WinSxS\amd64_microsoft-windows-c..plus-runtime-txflog_31bf3856ad364e35_10.0.18362.1_none_b173b8ac80abedd5\txflog.dll
txflog.dll,118784,2,1400559063,2014-05-20T04:11:03.000Z,imports,api-ms-win-core-debug-l1-1-0.dll,OutputDebugStringA,6147b0fb164534b31dbfe0d6786a8509,dc9d059be3602fc29ffd7d4abd7bc4219fc4d955eb452ef33979488a261ffde5,c:\Windows\WinSxS\amd64_microsoft-windows-c..plus-runtime-txflog_31bf3856ad364e35_10.0.18362.1_none_b173b8ac80abedd5\txflog.dll
txflog.dll,118784,2,1400559063,2014-05-20T04:11:03.000Z,imports,api-ms-win-core-debug-l1-1-0.dll,OutputDebugStringW,6147b0fb164534b31dbfe0d6786a8509,dc9d059be3602fc29ffd7d4abd7bc4219fc4d955eb452ef33979488a261ffde5,c:\Windows\WinSxS\amd64_microsoft-windows-c..plus-runtime-txflog_31bf3856ad364e35_10.0.18362.1_none_b173b8ac80abedd5\txflog.dll
txflog.dll,118784,2,1400559063,2014-05-20T04:11:03.000Z,imports,api-ms-win-core-file-l1-1-0.dll,CreateDirectoryW,6147b0fb164534b31dbfe0d6786a8509,dc9d059be3602fc29ffd7d4abd7bc4219fc4d955eb452ef33979488a261ffde5,c:\Windows\WinSxS\amd64_microsoft-windows-c..plus-runtime-txflog_31bf3856ad364e35_10.0.18362.1_none_b173b8ac80abedd5\txflog.dll
txflog.dll,118784,2,1400559063,2014-05-20T04:11:03.000Z,imports,api-ms-win-core-file-l1-1-0.dll,DeleteFileW,6147b0fb164534b31dbfe0d6786a8509,dc9d059be3602fc29ffd7d4abd7bc4219fc4d955eb452ef33979488a261ffde5,c:\Windows\WinSxS\amd64_microsoft-windows-c..plus-runtime-txflog_31bf3856ad364e35_10.0.18362.1_none_b173b8ac80abedd5\txflog.dll
txflog.dll,118784,2,1400559063,2014-05-20T04:11:03.000Z,imports,api-ms-win-core-file-l1-1-0.dll,FindClose,6147b0fb164534b31dbfe0d6786a8509,dc9d059be3602fc29ffd7d4abd7bc4219fc4d955eb452ef33979488a261ffde5,c:\Windows\WinSxS\amd64_microsoft-windows-c..plus-runtime-txflog_31bf3856ad364e35_10.0.18362.1_none_b173b8ac80abedd5\txflog.dll
txflog.dll,118784,2,1400559063,2014-05-20T04:11:03.000Z,imports,api-ms-win-core-file-l1-1-0.dll,FindFirstFileW,6147b0fb164534b31dbfe0d6786a8509,dc9d059be3602fc29ffd7d4abd7bc4219fc4d955eb452ef33979488a261ffde5,c:\Windows\WinSxS\amd64_microsoft-windows-c..plus-runtime-txflog_31bf3856ad364e35_10.0.18362.1_none_b173b8ac80abedd5\txflog.dll
txflog.dll,118784,2,1400559063,2014-05-20T04:11:03.000Z,imports,api-ms-win-core-file-l1-1-0.dll,FindNextFileW,6147b0fb164534b31dbfe0d6786a8509,dc9d059be3602fc29ffd7d4abd7bc4219fc4d955eb452ef33979488a261ffde5,c:\Windows\WinSxS\amd64_microsoft-windows-c..plus-runtime-txflog_31bf3856ad364e35_10.0.18362.1_none_b173b8ac80abedd5\txflog.dll
txflog.dll,118784,2,1400559063,2014-05-20T04:11:03.000Z,imports,api-ms-win-core-file-l1-1-0.dll,SetFileAttributesW,6147b0fb164534b31dbfe0d6786a8509,dc9d059be3602fc29ffd7d4abd7bc4219fc4d955eb452ef33979488a261ffde5,c:\Windows\WinSxS\amd64_microsoft-windows-c..plus-runtime-txflog_31bf3856ad364e35_10.0.18362.1_none_b173b8ac80abedd5\txflog.dll
txflog.dll,118784,2,1400559063,2014-05-20T04:11:03.000Z,imports,api-ms-win-core-processenvironment-l1-1-0.dll,ExpandEnvironmentStringsW,6147b0fb164534b31dbfe0d6786a8509,dc9d059be3602fc29ffd7d4abd7bc4219fc4d955eb452ef33979488a261ffde5,c:\Windows\WinSxS\amd64_microsoft-windows-c..plus-runtime-txflog_31bf3856ad364e35_10.0.18362.1_none_b173b8ac80abedd5\txflog.dll
txflog.dll,118784,2,1400559063,2014-05-20T04:11:03.000Z,imports,api-ms-win-core-version-l1-1-0.dll,VerQueryValueW,6147b0fb164534b31dbfe0d6786a8509,dc9d059be3602fc29ffd7d4abd7bc4219fc4d955eb452ef33979488a261ffde5,c:\Windows\WinSxS\amd64_microsoft-windows-c..plus-runtime-txflog_31bf3856ad364e35_10.0.18362.1_none_b173b8ac80abedd5\txflog.dll
txflog.dll,118784,2,1400559063,2014-05-20T04:11:03.000Z,imports,api-ms-win-core-localization-l1-2-0.dll,FormatMessageW,6147b0fb164534b31dbfe0d6786a8509,dc9d059be3602fc29ffd7d4abd7bc4219fc4d955eb452ef33979488a261ffde5,c:\Windows\WinSxS\amd64_microsoft-windows-c..plus-runtime-txflog_31bf3856ad364e35_10.0.18362.1_none_b173b8ac80abedd5\txflog.dll
txflog.dll,118784,2,1400559063,2014-05-20T04:11:03.000Z,imports,api-ms-win-core-processthreads-l1-1-1.dll,GetThreadContext,6147b0fb164534b31dbfe0d6786a8509,dc9d059be3602fc29ffd7d4abd7bc4219fc4d955eb452ef33979488a261ffde5,c:\Windows\WinSxS\amd64_microsoft-windows-c..plus-runtime-txflog_31bf3856ad364e35_10.0.18362.1_none_b173b8ac80abedd5\txflog.dll
txflog.dll,118784,2,1400559063,2014-05-20T04:11:03.000Z,imports,api-ms-win-security-base-l1-1-0.dll,GetTokenInformation,6147b0fb164534b31dbfe0d6786a8509,dc9d059be3602fc29ffd7d4abd7bc4219fc4d955eb452ef33979488a261ffde5,c:\Windows\WinSxS\amd64_microsoft-windows-c..plus-runtime-txflog_31bf3856ad364e35_10.0.18362.1_none_b173b8ac80abedd5\txflog.dll
txflog.dll,118784,2,1400559063,2014-05-20T04:11:03.000Z,imports,api-ms-win-core-threadpool-legacy-l1-1-0.dll,ChangeTimerQueueTimer,6147b0fb164534b31dbfe0d6786a8509,dc9d059be3602fc29ffd7d4abd7bc4219fc4d955eb452ef33979488a261ffde5,c:\Windows\WinSxS\amd64_microsoft-windows-c..plus-runtime-txflog_31bf3856ad364e35_10.0.18362.1_none_b173b8ac80abedd5\txflog.dll
txflog.dll,118784,2,1400559063,2014-05-20T04:11:03.000Z,imports,api-ms-win-core-threadpool-legacy-l1-1-0.dll,CreateTimerQueueTimer,6147b0fb164534b31dbfe0d6786a8509,dc9d059be3602fc29ffd7d4abd7bc4219fc4d955eb452ef33979488a261ffde5,c:\Windows\WinSxS\amd64_microsoft-windows-c..plus-runtime-txflog_31bf3856ad364e35_10.0.18362.1_none_b173b8ac80abedd5\txflog.dll
txflog.dll,118784,2,1400559063,2014-05-20T04:11:03.000Z,imports,api-ms-win-core-threadpool-legacy-l1-1-0.dll,DeleteTimerQueueTimer,6147b0fb164534b31dbfe0d6786a8509,dc9d059be3602fc29ffd7d4abd7bc4219fc4d955eb452ef33979488a261ffde5,c:\Windows\WinSxS\amd64_microsoft-windows-c..plus-runtime-txflog_31bf3856ad364e35_10.0.18362.1_none_b173b8ac80abedd5\txflog.dll
txflog.dll,118784,2,1400559063,2014-05-20T04:11:03.000Z,imports,api-ms-win-core-delayload-l1-1-1.dll,ResolveDelayLoadedAPI,6147b0fb164534b31dbfe0d6786a8509,dc9d059be3602fc29ffd7d4abd7bc4219fc4d955eb452ef33979488a261ffde5,c:\Windows\WinSxS\amd64_microsoft-windows-c..plus-runtime-txflog_31bf3856ad364e35_10.0.18362.1_none_b173b8ac80abedd5\txflog.dll
txflog.dll,118784,2,1400559063,2014-05-20T04:11:03.000Z,imports,api-ms-win-core-delayload-l1-1-0.dll,DelayLoadFailureHook,6147b0fb164534b31dbfe0d6786a8509,dc9d059be3602fc29ffd7d4abd7bc4219fc4d955eb452ef33979488a261ffde5,c:\Windows\WinSxS\amd64_microsoft-windows-c..plus-runtime-txflog_31bf3856ad364e35_10.0.18362.1_none_b173b8ac80abedd5\txflog.dll
txflog.dll,118784,2,1400559063,2014-05-20T04:11:03.000Z,exports,txflog.dll,DllGetClassObject,6147b0fb164534b31dbfe0d6786a8509,dc9d059be3602fc29ffd7d4abd7bc4219fc4d955eb452ef33979488a261ffde5,c:\Windows\WinSxS\amd64_microsoft-windows-c..plus-runtime-txflog_31bf3856ad364e35_10.0.18362.1_none_b173b8ac80abedd5\txflog.dll
