vm3dum_10.dll,273216,2,1549561218,2019-02-07T17:40:18.000Z,imports,kernel32.dll,CloseHandle,2a7aaddacdef03d246a66ef002ece979,cc8ad8ecb5819dbef3250012ed46353e686cdb503306a94493c65842364af415,c:\Windows\SysWOW64\vm3dum_10.dll
vm3dum_10.dll,273216,2,1549561218,2019-02-07T17:40:18.000Z,imports,kernel32.dll,CreateDirectoryW,2a7aaddacdef03d246a66ef002ece979,cc8ad8ecb5819dbef3250012ed46353e686cdb503306a94493c65842364af415,c:\Windows\SysWOW64\vm3dum_10.dll
vm3dum_10.dll,273216,2,1549561218,2019-02-07T17:40:18.000Z,imports,kernel32.dll,CreateFileW,2a7aaddacdef03d246a66ef002ece979,cc8ad8ecb5819dbef3250012ed46353e686cdb503306a94493c65842364af415,c:\Windows\SysWOW64\vm3dum_10.dll
vm3dum_10.dll,273216,2,1549561218,2019-02-07T17:40:18.000Z,imports,kernel32.dll,DecodePointer,2a7aaddacdef03d246a66ef002ece979,cc8ad8ecb5819dbef3250012ed46353e686cdb503306a94493c65842364af415,c:\Windows\SysWOW64\vm3dum_10.dll
vm3dum_10.dll,273216,2,1549561218,2019-02-07T17:40:18.000Z,imports,kernel32.dll,DeleteCriticalSection,2a7aaddacdef03d246a66ef002ece979,cc8ad8ecb5819dbef3250012ed46353e686cdb503306a94493c65842364af415,c:\Windows\SysWOW64\vm3dum_10.dll
vm3dum_10.dll,273216,2,1549561218,2019-02-07T17:40:18.000Z,imports,kernel32.dll,DeleteFileW,2a7aaddacdef03d246a66ef002ece979,cc8ad8ecb5819dbef3250012ed46353e686cdb503306a94493c65842364af415,c:\Windows\SysWOW64\vm3dum_10.dll
vm3dum_10.dll,273216,2,1549561218,2019-02-07T17:40:18.000Z,imports,kernel32.dll,EnterCriticalSection,2a7aaddacdef03d246a66ef002ece979,cc8ad8ecb5819dbef3250012ed46353e686cdb503306a94493c65842364af415,c:\Windows\SysWOW64\vm3dum_10.dll
vm3dum_10.dll,273216,2,1549561218,2019-02-07T17:40:18.000Z,imports,kernel32.dll,ExitProcess,2a7aaddacdef03d246a66ef002ece979,cc8ad8ecb5819dbef3250012ed46353e686cdb503306a94493c65842364af415,c:\Windows\SysWOW64\vm3dum_10.dll
vm3dum_10.dll,273216,2,1549561218,2019-02-07T17:40:18.000Z,imports,kernel32.dll,FatalExit,2a7aaddacdef03d246a66ef002ece979,cc8ad8ecb5819dbef3250012ed46353e686cdb503306a94493c65842364af415,c:\Windows\SysWOW64\vm3dum_10.dll
vm3dum_10.dll,273216,2,1549561218,2019-02-07T17:40:18.000Z,imports,kernel32.dll,FindClose,2a7aaddacdef03d246a66ef002ece979,cc8ad8ecb5819dbef3250012ed46353e686cdb503306a94493c65842364af415,c:\Windows\SysWOW64\vm3dum_10.dll
vm3dum_10.dll,273216,2,1549561218,2019-02-07T17:40:18.000Z,imports,kernel32.dll,FindFirstFileA,2a7aaddacdef03d246a66ef002ece979,cc8ad8ecb5819dbef3250012ed46353e686cdb503306a94493c65842364af415,c:\Windows\SysWOW64\vm3dum_10.dll
vm3dum_10.dll,273216,2,1549561218,2019-02-07T17:40:18.000Z,imports,kernel32.dll,FindNextFileA,2a7aaddacdef03d246a66ef002ece979,cc8ad8ecb5819dbef3250012ed46353e686cdb503306a94493c65842364af415,c:\Windows\SysWOW64\vm3dum_10.dll
vm3dum_10.dll,273216,2,1549561218,2019-02-07T17:40:18.000Z,imports,kernel32.dll,FlushFileBuffers,2a7aaddacdef03d246a66ef002ece979,cc8ad8ecb5819dbef3250012ed46353e686cdb503306a94493c65842364af415,c:\Windows\SysWOW64\vm3dum_10.dll
vm3dum_10.dll,273216,2,1549561218,2019-02-07T17:40:18.000Z,imports,kernel32.dll,FreeEnvironmentStringsW,2a7aaddacdef03d246a66ef002ece979,cc8ad8ecb5819dbef3250012ed46353e686cdb503306a94493c65842364af415,c:\Windows\SysWOW64\vm3dum_10.dll
vm3dum_10.dll,273216,2,1549561218,2019-02-07T17:40:18.000Z,imports,kernel32.dll,FreeLibrary,2a7aaddacdef03d246a66ef002ece979,cc8ad8ecb5819dbef3250012ed46353e686cdb503306a94493c65842364af415,c:\Windows\SysWOW64\vm3dum_10.dll
vm3dum_10.dll,273216,2,1549561218,2019-02-07T17:40:18.000Z,imports,kernel32.dll,GetACP,2a7aaddacdef03d246a66ef002ece979,cc8ad8ecb5819dbef3250012ed46353e686cdb503306a94493c65842364af415,c:\Windows\SysWOW64\vm3dum_10.dll
vm3dum_10.dll,273216,2,1549561218,2019-02-07T17:40:18.000Z,imports,kernel32.dll,GetCPInfo,2a7aaddacdef03d246a66ef002ece979,cc8ad8ecb5819dbef3250012ed46353e686cdb503306a94493c65842364af415,c:\Windows\SysWOW64\vm3dum_10.dll
vm3dum_10.dll,273216,2,1549561218,2019-02-07T17:40:18.000Z,imports,kernel32.dll,GetCommandLineA,2a7aaddacdef03d246a66ef002ece979,cc8ad8ecb5819dbef3250012ed46353e686cdb503306a94493c65842364af415,c:\Windows\SysWOW64\vm3dum_10.dll
vm3dum_10.dll,273216,2,1549561218,2019-02-07T17:40:18.000Z,imports,kernel32.dll,GetCommandLineW,2a7aaddacdef03d246a66ef002ece979,cc8ad8ecb5819dbef3250012ed46353e686cdb503306a94493c65842364af415,c:\Windows\SysWOW64\vm3dum_10.dll
vm3dum_10.dll,273216,2,1549561218,2019-02-07T17:40:18.000Z,imports,kernel32.dll,GetConsoleCP,2a7aaddacdef03d246a66ef002ece979,cc8ad8ecb5819dbef3250012ed46353e686cdb503306a94493c65842364af415,c:\Windows\SysWOW64\vm3dum_10.dll
vm3dum_10.dll,273216,2,1549561218,2019-02-07T17:40:18.000Z,imports,kernel32.dll,GetConsoleMode,2a7aaddacdef03d246a66ef002ece979,cc8ad8ecb5819dbef3250012ed46353e686cdb503306a94493c65842364af415,c:\Windows\SysWOW64\vm3dum_10.dll
vm3dum_10.dll,273216,2,1549561218,2019-02-07T17:40:18.000Z,imports,kernel32.dll,GetCurrentProcess,2a7aaddacdef03d246a66ef002ece979,cc8ad8ecb5819dbef3250012ed46353e686cdb503306a94493c65842364af415,c:\Windows\SysWOW64\vm3dum_10.dll
vm3dum_10.dll,273216,2,1549561218,2019-02-07T17:40:18.000Z,imports,kernel32.dll,GetCurrentProcessId,2a7aaddacdef03d246a66ef002ece979,cc8ad8ecb5819dbef3250012ed46353e686cdb503306a94493c65842364af415,c:\Windows\SysWOW64\vm3dum_10.dll
vm3dum_10.dll,273216,2,1549561218,2019-02-07T17:40:18.000Z,imports,kernel32.dll,GetCurrentThreadId,2a7aaddacdef03d246a66ef002ece979,cc8ad8ecb5819dbef3250012ed46353e686cdb503306a94493c65842364af415,c:\Windows\SysWOW64\vm3dum_10.dll
vm3dum_10.dll,273216,2,1549561218,2019-02-07T17:40:18.000Z,imports,kernel32.dll,GetEnvironmentStringsW,2a7aaddacdef03d246a66ef002ece979,cc8ad8ecb5819dbef3250012ed46353e686cdb503306a94493c65842364af415,c:\Windows\SysWOW64\vm3dum_10.dll
vm3dum_10.dll,273216,2,1549561218,2019-02-07T17:40:18.000Z,imports,kernel32.dll,GetFileType,2a7aaddacdef03d246a66ef002ece979,cc8ad8ecb5819dbef3250012ed46353e686cdb503306a94493c65842364af415,c:\Windows\SysWOW64\vm3dum_10.dll
vm3dum_10.dll,273216,2,1549561218,2019-02-07T17:40:18.000Z,imports,kernel32.dll,GetLastError,2a7aaddacdef03d246a66ef002ece979,cc8ad8ecb5819dbef3250012ed46353e686cdb503306a94493c65842364af415,c:\Windows\SysWOW64\vm3dum_10.dll
vm3dum_10.dll,273216,2,1549561218,2019-02-07T17:40:18.000Z,imports,kernel32.dll,GetLocalTime,2a7aaddacdef03d246a66ef002ece979,cc8ad8ecb5819dbef3250012ed46353e686cdb503306a94493c65842364af415,c:\Windows\SysWOW64\vm3dum_10.dll
vm3dum_10.dll,273216,2,1549561218,2019-02-07T17:40:18.000Z,imports,kernel32.dll,GetModuleFileNameW,2a7aaddacdef03d246a66ef002ece979,cc8ad8ecb5819dbef3250012ed46353e686cdb503306a94493c65842364af415,c:\Windows\SysWOW64\vm3dum_10.dll
vm3dum_10.dll,273216,2,1549561218,2019-02-07T17:40:18.000Z,imports,kernel32.dll,GetModuleHandleA,2a7aaddacdef03d246a66ef002ece979,cc8ad8ecb5819dbef3250012ed46353e686cdb503306a94493c65842364af415,c:\Windows\SysWOW64\vm3dum_10.dll
vm3dum_10.dll,273216,2,1549561218,2019-02-07T17:40:18.000Z,imports,kernel32.dll,GetModuleHandleExW,2a7aaddacdef03d246a66ef002ece979,cc8ad8ecb5819dbef3250012ed46353e686cdb503306a94493c65842364af415,c:\Windows\SysWOW64\vm3dum_10.dll
vm3dum_10.dll,273216,2,1549561218,2019-02-07T17:40:18.000Z,imports,kernel32.dll,GetModuleHandleW,2a7aaddacdef03d246a66ef002ece979,cc8ad8ecb5819dbef3250012ed46353e686cdb503306a94493c65842364af415,c:\Windows\SysWOW64\vm3dum_10.dll
vm3dum_10.dll,273216,2,1549561218,2019-02-07T17:40:18.000Z,imports,kernel32.dll,GetOEMCP,2a7aaddacdef03d246a66ef002ece979,cc8ad8ecb5819dbef3250012ed46353e686cdb503306a94493c65842364af415,c:\Windows\SysWOW64\vm3dum_10.dll
vm3dum_10.dll,273216,2,1549561218,2019-02-07T17:40:18.000Z,imports,kernel32.dll,GetProcAddress,2a7aaddacdef03d246a66ef002ece979,cc8ad8ecb5819dbef3250012ed46353e686cdb503306a94493c65842364af415,c:\Windows\SysWOW64\vm3dum_10.dll
vm3dum_10.dll,273216,2,1549561218,2019-02-07T17:40:18.000Z,imports,kernel32.dll,GetProcessHeap,2a7aaddacdef03d246a66ef002ece979,cc8ad8ecb5819dbef3250012ed46353e686cdb503306a94493c65842364af415,c:\Windows\SysWOW64\vm3dum_10.dll
vm3dum_10.dll,273216,2,1549561218,2019-02-07T17:40:18.000Z,imports,kernel32.dll,GetStartupInfoW,2a7aaddacdef03d246a66ef002ece979,cc8ad8ecb5819dbef3250012ed46353e686cdb503306a94493c65842364af415,c:\Windows\SysWOW64\vm3dum_10.dll
vm3dum_10.dll,273216,2,1549561218,2019-02-07T17:40:18.000Z,imports,kernel32.dll,GetStdHandle,2a7aaddacdef03d246a66ef002ece979,cc8ad8ecb5819dbef3250012ed46353e686cdb503306a94493c65842364af415,c:\Windows\SysWOW64\vm3dum_10.dll
vm3dum_10.dll,273216,2,1549561218,2019-02-07T17:40:18.000Z,imports,kernel32.dll,GetStringTypeW,2a7aaddacdef03d246a66ef002ece979,cc8ad8ecb5819dbef3250012ed46353e686cdb503306a94493c65842364af415,c:\Windows\SysWOW64\vm3dum_10.dll
vm3dum_10.dll,273216,2,1549561218,2019-02-07T17:40:18.000Z,imports,kernel32.dll,GetSystemTimeAsFileTime,2a7aaddacdef03d246a66ef002ece979,cc8ad8ecb5819dbef3250012ed46353e686cdb503306a94493c65842364af415,c:\Windows\SysWOW64\vm3dum_10.dll
vm3dum_10.dll,273216,2,1549561218,2019-02-07T17:40:18.000Z,imports,kernel32.dll,GetTempPathW,2a7aaddacdef03d246a66ef002ece979,cc8ad8ecb5819dbef3250012ed46353e686cdb503306a94493c65842364af415,c:\Windows\SysWOW64\vm3dum_10.dll
vm3dum_10.dll,273216,2,1549561218,2019-02-07T17:40:18.000Z,imports,kernel32.dll,HeapAlloc,2a7aaddacdef03d246a66ef002ece979,cc8ad8ecb5819dbef3250012ed46353e686cdb503306a94493c65842364af415,c:\Windows\SysWOW64\vm3dum_10.dll
vm3dum_10.dll,273216,2,1549561218,2019-02-07T17:40:18.000Z,imports,kernel32.dll,HeapFree,2a7aaddacdef03d246a66ef002ece979,cc8ad8ecb5819dbef3250012ed46353e686cdb503306a94493c65842364af415,c:\Windows\SysWOW64\vm3dum_10.dll
vm3dum_10.dll,273216,2,1549561218,2019-02-07T17:40:18.000Z,imports,kernel32.dll,HeapReAlloc,2a7aaddacdef03d246a66ef002ece979,cc8ad8ecb5819dbef3250012ed46353e686cdb503306a94493c65842364af415,c:\Windows\SysWOW64\vm3dum_10.dll
vm3dum_10.dll,273216,2,1549561218,2019-02-07T17:40:18.000Z,imports,kernel32.dll,HeapSize,2a7aaddacdef03d246a66ef002ece979,cc8ad8ecb5819dbef3250012ed46353e686cdb503306a94493c65842364af415,c:\Windows\SysWOW64\vm3dum_10.dll
vm3dum_10.dll,273216,2,1549561218,2019-02-07T17:40:18.000Z,imports,kernel32.dll,InitializeCriticalSectionAndSpinCount,2a7aaddacdef03d246a66ef002ece979,cc8ad8ecb5819dbef3250012ed46353e686cdb503306a94493c65842364af415,c:\Windows\SysWOW64\vm3dum_10.dll
vm3dum_10.dll,273216,2,1549561218,2019-02-07T17:40:18.000Z,imports,kernel32.dll,InitializeSListHead,2a7aaddacdef03d246a66ef002ece979,cc8ad8ecb5819dbef3250012ed46353e686cdb503306a94493c65842364af415,c:\Windows\SysWOW64\vm3dum_10.dll
vm3dum_10.dll,273216,2,1549561218,2019-02-07T17:40:18.000Z,imports,kernel32.dll,InterlockedFlushSList,2a7aaddacdef03d246a66ef002ece979,cc8ad8ecb5819dbef3250012ed46353e686cdb503306a94493c65842364af415,c:\Windows\SysWOW64\vm3dum_10.dll
vm3dum_10.dll,273216,2,1549561218,2019-02-07T17:40:18.000Z,imports,kernel32.dll,IsDebuggerPresent,2a7aaddacdef03d246a66ef002ece979,cc8ad8ecb5819dbef3250012ed46353e686cdb503306a94493c65842364af415,c:\Windows\SysWOW64\vm3dum_10.dll
vm3dum_10.dll,273216,2,1549561218,2019-02-07T17:40:18.000Z,imports,kernel32.dll,IsProcessorFeaturePresent,2a7aaddacdef03d246a66ef002ece979,cc8ad8ecb5819dbef3250012ed46353e686cdb503306a94493c65842364af415,c:\Windows\SysWOW64\vm3dum_10.dll
vm3dum_10.dll,273216,2,1549561218,2019-02-07T17:40:18.000Z,imports,kernel32.dll,IsValidCodePage,2a7aaddacdef03d246a66ef002ece979,cc8ad8ecb5819dbef3250012ed46353e686cdb503306a94493c65842364af415,c:\Windows\SysWOW64\vm3dum_10.dll
vm3dum_10.dll,273216,2,1549561218,2019-02-07T17:40:18.000Z,imports,kernel32.dll,LCMapStringW,2a7aaddacdef03d246a66ef002ece979,cc8ad8ecb5819dbef3250012ed46353e686cdb503306a94493c65842364af415,c:\Windows\SysWOW64\vm3dum_10.dll
vm3dum_10.dll,273216,2,1549561218,2019-02-07T17:40:18.000Z,imports,kernel32.dll,LeaveCriticalSection,2a7aaddacdef03d246a66ef002ece979,cc8ad8ecb5819dbef3250012ed46353e686cdb503306a94493c65842364af415,c:\Windows\SysWOW64\vm3dum_10.dll
vm3dum_10.dll,273216,2,1549561218,2019-02-07T17:40:18.000Z,imports,kernel32.dll,LoadLibraryExW,2a7aaddacdef03d246a66ef002ece979,cc8ad8ecb5819dbef3250012ed46353e686cdb503306a94493c65842364af415,c:\Windows\SysWOW64\vm3dum_10.dll
vm3dum_10.dll,273216,2,1549561218,2019-02-07T17:40:18.000Z,imports,kernel32.dll,MoveFileW,2a7aaddacdef03d246a66ef002ece979,cc8ad8ecb5819dbef3250012ed46353e686cdb503306a94493c65842364af415,c:\Windows\SysWOW64\vm3dum_10.dll
vm3dum_10.dll,273216,2,1549561218,2019-02-07T17:40:18.000Z,imports,kernel32.dll,MultiByteToWideChar,2a7aaddacdef03d246a66ef002ece979,cc8ad8ecb5819dbef3250012ed46353e686cdb503306a94493c65842364af415,c:\Windows\SysWOW64\vm3dum_10.dll
vm3dum_10.dll,273216,2,1549561218,2019-02-07T17:40:18.000Z,imports,kernel32.dll,QueryPerformanceCounter,2a7aaddacdef03d246a66ef002ece979,cc8ad8ecb5819dbef3250012ed46353e686cdb503306a94493c65842364af415,c:\Windows\SysWOW64\vm3dum_10.dll
vm3dum_10.dll,273216,2,1549561218,2019-02-07T17:40:18.000Z,imports,kernel32.dll,RaiseException,2a7aaddacdef03d246a66ef002ece979,cc8ad8ecb5819dbef3250012ed46353e686cdb503306a94493c65842364af415,c:\Windows\SysWOW64\vm3dum_10.dll
vm3dum_10.dll,273216,2,1549561218,2019-02-07T17:40:18.000Z,imports,kernel32.dll,ReadConsoleW,2a7aaddacdef03d246a66ef002ece979,cc8ad8ecb5819dbef3250012ed46353e686cdb503306a94493c65842364af415,c:\Windows\SysWOW64\vm3dum_10.dll
vm3dum_10.dll,273216,2,1549561218,2019-02-07T17:40:18.000Z,imports,kernel32.dll,ReadFile,2a7aaddacdef03d246a66ef002ece979,cc8ad8ecb5819dbef3250012ed46353e686cdb503306a94493c65842364af415,c:\Windows\SysWOW64\vm3dum_10.dll
vm3dum_10.dll,273216,2,1549561218,2019-02-07T17:40:18.000Z,imports,kernel32.dll,RtlCaptureStackBackTrace,2a7aaddacdef03d246a66ef002ece979,cc8ad8ecb5819dbef3250012ed46353e686cdb503306a94493c65842364af415,c:\Windows\SysWOW64\vm3dum_10.dll
vm3dum_10.dll,273216,2,1549561218,2019-02-07T17:40:18.000Z,imports,kernel32.dll,RtlUnwind,2a7aaddacdef03d246a66ef002ece979,cc8ad8ecb5819dbef3250012ed46353e686cdb503306a94493c65842364af415,c:\Windows\SysWOW64\vm3dum_10.dll
vm3dum_10.dll,273216,2,1549561218,2019-02-07T17:40:18.000Z,imports,kernel32.dll,SetEndOfFile,2a7aaddacdef03d246a66ef002ece979,cc8ad8ecb5819dbef3250012ed46353e686cdb503306a94493c65842364af415,c:\Windows\SysWOW64\vm3dum_10.dll
vm3dum_10.dll,273216,2,1549561218,2019-02-07T17:40:18.000Z,imports,kernel32.dll,SetFilePointerEx,2a7aaddacdef03d246a66ef002ece979,cc8ad8ecb5819dbef3250012ed46353e686cdb503306a94493c65842364af415,c:\Windows\SysWOW64\vm3dum_10.dll
vm3dum_10.dll,273216,2,1549561218,2019-02-07T17:40:18.000Z,imports,kernel32.dll,SetLastError,2a7aaddacdef03d246a66ef002ece979,cc8ad8ecb5819dbef3250012ed46353e686cdb503306a94493c65842364af415,c:\Windows\SysWOW64\vm3dum_10.dll
vm3dum_10.dll,273216,2,1549561218,2019-02-07T17:40:18.000Z,imports,kernel32.dll,SetStdHandle,2a7aaddacdef03d246a66ef002ece979,cc8ad8ecb5819dbef3250012ed46353e686cdb503306a94493c65842364af415,c:\Windows\SysWOW64\vm3dum_10.dll
vm3dum_10.dll,273216,2,1549561218,2019-02-07T17:40:18.000Z,imports,kernel32.dll,SetUnhandledExceptionFilter,2a7aaddacdef03d246a66ef002ece979,cc8ad8ecb5819dbef3250012ed46353e686cdb503306a94493c65842364af415,c:\Windows\SysWOW64\vm3dum_10.dll
vm3dum_10.dll,273216,2,1549561218,2019-02-07T17:40:18.000Z,imports,kernel32.dll,TerminateProcess,2a7aaddacdef03d246a66ef002ece979,cc8ad8ecb5819dbef3250012ed46353e686cdb503306a94493c65842364af415,c:\Windows\SysWOW64\vm3dum_10.dll
vm3dum_10.dll,273216,2,1549561218,2019-02-07T17:40:18.000Z,imports,kernel32.dll,TlsAlloc,2a7aaddacdef03d246a66ef002ece979,cc8ad8ecb5819dbef3250012ed46353e686cdb503306a94493c65842364af415,c:\Windows\SysWOW64\vm3dum_10.dll
vm3dum_10.dll,273216,2,1549561218,2019-02-07T17:40:18.000Z,imports,kernel32.dll,TlsFree,2a7aaddacdef03d246a66ef002ece979,cc8ad8ecb5819dbef3250012ed46353e686cdb503306a94493c65842364af415,c:\Windows\SysWOW64\vm3dum_10.dll
vm3dum_10.dll,273216,2,1549561218,2019-02-07T17:40:18.000Z,imports,kernel32.dll,TlsGetValue,2a7aaddacdef03d246a66ef002ece979,cc8ad8ecb5819dbef3250012ed46353e686cdb503306a94493c65842364af415,c:\Windows\SysWOW64\vm3dum_10.dll
vm3dum_10.dll,273216,2,1549561218,2019-02-07T17:40:18.000Z,imports,kernel32.dll,TlsSetValue,2a7aaddacdef03d246a66ef002ece979,cc8ad8ecb5819dbef3250012ed46353e686cdb503306a94493c65842364af415,c:\Windows\SysWOW64\vm3dum_10.dll
vm3dum_10.dll,273216,2,1549561218,2019-02-07T17:40:18.000Z,imports,kernel32.dll,UnhandledExceptionFilter,2a7aaddacdef03d246a66ef002ece979,cc8ad8ecb5819dbef3250012ed46353e686cdb503306a94493c65842364af415,c:\Windows\SysWOW64\vm3dum_10.dll
vm3dum_10.dll,273216,2,1549561218,2019-02-07T17:40:18.000Z,imports,kernel32.dll,WideCharToMultiByte,2a7aaddacdef03d246a66ef002ece979,cc8ad8ecb5819dbef3250012ed46353e686cdb503306a94493c65842364af415,c:\Windows\SysWOW64\vm3dum_10.dll
vm3dum_10.dll,273216,2,1549561218,2019-02-07T17:40:18.000Z,imports,kernel32.dll,WriteConsoleW,2a7aaddacdef03d246a66ef002ece979,cc8ad8ecb5819dbef3250012ed46353e686cdb503306a94493c65842364af415,c:\Windows\SysWOW64\vm3dum_10.dll
vm3dum_10.dll,273216,2,1549561218,2019-02-07T17:40:18.000Z,imports,kernel32.dll,WriteFile,2a7aaddacdef03d246a66ef002ece979,cc8ad8ecb5819dbef3250012ed46353e686cdb503306a94493c65842364af415,c:\Windows\SysWOW64\vm3dum_10.dll
vm3dum_10.dll,273216,2,1549561218,2019-02-07T17:40:18.000Z,imports,winmm.dll,timeGetTime,2a7aaddacdef03d246a66ef002ece979,cc8ad8ecb5819dbef3250012ed46353e686cdb503306a94493c65842364af415,c:\Windows\SysWOW64\vm3dum_10.dll
vm3dum_10.dll,273216,2,1549561218,2019-02-07T17:40:18.000Z,imports,version.dll,GetFileVersionInfoSizeW,2a7aaddacdef03d246a66ef002ece979,cc8ad8ecb5819dbef3250012ed46353e686cdb503306a94493c65842364af415,c:\Windows\SysWOW64\vm3dum_10.dll
vm3dum_10.dll,273216,2,1549561218,2019-02-07T17:40:18.000Z,imports,version.dll,GetFileVersionInfoW,2a7aaddacdef03d246a66ef002ece979,cc8ad8ecb5819dbef3250012ed46353e686cdb503306a94493c65842364af415,c:\Windows\SysWOW64\vm3dum_10.dll
vm3dum_10.dll,273216,2,1549561218,2019-02-07T17:40:18.000Z,imports,version.dll,VerQueryValueW,2a7aaddacdef03d246a66ef002ece979,cc8ad8ecb5819dbef3250012ed46353e686cdb503306a94493c65842364af415,c:\Windows\SysWOW64\vm3dum_10.dll
vm3dum_10.dll,273216,2,1549561218,2019-02-07T17:40:18.000Z,imports,dbghelp.dll,MiniDumpWriteDump,2a7aaddacdef03d246a66ef002ece979,cc8ad8ecb5819dbef3250012ed46353e686cdb503306a94493c65842364af415,c:\Windows\SysWOW64\vm3dum_10.dll
vm3dum_10.dll,273216,2,1549561218,2019-02-07T17:40:18.000Z,imports,dbghelp.dll,SymCleanup,2a7aaddacdef03d246a66ef002ece979,cc8ad8ecb5819dbef3250012ed46353e686cdb503306a94493c65842364af415,c:\Windows\SysWOW64\vm3dum_10.dll
vm3dum_10.dll,273216,2,1549561218,2019-02-07T17:40:18.000Z,imports,dbghelp.dll,SymFromAddr,2a7aaddacdef03d246a66ef002ece979,cc8ad8ecb5819dbef3250012ed46353e686cdb503306a94493c65842364af415,c:\Windows\SysWOW64\vm3dum_10.dll
vm3dum_10.dll,273216,2,1549561218,2019-02-07T17:40:18.000Z,imports,dbghelp.dll,SymGetLineFromAddr64,2a7aaddacdef03d246a66ef002ece979,cc8ad8ecb5819dbef3250012ed46353e686cdb503306a94493c65842364af415,c:\Windows\SysWOW64\vm3dum_10.dll
vm3dum_10.dll,273216,2,1549561218,2019-02-07T17:40:18.000Z,imports,dbghelp.dll,SymGetSearchPath,2a7aaddacdef03d246a66ef002ece979,cc8ad8ecb5819dbef3250012ed46353e686cdb503306a94493c65842364af415,c:\Windows\SysWOW64\vm3dum_10.dll
vm3dum_10.dll,273216,2,1549561218,2019-02-07T17:40:18.000Z,imports,dbghelp.dll,SymInitialize,2a7aaddacdef03d246a66ef002ece979,cc8ad8ecb5819dbef3250012ed46353e686cdb503306a94493c65842364af415,c:\Windows\SysWOW64\vm3dum_10.dll
vm3dum_10.dll,273216,2,1549561218,2019-02-07T17:40:18.000Z,imports,dbghelp.dll,SymSetOptions,2a7aaddacdef03d246a66ef002ece979,cc8ad8ecb5819dbef3250012ed46353e686cdb503306a94493c65842364af415,c:\Windows\SysWOW64\vm3dum_10.dll
vm3dum_10.dll,273216,2,1549561218,2019-02-07T17:40:18.000Z,imports,dbghelp.dll,SymSetSearchPath,2a7aaddacdef03d246a66ef002ece979,cc8ad8ecb5819dbef3250012ed46353e686cdb503306a94493c65842364af415,c:\Windows\SysWOW64\vm3dum_10.dll
vm3dum_10.dll,273216,2,1549561218,2019-02-07T17:40:18.000Z,imports,advapi32.dll,RegCloseKey,2a7aaddacdef03d246a66ef002ece979,cc8ad8ecb5819dbef3250012ed46353e686cdb503306a94493c65842364af415,c:\Windows\SysWOW64\vm3dum_10.dll
vm3dum_10.dll,273216,2,1549561218,2019-02-07T17:40:18.000Z,imports,advapi32.dll,RegOpenKeyExA,2a7aaddacdef03d246a66ef002ece979,cc8ad8ecb5819dbef3250012ed46353e686cdb503306a94493c65842364af415,c:\Windows\SysWOW64\vm3dum_10.dll
vm3dum_10.dll,273216,2,1549561218,2019-02-07T17:40:18.000Z,imports,advapi32.dll,RegQueryValueExA,2a7aaddacdef03d246a66ef002ece979,cc8ad8ecb5819dbef3250012ed46353e686cdb503306a94493c65842364af415,c:\Windows\SysWOW64\vm3dum_10.dll
vm3dum_10.dll,273216,2,1549561218,2019-02-07T17:40:18.000Z,imports,advapi32.dll,SystemFunction036,2a7aaddacdef03d246a66ef002ece979,cc8ad8ecb5819dbef3250012ed46353e686cdb503306a94493c65842364af415,c:\Windows\SysWOW64\vm3dum_10.dll
vm3dum_10.dll,273216,2,1549561218,2019-02-07T17:40:18.000Z,exports,vm3dum_10.dll,OpenAdapterWrapper,2a7aaddacdef03d246a66ef002ece979,cc8ad8ecb5819dbef3250012ed46353e686cdb503306a94493c65842364af415,c:\Windows\SysWOW64\vm3dum_10.dll
