Windows.System.UserDeviceAssociation.dll,64512,3,2568848622,2051-05-28T01:03:42.000Z,imports,msvcrt.dll,??0exception@@QAE@ABQBD@Z,2d0cd4602efbac3fa6f91b1820106260,50e5f833d37464e6f5f27e06a6268383a2515d1e9106439bf823ae77cef39dbc,c:\Windows\WinSxS\wow64_windows-system-user..ceassociation-winrt_31bf3856ad364e35_10.0.18362.1_none_0fe524d2f92875dd\Windows.System.UserDeviceAssociation.dll
Windows.System.UserDeviceAssociation.dll,64512,3,2568848622,2051-05-28T01:03:42.000Z,imports,msvcrt.dll,??0exception@@QAE@ABQBDH@Z,2d0cd4602efbac3fa6f91b1820106260,50e5f833d37464e6f5f27e06a6268383a2515d1e9106439bf823ae77cef39dbc,c:\Windows\WinSxS\wow64_windows-system-user..ceassociation-winrt_31bf3856ad364e35_10.0.18362.1_none_0fe524d2f92875dd\Windows.System.UserDeviceAssociation.dll
Windows.System.UserDeviceAssociation.dll,64512,3,2568848622,2051-05-28T01:03:42.000Z,imports,msvcrt.dll,??0exception@@QAE@ABV0@@Z,2d0cd4602efbac3fa6f91b1820106260,50e5f833d37464e6f5f27e06a6268383a2515d1e9106439bf823ae77cef39dbc,c:\Windows\WinSxS\wow64_windows-system-user..ceassociation-winrt_31bf3856ad364e35_10.0.18362.1_none_0fe524d2f92875dd\Windows.System.UserDeviceAssociation.dll
Windows.System.UserDeviceAssociation.dll,64512,3,2568848622,2051-05-28T01:03:42.000Z,imports,msvcrt.dll,??0exception@@QAE@XZ,2d0cd4602efbac3fa6f91b1820106260,50e5f833d37464e6f5f27e06a6268383a2515d1e9106439bf823ae77cef39dbc,c:\Windows\WinSxS\wow64_windows-system-user..ceassociation-winrt_31bf3856ad364e35_10.0.18362.1_none_0fe524d2f92875dd\Windows.System.UserDeviceAssociation.dll
Windows.System.UserDeviceAssociation.dll,64512,3,2568848622,2051-05-28T01:03:42.000Z,imports,msvcrt.dll,??1exception@@UAE@XZ,2d0cd4602efbac3fa6f91b1820106260,50e5f833d37464e6f5f27e06a6268383a2515d1e9106439bf823ae77cef39dbc,c:\Windows\WinSxS\wow64_windows-system-user..ceassociation-winrt_31bf3856ad364e35_10.0.18362.1_none_0fe524d2f92875dd\Windows.System.UserDeviceAssociation.dll
Windows.System.UserDeviceAssociation.dll,64512,3,2568848622,2051-05-28T01:03:42.000Z,imports,msvcrt.dll,??1type_info@@UAE@XZ,2d0cd4602efbac3fa6f91b1820106260,50e5f833d37464e6f5f27e06a6268383a2515d1e9106439bf823ae77cef39dbc,c:\Windows\WinSxS\wow64_windows-system-user..ceassociation-winrt_31bf3856ad364e35_10.0.18362.1_none_0fe524d2f92875dd\Windows.System.UserDeviceAssociation.dll
Windows.System.UserDeviceAssociation.dll,64512,3,2568848622,2051-05-28T01:03:42.000Z,imports,msvcrt.dll,??3@YAXPAX@Z,2d0cd4602efbac3fa6f91b1820106260,50e5f833d37464e6f5f27e06a6268383a2515d1e9106439bf823ae77cef39dbc,c:\Windows\WinSxS\wow64_windows-system-user..ceassociation-winrt_31bf3856ad364e35_10.0.18362.1_none_0fe524d2f92875dd\Windows.System.UserDeviceAssociation.dll
Windows.System.UserDeviceAssociation.dll,64512,3,2568848622,2051-05-28T01:03:42.000Z,imports,msvcrt.dll,?terminate@@YAXXZ,2d0cd4602efbac3fa6f91b1820106260,50e5f833d37464e6f5f27e06a6268383a2515d1e9106439bf823ae77cef39dbc,c:\Windows\WinSxS\wow64_windows-system-user..ceassociation-winrt_31bf3856ad364e35_10.0.18362.1_none_0fe524d2f92875dd\Windows.System.UserDeviceAssociation.dll
Windows.System.UserDeviceAssociation.dll,64512,3,2568848622,2051-05-28T01:03:42.000Z,imports,msvcrt.dll,?what@exception@@UBEPBDXZ,2d0cd4602efbac3fa6f91b1820106260,50e5f833d37464e6f5f27e06a6268383a2515d1e9106439bf823ae77cef39dbc,c:\Windows\WinSxS\wow64_windows-system-user..ceassociation-winrt_31bf3856ad364e35_10.0.18362.1_none_0fe524d2f92875dd\Windows.System.UserDeviceAssociation.dll
Windows.System.UserDeviceAssociation.dll,64512,3,2568848622,2051-05-28T01:03:42.000Z,imports,msvcrt.dll,_CxxThrowException,2d0cd4602efbac3fa6f91b1820106260,50e5f833d37464e6f5f27e06a6268383a2515d1e9106439bf823ae77cef39dbc,c:\Windows\WinSxS\wow64_windows-system-user..ceassociation-winrt_31bf3856ad364e35_10.0.18362.1_none_0fe524d2f92875dd\Windows.System.UserDeviceAssociation.dll
Windows.System.UserDeviceAssociation.dll,64512,3,2568848622,2051-05-28T01:03:42.000Z,imports,msvcrt.dll,_XcptFilter,2d0cd4602efbac3fa6f91b1820106260,50e5f833d37464e6f5f27e06a6268383a2515d1e9106439bf823ae77cef39dbc,c:\Windows\WinSxS\wow64_windows-system-user..ceassociation-winrt_31bf3856ad364e35_10.0.18362.1_none_0fe524d2f92875dd\Windows.System.UserDeviceAssociation.dll
Windows.System.UserDeviceAssociation.dll,64512,3,2568848622,2051-05-28T01:03:42.000Z,imports,msvcrt.dll,__CxxFrameHandler3,2d0cd4602efbac3fa6f91b1820106260,50e5f833d37464e6f5f27e06a6268383a2515d1e9106439bf823ae77cef39dbc,c:\Windows\WinSxS\wow64_windows-system-user..ceassociation-winrt_31bf3856ad364e35_10.0.18362.1_none_0fe524d2f92875dd\Windows.System.UserDeviceAssociation.dll
Windows.System.UserDeviceAssociation.dll,64512,3,2568848622,2051-05-28T01:03:42.000Z,imports,msvcrt.dll,__dllonexit,2d0cd4602efbac3fa6f91b1820106260,50e5f833d37464e6f5f27e06a6268383a2515d1e9106439bf823ae77cef39dbc,c:\Windows\WinSxS\wow64_windows-system-user..ceassociation-winrt_31bf3856ad364e35_10.0.18362.1_none_0fe524d2f92875dd\Windows.System.UserDeviceAssociation.dll
Windows.System.UserDeviceAssociation.dll,64512,3,2568848622,2051-05-28T01:03:42.000Z,imports,msvcrt.dll,_amsg_exit,2d0cd4602efbac3fa6f91b1820106260,50e5f833d37464e6f5f27e06a6268383a2515d1e9106439bf823ae77cef39dbc,c:\Windows\WinSxS\wow64_windows-system-user..ceassociation-winrt_31bf3856ad364e35_10.0.18362.1_none_0fe524d2f92875dd\Windows.System.UserDeviceAssociation.dll
Windows.System.UserDeviceAssociation.dll,64512,3,2568848622,2051-05-28T01:03:42.000Z,imports,msvcrt.dll,_callnewh,2d0cd4602efbac3fa6f91b1820106260,50e5f833d37464e6f5f27e06a6268383a2515d1e9106439bf823ae77cef39dbc,c:\Windows\WinSxS\wow64_windows-system-user..ceassociation-winrt_31bf3856ad364e35_10.0.18362.1_none_0fe524d2f92875dd\Windows.System.UserDeviceAssociation.dll
Windows.System.UserDeviceAssociation.dll,64512,3,2568848622,2051-05-28T01:03:42.000Z,imports,msvcrt.dll,_except_handler4_common,2d0cd4602efbac3fa6f91b1820106260,50e5f833d37464e6f5f27e06a6268383a2515d1e9106439bf823ae77cef39dbc,c:\Windows\WinSxS\wow64_windows-system-user..ceassociation-winrt_31bf3856ad364e35_10.0.18362.1_none_0fe524d2f92875dd\Windows.System.UserDeviceAssociation.dll
Windows.System.UserDeviceAssociation.dll,64512,3,2568848622,2051-05-28T01:03:42.000Z,imports,msvcrt.dll,_initterm,2d0cd4602efbac3fa6f91b1820106260,50e5f833d37464e6f5f27e06a6268383a2515d1e9106439bf823ae77cef39dbc,c:\Windows\WinSxS\wow64_windows-system-user..ceassociation-winrt_31bf3856ad364e35_10.0.18362.1_none_0fe524d2f92875dd\Windows.System.UserDeviceAssociation.dll
Windows.System.UserDeviceAssociation.dll,64512,3,2568848622,2051-05-28T01:03:42.000Z,imports,msvcrt.dll,_lock,2d0cd4602efbac3fa6f91b1820106260,50e5f833d37464e6f5f27e06a6268383a2515d1e9106439bf823ae77cef39dbc,c:\Windows\WinSxS\wow64_windows-system-user..ceassociation-winrt_31bf3856ad364e35_10.0.18362.1_none_0fe524d2f92875dd\Windows.System.UserDeviceAssociation.dll
Windows.System.UserDeviceAssociation.dll,64512,3,2568848622,2051-05-28T01:03:42.000Z,imports,msvcrt.dll,_onexit,2d0cd4602efbac3fa6f91b1820106260,50e5f833d37464e6f5f27e06a6268383a2515d1e9106439bf823ae77cef39dbc,c:\Windows\WinSxS\wow64_windows-system-user..ceassociation-winrt_31bf3856ad364e35_10.0.18362.1_none_0fe524d2f92875dd\Windows.System.UserDeviceAssociation.dll
Windows.System.UserDeviceAssociation.dll,64512,3,2568848622,2051-05-28T01:03:42.000Z,imports,msvcrt.dll,_purecall,2d0cd4602efbac3fa6f91b1820106260,50e5f833d37464e6f5f27e06a6268383a2515d1e9106439bf823ae77cef39dbc,c:\Windows\WinSxS\wow64_windows-system-user..ceassociation-winrt_31bf3856ad364e35_10.0.18362.1_none_0fe524d2f92875dd\Windows.System.UserDeviceAssociation.dll
Windows.System.UserDeviceAssociation.dll,64512,3,2568848622,2051-05-28T01:03:42.000Z,imports,msvcrt.dll,_unlock,2d0cd4602efbac3fa6f91b1820106260,50e5f833d37464e6f5f27e06a6268383a2515d1e9106439bf823ae77cef39dbc,c:\Windows\WinSxS\wow64_windows-system-user..ceassociation-winrt_31bf3856ad364e35_10.0.18362.1_none_0fe524d2f92875dd\Windows.System.UserDeviceAssociation.dll
Windows.System.UserDeviceAssociation.dll,64512,3,2568848622,2051-05-28T01:03:42.000Z,imports,msvcrt.dll,_vsnprintf_s,2d0cd4602efbac3fa6f91b1820106260,50e5f833d37464e6f5f27e06a6268383a2515d1e9106439bf823ae77cef39dbc,c:\Windows\WinSxS\wow64_windows-system-user..ceassociation-winrt_31bf3856ad364e35_10.0.18362.1_none_0fe524d2f92875dd\Windows.System.UserDeviceAssociation.dll
Windows.System.UserDeviceAssociation.dll,64512,3,2568848622,2051-05-28T01:03:42.000Z,imports,msvcrt.dll,_vsnwprintf,2d0cd4602efbac3fa6f91b1820106260,50e5f833d37464e6f5f27e06a6268383a2515d1e9106439bf823ae77cef39dbc,c:\Windows\WinSxS\wow64_windows-system-user..ceassociation-winrt_31bf3856ad364e35_10.0.18362.1_none_0fe524d2f92875dd\Windows.System.UserDeviceAssociation.dll
Windows.System.UserDeviceAssociation.dll,64512,3,2568848622,2051-05-28T01:03:42.000Z,imports,msvcrt.dll,free,2d0cd4602efbac3fa6f91b1820106260,50e5f833d37464e6f5f27e06a6268383a2515d1e9106439bf823ae77cef39dbc,c:\Windows\WinSxS\wow64_windows-system-user..ceassociation-winrt_31bf3856ad364e35_10.0.18362.1_none_0fe524d2f92875dd\Windows.System.UserDeviceAssociation.dll
Windows.System.UserDeviceAssociation.dll,64512,3,2568848622,2051-05-28T01:03:42.000Z,imports,msvcrt.dll,malloc,2d0cd4602efbac3fa6f91b1820106260,50e5f833d37464e6f5f27e06a6268383a2515d1e9106439bf823ae77cef39dbc,c:\Windows\WinSxS\wow64_windows-system-user..ceassociation-winrt_31bf3856ad364e35_10.0.18362.1_none_0fe524d2f92875dd\Windows.System.UserDeviceAssociation.dll
Windows.System.UserDeviceAssociation.dll,64512,3,2568848622,2051-05-28T01:03:42.000Z,imports,msvcrt.dll,memcmp,2d0cd4602efbac3fa6f91b1820106260,50e5f833d37464e6f5f27e06a6268383a2515d1e9106439bf823ae77cef39dbc,c:\Windows\WinSxS\wow64_windows-system-user..ceassociation-winrt_31bf3856ad364e35_10.0.18362.1_none_0fe524d2f92875dd\Windows.System.UserDeviceAssociation.dll
Windows.System.UserDeviceAssociation.dll,64512,3,2568848622,2051-05-28T01:03:42.000Z,imports,msvcrt.dll,memcpy,2d0cd4602efbac3fa6f91b1820106260,50e5f833d37464e6f5f27e06a6268383a2515d1e9106439bf823ae77cef39dbc,c:\Windows\WinSxS\wow64_windows-system-user..ceassociation-winrt_31bf3856ad364e35_10.0.18362.1_none_0fe524d2f92875dd\Windows.System.UserDeviceAssociation.dll
Windows.System.UserDeviceAssociation.dll,64512,3,2568848622,2051-05-28T01:03:42.000Z,imports,msvcrt.dll,memcpy_s,2d0cd4602efbac3fa6f91b1820106260,50e5f833d37464e6f5f27e06a6268383a2515d1e9106439bf823ae77cef39dbc,c:\Windows\WinSxS\wow64_windows-system-user..ceassociation-winrt_31bf3856ad364e35_10.0.18362.1_none_0fe524d2f92875dd\Windows.System.UserDeviceAssociation.dll
Windows.System.UserDeviceAssociation.dll,64512,3,2568848622,2051-05-28T01:03:42.000Z,imports,msvcrt.dll,memmove,2d0cd4602efbac3fa6f91b1820106260,50e5f833d37464e6f5f27e06a6268383a2515d1e9106439bf823ae77cef39dbc,c:\Windows\WinSxS\wow64_windows-system-user..ceassociation-winrt_31bf3856ad364e35_10.0.18362.1_none_0fe524d2f92875dd\Windows.System.UserDeviceAssociation.dll
Windows.System.UserDeviceAssociation.dll,64512,3,2568848622,2051-05-28T01:03:42.000Z,imports,msvcrt.dll,memset,2d0cd4602efbac3fa6f91b1820106260,50e5f833d37464e6f5f27e06a6268383a2515d1e9106439bf823ae77cef39dbc,c:\Windows\WinSxS\wow64_windows-system-user..ceassociation-winrt_31bf3856ad364e35_10.0.18362.1_none_0fe524d2f92875dd\Windows.System.UserDeviceAssociation.dll
Windows.System.UserDeviceAssociation.dll,64512,3,2568848622,2051-05-28T01:03:42.000Z,imports,api-ms-win-core-winrt-string-l1-1-0.dll,HSTRING_UserFree,2d0cd4602efbac3fa6f91b1820106260,50e5f833d37464e6f5f27e06a6268383a2515d1e9106439bf823ae77cef39dbc,c:\Windows\WinSxS\wow64_windows-system-user..ceassociation-winrt_31bf3856ad364e35_10.0.18362.1_none_0fe524d2f92875dd\Windows.System.UserDeviceAssociation.dll
Windows.System.UserDeviceAssociation.dll,64512,3,2568848622,2051-05-28T01:03:42.000Z,imports,api-ms-win-core-winrt-string-l1-1-0.dll,HSTRING_UserMarshal,2d0cd4602efbac3fa6f91b1820106260,50e5f833d37464e6f5f27e06a6268383a2515d1e9106439bf823ae77cef39dbc,c:\Windows\WinSxS\wow64_windows-system-user..ceassociation-winrt_31bf3856ad364e35_10.0.18362.1_none_0fe524d2f92875dd\Windows.System.UserDeviceAssociation.dll
Windows.System.UserDeviceAssociation.dll,64512,3,2568848622,2051-05-28T01:03:42.000Z,imports,api-ms-win-core-winrt-string-l1-1-0.dll,HSTRING_UserSize,2d0cd4602efbac3fa6f91b1820106260,50e5f833d37464e6f5f27e06a6268383a2515d1e9106439bf823ae77cef39dbc,c:\Windows\WinSxS\wow64_windows-system-user..ceassociation-winrt_31bf3856ad364e35_10.0.18362.1_none_0fe524d2f92875dd\Windows.System.UserDeviceAssociation.dll
Windows.System.UserDeviceAssociation.dll,64512,3,2568848622,2051-05-28T01:03:42.000Z,imports,api-ms-win-core-winrt-string-l1-1-0.dll,HSTRING_UserUnmarshal,2d0cd4602efbac3fa6f91b1820106260,50e5f833d37464e6f5f27e06a6268383a2515d1e9106439bf823ae77cef39dbc,c:\Windows\WinSxS\wow64_windows-system-user..ceassociation-winrt_31bf3856ad364e35_10.0.18362.1_none_0fe524d2f92875dd\Windows.System.UserDeviceAssociation.dll
Windows.System.UserDeviceAssociation.dll,64512,3,2568848622,2051-05-28T01:03:42.000Z,imports,api-ms-win-core-winrt-string-l1-1-0.dll,WindowsCompareStringOrdinal,2d0cd4602efbac3fa6f91b1820106260,50e5f833d37464e6f5f27e06a6268383a2515d1e9106439bf823ae77cef39dbc,c:\Windows\WinSxS\wow64_windows-system-user..ceassociation-winrt_31bf3856ad364e35_10.0.18362.1_none_0fe524d2f92875dd\Windows.System.UserDeviceAssociation.dll
Windows.System.UserDeviceAssociation.dll,64512,3,2568848622,2051-05-28T01:03:42.000Z,imports,api-ms-win-core-winrt-string-l1-1-0.dll,WindowsCreateString,2d0cd4602efbac3fa6f91b1820106260,50e5f833d37464e6f5f27e06a6268383a2515d1e9106439bf823ae77cef39dbc,c:\Windows\WinSxS\wow64_windows-system-user..ceassociation-winrt_31bf3856ad364e35_10.0.18362.1_none_0fe524d2f92875dd\Windows.System.UserDeviceAssociation.dll
Windows.System.UserDeviceAssociation.dll,64512,3,2568848622,2051-05-28T01:03:42.000Z,imports,api-ms-win-core-winrt-string-l1-1-0.dll,WindowsCreateStringReference,2d0cd4602efbac3fa6f91b1820106260,50e5f833d37464e6f5f27e06a6268383a2515d1e9106439bf823ae77cef39dbc,c:\Windows\WinSxS\wow64_windows-system-user..ceassociation-winrt_31bf3856ad364e35_10.0.18362.1_none_0fe524d2f92875dd\Windows.System.UserDeviceAssociation.dll
Windows.System.UserDeviceAssociation.dll,64512,3,2568848622,2051-05-28T01:03:42.000Z,imports,api-ms-win-core-winrt-string-l1-1-0.dll,WindowsDeleteString,2d0cd4602efbac3fa6f91b1820106260,50e5f833d37464e6f5f27e06a6268383a2515d1e9106439bf823ae77cef39dbc,c:\Windows\WinSxS\wow64_windows-system-user..ceassociation-winrt_31bf3856ad364e35_10.0.18362.1_none_0fe524d2f92875dd\Windows.System.UserDeviceAssociation.dll
Windows.System.UserDeviceAssociation.dll,64512,3,2568848622,2051-05-28T01:03:42.000Z,imports,api-ms-win-core-winrt-string-l1-1-0.dll,WindowsDuplicateString,2d0cd4602efbac3fa6f91b1820106260,50e5f833d37464e6f5f27e06a6268383a2515d1e9106439bf823ae77cef39dbc,c:\Windows\WinSxS\wow64_windows-system-user..ceassociation-winrt_31bf3856ad364e35_10.0.18362.1_none_0fe524d2f92875dd\Windows.System.UserDeviceAssociation.dll
Windows.System.UserDeviceAssociation.dll,64512,3,2568848622,2051-05-28T01:03:42.000Z,imports,api-ms-win-core-winrt-string-l1-1-0.dll,WindowsGetStringRawBuffer,2d0cd4602efbac3fa6f91b1820106260,50e5f833d37464e6f5f27e06a6268383a2515d1e9106439bf823ae77cef39dbc,c:\Windows\WinSxS\wow64_windows-system-user..ceassociation-winrt_31bf3856ad364e35_10.0.18362.1_none_0fe524d2f92875dd\Windows.System.UserDeviceAssociation.dll
Windows.System.UserDeviceAssociation.dll,64512,3,2568848622,2051-05-28T01:03:42.000Z,imports,api-ms-win-core-winrt-string-l1-1-0.dll,WindowsIsStringEmpty,2d0cd4602efbac3fa6f91b1820106260,50e5f833d37464e6f5f27e06a6268383a2515d1e9106439bf823ae77cef39dbc,c:\Windows\WinSxS\wow64_windows-system-user..ceassociation-winrt_31bf3856ad364e35_10.0.18362.1_none_0fe524d2f92875dd\Windows.System.UserDeviceAssociation.dll
Windows.System.UserDeviceAssociation.dll,64512,3,2568848622,2051-05-28T01:03:42.000Z,imports,api-ms-win-core-winrt-string-l1-1-0.dll,WindowsStringHasEmbeddedNull,2d0cd4602efbac3fa6f91b1820106260,50e5f833d37464e6f5f27e06a6268383a2515d1e9106439bf823ae77cef39dbc,c:\Windows\WinSxS\wow64_windows-system-user..ceassociation-winrt_31bf3856ad364e35_10.0.18362.1_none_0fe524d2f92875dd\Windows.System.UserDeviceAssociation.dll
Windows.System.UserDeviceAssociation.dll,64512,3,2568848622,2051-05-28T01:03:42.000Z,imports,api-ms-win-core-util-l1-1-0.dll,DecodePointer,2d0cd4602efbac3fa6f91b1820106260,50e5f833d37464e6f5f27e06a6268383a2515d1e9106439bf823ae77cef39dbc,c:\Windows\WinSxS\wow64_windows-system-user..ceassociation-winrt_31bf3856ad364e35_10.0.18362.1_none_0fe524d2f92875dd\Windows.System.UserDeviceAssociation.dll
Windows.System.UserDeviceAssociation.dll,64512,3,2568848622,2051-05-28T01:03:42.000Z,imports,api-ms-win-core-util-l1-1-0.dll,EncodePointer,2d0cd4602efbac3fa6f91b1820106260,50e5f833d37464e6f5f27e06a6268383a2515d1e9106439bf823ae77cef39dbc,c:\Windows\WinSxS\wow64_windows-system-user..ceassociation-winrt_31bf3856ad364e35_10.0.18362.1_none_0fe524d2f92875dd\Windows.System.UserDeviceAssociation.dll
Windows.System.UserDeviceAssociation.dll,64512,3,2568848622,2051-05-28T01:03:42.000Z,imports,api-ms-win-core-winrt-error-l1-1-0.dll,RoOriginateError,2d0cd4602efbac3fa6f91b1820106260,50e5f833d37464e6f5f27e06a6268383a2515d1e9106439bf823ae77cef39dbc,c:\Windows\WinSxS\wow64_windows-system-user..ceassociation-winrt_31bf3856ad364e35_10.0.18362.1_none_0fe524d2f92875dd\Windows.System.UserDeviceAssociation.dll
Windows.System.UserDeviceAssociation.dll,64512,3,2568848622,2051-05-28T01:03:42.000Z,imports,api-ms-win-core-winrt-error-l1-1-0.dll,RoOriginateErrorW,2d0cd4602efbac3fa6f91b1820106260,50e5f833d37464e6f5f27e06a6268383a2515d1e9106439bf823ae77cef39dbc,c:\Windows\WinSxS\wow64_windows-system-user..ceassociation-winrt_31bf3856ad364e35_10.0.18362.1_none_0fe524d2f92875dd\Windows.System.UserDeviceAssociation.dll
Windows.System.UserDeviceAssociation.dll,64512,3,2568848622,2051-05-28T01:03:42.000Z,imports,api-ms-win-core-winrt-error-l1-1-0.dll,RoTransformError,2d0cd4602efbac3fa6f91b1820106260,50e5f833d37464e6f5f27e06a6268383a2515d1e9106439bf823ae77cef39dbc,c:\Windows\WinSxS\wow64_windows-system-user..ceassociation-winrt_31bf3856ad364e35_10.0.18362.1_none_0fe524d2f92875dd\Windows.System.UserDeviceAssociation.dll
Windows.System.UserDeviceAssociation.dll,64512,3,2568848622,2051-05-28T01:03:42.000Z,imports,api-ms-win-core-winrt-error-l1-1-0.dll,SetRestrictedErrorInfo,2d0cd4602efbac3fa6f91b1820106260,50e5f833d37464e6f5f27e06a6268383a2515d1e9106439bf823ae77cef39dbc,c:\Windows\WinSxS\wow64_windows-system-user..ceassociation-winrt_31bf3856ad364e35_10.0.18362.1_none_0fe524d2f92875dd\Windows.System.UserDeviceAssociation.dll
Windows.System.UserDeviceAssociation.dll,64512,3,2568848622,2051-05-28T01:03:42.000Z,imports,api-ms-win-core-synch-l1-1-0.dll,AcquireSRWLockExclusive,2d0cd4602efbac3fa6f91b1820106260,50e5f833d37464e6f5f27e06a6268383a2515d1e9106439bf823ae77cef39dbc,c:\Windows\WinSxS\wow64_windows-system-user..ceassociation-winrt_31bf3856ad364e35_10.0.18362.1_none_0fe524d2f92875dd\Windows.System.UserDeviceAssociation.dll
Windows.System.UserDeviceAssociation.dll,64512,3,2568848622,2051-05-28T01:03:42.000Z,imports,api-ms-win-core-synch-l1-1-0.dll,AcquireSRWLockShared,2d0cd4602efbac3fa6f91b1820106260,50e5f833d37464e6f5f27e06a6268383a2515d1e9106439bf823ae77cef39dbc,c:\Windows\WinSxS\wow64_windows-system-user..ceassociation-winrt_31bf3856ad364e35_10.0.18362.1_none_0fe524d2f92875dd\Windows.System.UserDeviceAssociation.dll
Windows.System.UserDeviceAssociation.dll,64512,3,2568848622,2051-05-28T01:03:42.000Z,imports,api-ms-win-core-synch-l1-1-0.dll,CreateEventW,2d0cd4602efbac3fa6f91b1820106260,50e5f833d37464e6f5f27e06a6268383a2515d1e9106439bf823ae77cef39dbc,c:\Windows\WinSxS\wow64_windows-system-user..ceassociation-winrt_31bf3856ad364e35_10.0.18362.1_none_0fe524d2f92875dd\Windows.System.UserDeviceAssociation.dll
Windows.System.UserDeviceAssociation.dll,64512,3,2568848622,2051-05-28T01:03:42.000Z,imports,api-ms-win-core-synch-l1-1-0.dll,CreateMutexExW,2d0cd4602efbac3fa6f91b1820106260,50e5f833d37464e6f5f27e06a6268383a2515d1e9106439bf823ae77cef39dbc,c:\Windows\WinSxS\wow64_windows-system-user..ceassociation-winrt_31bf3856ad364e35_10.0.18362.1_none_0fe524d2f92875dd\Windows.System.UserDeviceAssociation.dll
Windows.System.UserDeviceAssociation.dll,64512,3,2568848622,2051-05-28T01:03:42.000Z,imports,api-ms-win-core-synch-l1-1-0.dll,CreateSemaphoreExW,2d0cd4602efbac3fa6f91b1820106260,50e5f833d37464e6f5f27e06a6268383a2515d1e9106439bf823ae77cef39dbc,c:\Windows\WinSxS\wow64_windows-system-user..ceassociation-winrt_31bf3856ad364e35_10.0.18362.1_none_0fe524d2f92875dd\Windows.System.UserDeviceAssociation.dll
Windows.System.UserDeviceAssociation.dll,64512,3,2568848622,2051-05-28T01:03:42.000Z,imports,api-ms-win-core-synch-l1-1-0.dll,DeleteCriticalSection,2d0cd4602efbac3fa6f91b1820106260,50e5f833d37464e6f5f27e06a6268383a2515d1e9106439bf823ae77cef39dbc,c:\Windows\WinSxS\wow64_windows-system-user..ceassociation-winrt_31bf3856ad364e35_10.0.18362.1_none_0fe524d2f92875dd\Windows.System.UserDeviceAssociation.dll
Windows.System.UserDeviceAssociation.dll,64512,3,2568848622,2051-05-28T01:03:42.000Z,imports,api-ms-win-core-synch-l1-1-0.dll,EnterCriticalSection,2d0cd4602efbac3fa6f91b1820106260,50e5f833d37464e6f5f27e06a6268383a2515d1e9106439bf823ae77cef39dbc,c:\Windows\WinSxS\wow64_windows-system-user..ceassociation-winrt_31bf3856ad364e35_10.0.18362.1_none_0fe524d2f92875dd\Windows.System.UserDeviceAssociation.dll
Windows.System.UserDeviceAssociation.dll,64512,3,2568848622,2051-05-28T01:03:42.000Z,imports,api-ms-win-core-synch-l1-1-0.dll,InitializeCriticalSectionEx,2d0cd4602efbac3fa6f91b1820106260,50e5f833d37464e6f5f27e06a6268383a2515d1e9106439bf823ae77cef39dbc,c:\Windows\WinSxS\wow64_windows-system-user..ceassociation-winrt_31bf3856ad364e35_10.0.18362.1_none_0fe524d2f92875dd\Windows.System.UserDeviceAssociation.dll
Windows.System.UserDeviceAssociation.dll,64512,3,2568848622,2051-05-28T01:03:42.000Z,imports,api-ms-win-core-synch-l1-1-0.dll,InitializeSRWLock,2d0cd4602efbac3fa6f91b1820106260,50e5f833d37464e6f5f27e06a6268383a2515d1e9106439bf823ae77cef39dbc,c:\Windows\WinSxS\wow64_windows-system-user..ceassociation-winrt_31bf3856ad364e35_10.0.18362.1_none_0fe524d2f92875dd\Windows.System.UserDeviceAssociation.dll
Windows.System.UserDeviceAssociation.dll,64512,3,2568848622,2051-05-28T01:03:42.000Z,imports,api-ms-win-core-synch-l1-1-0.dll,LeaveCriticalSection,2d0cd4602efbac3fa6f91b1820106260,50e5f833d37464e6f5f27e06a6268383a2515d1e9106439bf823ae77cef39dbc,c:\Windows\WinSxS\wow64_windows-system-user..ceassociation-winrt_31bf3856ad364e35_10.0.18362.1_none_0fe524d2f92875dd\Windows.System.UserDeviceAssociation.dll
Windows.System.UserDeviceAssociation.dll,64512,3,2568848622,2051-05-28T01:03:42.000Z,imports,api-ms-win-core-synch-l1-1-0.dll,OpenSemaphoreW,2d0cd4602efbac3fa6f91b1820106260,50e5f833d37464e6f5f27e06a6268383a2515d1e9106439bf823ae77cef39dbc,c:\Windows\WinSxS\wow64_windows-system-user..ceassociation-winrt_31bf3856ad364e35_10.0.18362.1_none_0fe524d2f92875dd\Windows.System.UserDeviceAssociation.dll
Windows.System.UserDeviceAssociation.dll,64512,3,2568848622,2051-05-28T01:03:42.000Z,imports,api-ms-win-core-synch-l1-1-0.dll,ReleaseMutex,2d0cd4602efbac3fa6f91b1820106260,50e5f833d37464e6f5f27e06a6268383a2515d1e9106439bf823ae77cef39dbc,c:\Windows\WinSxS\wow64_windows-system-user..ceassociation-winrt_31bf3856ad364e35_10.0.18362.1_none_0fe524d2f92875dd\Windows.System.UserDeviceAssociation.dll
Windows.System.UserDeviceAssociation.dll,64512,3,2568848622,2051-05-28T01:03:42.000Z,imports,api-ms-win-core-synch-l1-1-0.dll,ReleaseSRWLockExclusive,2d0cd4602efbac3fa6f91b1820106260,50e5f833d37464e6f5f27e06a6268383a2515d1e9106439bf823ae77cef39dbc,c:\Windows\WinSxS\wow64_windows-system-user..ceassociation-winrt_31bf3856ad364e35_10.0.18362.1_none_0fe524d2f92875dd\Windows.System.UserDeviceAssociation.dll
Windows.System.UserDeviceAssociation.dll,64512,3,2568848622,2051-05-28T01:03:42.000Z,imports,api-ms-win-core-synch-l1-1-0.dll,ReleaseSRWLockShared,2d0cd4602efbac3fa6f91b1820106260,50e5f833d37464e6f5f27e06a6268383a2515d1e9106439bf823ae77cef39dbc,c:\Windows\WinSxS\wow64_windows-system-user..ceassociation-winrt_31bf3856ad364e35_10.0.18362.1_none_0fe524d2f92875dd\Windows.System.UserDeviceAssociation.dll
Windows.System.UserDeviceAssociation.dll,64512,3,2568848622,2051-05-28T01:03:42.000Z,imports,api-ms-win-core-synch-l1-1-0.dll,ReleaseSemaphore,2d0cd4602efbac3fa6f91b1820106260,50e5f833d37464e6f5f27e06a6268383a2515d1e9106439bf823ae77cef39dbc,c:\Windows\WinSxS\wow64_windows-system-user..ceassociation-winrt_31bf3856ad364e35_10.0.18362.1_none_0fe524d2f92875dd\Windows.System.UserDeviceAssociation.dll
Windows.System.UserDeviceAssociation.dll,64512,3,2568848622,2051-05-28T01:03:42.000Z,imports,api-ms-win-core-synch-l1-1-0.dll,SetEvent,2d0cd4602efbac3fa6f91b1820106260,50e5f833d37464e6f5f27e06a6268383a2515d1e9106439bf823ae77cef39dbc,c:\Windows\WinSxS\wow64_windows-system-user..ceassociation-winrt_31bf3856ad364e35_10.0.18362.1_none_0fe524d2f92875dd\Windows.System.UserDeviceAssociation.dll
Windows.System.UserDeviceAssociation.dll,64512,3,2568848622,2051-05-28T01:03:42.000Z,imports,api-ms-win-core-synch-l1-1-0.dll,WaitForSingleObject,2d0cd4602efbac3fa6f91b1820106260,50e5f833d37464e6f5f27e06a6268383a2515d1e9106439bf823ae77cef39dbc,c:\Windows\WinSxS\wow64_windows-system-user..ceassociation-winrt_31bf3856ad364e35_10.0.18362.1_none_0fe524d2f92875dd\Windows.System.UserDeviceAssociation.dll
Windows.System.UserDeviceAssociation.dll,64512,3,2568848622,2051-05-28T01:03:42.000Z,imports,api-ms-win-core-synch-l1-1-0.dll,WaitForSingleObjectEx,2d0cd4602efbac3fa6f91b1820106260,50e5f833d37464e6f5f27e06a6268383a2515d1e9106439bf823ae77cef39dbc,c:\Windows\WinSxS\wow64_windows-system-user..ceassociation-winrt_31bf3856ad364e35_10.0.18362.1_none_0fe524d2f92875dd\Windows.System.UserDeviceAssociation.dll
Windows.System.UserDeviceAssociation.dll,64512,3,2568848622,2051-05-28T01:03:42.000Z,imports,api-ms-win-core-synch-l1-2-0.dll,Sleep,2d0cd4602efbac3fa6f91b1820106260,50e5f833d37464e6f5f27e06a6268383a2515d1e9106439bf823ae77cef39dbc,c:\Windows\WinSxS\wow64_windows-system-user..ceassociation-winrt_31bf3856ad364e35_10.0.18362.1_none_0fe524d2f92875dd\Windows.System.UserDeviceAssociation.dll
Windows.System.UserDeviceAssociation.dll,64512,3,2568848622,2051-05-28T01:03:42.000Z,imports,api-ms-win-core-synch-l1-2-0.dll,SleepConditionVariableSRW,2d0cd4602efbac3fa6f91b1820106260,50e5f833d37464e6f5f27e06a6268383a2515d1e9106439bf823ae77cef39dbc,c:\Windows\WinSxS\wow64_windows-system-user..ceassociation-winrt_31bf3856ad364e35_10.0.18362.1_none_0fe524d2f92875dd\Windows.System.UserDeviceAssociation.dll
Windows.System.UserDeviceAssociation.dll,64512,3,2568848622,2051-05-28T01:03:42.000Z,imports,api-ms-win-core-synch-l1-2-0.dll,WakeAllConditionVariable,2d0cd4602efbac3fa6f91b1820106260,50e5f833d37464e6f5f27e06a6268383a2515d1e9106439bf823ae77cef39dbc,c:\Windows\WinSxS\wow64_windows-system-user..ceassociation-winrt_31bf3856ad364e35_10.0.18362.1_none_0fe524d2f92875dd\Windows.System.UserDeviceAssociation.dll
Windows.System.UserDeviceAssociation.dll,64512,3,2568848622,2051-05-28T01:03:42.000Z,imports,api-ms-win-core-profile-l1-1-0.dll,QueryPerformanceCounter,2d0cd4602efbac3fa6f91b1820106260,50e5f833d37464e6f5f27e06a6268383a2515d1e9106439bf823ae77cef39dbc,c:\Windows\WinSxS\wow64_windows-system-user..ceassociation-winrt_31bf3856ad364e35_10.0.18362.1_none_0fe524d2f92875dd\Windows.System.UserDeviceAssociation.dll
Windows.System.UserDeviceAssociation.dll,64512,3,2568848622,2051-05-28T01:03:42.000Z,imports,api-ms-win-core-processthreads-l1-1-0.dll,GetCurrentProcess,2d0cd4602efbac3fa6f91b1820106260,50e5f833d37464e6f5f27e06a6268383a2515d1e9106439bf823ae77cef39dbc,c:\Windows\WinSxS\wow64_windows-system-user..ceassociation-winrt_31bf3856ad364e35_10.0.18362.1_none_0fe524d2f92875dd\Windows.System.UserDeviceAssociation.dll
Windows.System.UserDeviceAssociation.dll,64512,3,2568848622,2051-05-28T01:03:42.000Z,imports,api-ms-win-core-processthreads-l1-1-0.dll,GetCurrentProcessId,2d0cd4602efbac3fa6f91b1820106260,50e5f833d37464e6f5f27e06a6268383a2515d1e9106439bf823ae77cef39dbc,c:\Windows\WinSxS\wow64_windows-system-user..ceassociation-winrt_31bf3856ad364e35_10.0.18362.1_none_0fe524d2f92875dd\Windows.System.UserDeviceAssociation.dll
Windows.System.UserDeviceAssociation.dll,64512,3,2568848622,2051-05-28T01:03:42.000Z,imports,api-ms-win-core-processthreads-l1-1-0.dll,GetCurrentThreadId,2d0cd4602efbac3fa6f91b1820106260,50e5f833d37464e6f5f27e06a6268383a2515d1e9106439bf823ae77cef39dbc,c:\Windows\WinSxS\wow64_windows-system-user..ceassociation-winrt_31bf3856ad364e35_10.0.18362.1_none_0fe524d2f92875dd\Windows.System.UserDeviceAssociation.dll
Windows.System.UserDeviceAssociation.dll,64512,3,2568848622,2051-05-28T01:03:42.000Z,imports,api-ms-win-core-processthreads-l1-1-0.dll,TerminateProcess,2d0cd4602efbac3fa6f91b1820106260,50e5f833d37464e6f5f27e06a6268383a2515d1e9106439bf823ae77cef39dbc,c:\Windows\WinSxS\wow64_windows-system-user..ceassociation-winrt_31bf3856ad364e35_10.0.18362.1_none_0fe524d2f92875dd\Windows.System.UserDeviceAssociation.dll
Windows.System.UserDeviceAssociation.dll,64512,3,2568848622,2051-05-28T01:03:42.000Z,imports,api-ms-win-core-sysinfo-l1-1-0.dll,GetSystemTimeAsFileTime,2d0cd4602efbac3fa6f91b1820106260,50e5f833d37464e6f5f27e06a6268383a2515d1e9106439bf823ae77cef39dbc,c:\Windows\WinSxS\wow64_windows-system-user..ceassociation-winrt_31bf3856ad364e35_10.0.18362.1_none_0fe524d2f92875dd\Windows.System.UserDeviceAssociation.dll
Windows.System.UserDeviceAssociation.dll,64512,3,2568848622,2051-05-28T01:03:42.000Z,imports,api-ms-win-core-sysinfo-l1-1-0.dll,GetTickCount,2d0cd4602efbac3fa6f91b1820106260,50e5f833d37464e6f5f27e06a6268383a2515d1e9106439bf823ae77cef39dbc,c:\Windows\WinSxS\wow64_windows-system-user..ceassociation-winrt_31bf3856ad364e35_10.0.18362.1_none_0fe524d2f92875dd\Windows.System.UserDeviceAssociation.dll
Windows.System.UserDeviceAssociation.dll,64512,3,2568848622,2051-05-28T01:03:42.000Z,imports,api-ms-win-core-errorhandling-l1-1-0.dll,GetLastError,2d0cd4602efbac3fa6f91b1820106260,50e5f833d37464e6f5f27e06a6268383a2515d1e9106439bf823ae77cef39dbc,c:\Windows\WinSxS\wow64_windows-system-user..ceassociation-winrt_31bf3856ad364e35_10.0.18362.1_none_0fe524d2f92875dd\Windows.System.UserDeviceAssociation.dll
Windows.System.UserDeviceAssociation.dll,64512,3,2568848622,2051-05-28T01:03:42.000Z,imports,api-ms-win-core-errorhandling-l1-1-0.dll,RaiseException,2d0cd4602efbac3fa6f91b1820106260,50e5f833d37464e6f5f27e06a6268383a2515d1e9106439bf823ae77cef39dbc,c:\Windows\WinSxS\wow64_windows-system-user..ceassociation-winrt_31bf3856ad364e35_10.0.18362.1_none_0fe524d2f92875dd\Windows.System.UserDeviceAssociation.dll
Windows.System.UserDeviceAssociation.dll,64512,3,2568848622,2051-05-28T01:03:42.000Z,imports,api-ms-win-core-errorhandling-l1-1-0.dll,SetLastError,2d0cd4602efbac3fa6f91b1820106260,50e5f833d37464e6f5f27e06a6268383a2515d1e9106439bf823ae77cef39dbc,c:\Windows\WinSxS\wow64_windows-system-user..ceassociation-winrt_31bf3856ad364e35_10.0.18362.1_none_0fe524d2f92875dd\Windows.System.UserDeviceAssociation.dll
Windows.System.UserDeviceAssociation.dll,64512,3,2568848622,2051-05-28T01:03:42.000Z,imports,api-ms-win-core-errorhandling-l1-1-0.dll,SetUnhandledExceptionFilter,2d0cd4602efbac3fa6f91b1820106260,50e5f833d37464e6f5f27e06a6268383a2515d1e9106439bf823ae77cef39dbc,c:\Windows\WinSxS\wow64_windows-system-user..ceassociation-winrt_31bf3856ad364e35_10.0.18362.1_none_0fe524d2f92875dd\Windows.System.UserDeviceAssociation.dll
Windows.System.UserDeviceAssociation.dll,64512,3,2568848622,2051-05-28T01:03:42.000Z,imports,api-ms-win-core-errorhandling-l1-1-0.dll,UnhandledExceptionFilter,2d0cd4602efbac3fa6f91b1820106260,50e5f833d37464e6f5f27e06a6268383a2515d1e9106439bf823ae77cef39dbc,c:\Windows\WinSxS\wow64_windows-system-user..ceassociation-winrt_31bf3856ad364e35_10.0.18362.1_none_0fe524d2f92875dd\Windows.System.UserDeviceAssociation.dll
Windows.System.UserDeviceAssociation.dll,64512,3,2568848622,2051-05-28T01:03:42.000Z,imports,rpcrt4.dll,CStdStubBuffer_AddRef,2d0cd4602efbac3fa6f91b1820106260,50e5f833d37464e6f5f27e06a6268383a2515d1e9106439bf823ae77cef39dbc,c:\Windows\WinSxS\wow64_windows-system-user..ceassociation-winrt_31bf3856ad364e35_10.0.18362.1_none_0fe524d2f92875dd\Windows.System.UserDeviceAssociation.dll
Windows.System.UserDeviceAssociation.dll,64512,3,2568848622,2051-05-28T01:03:42.000Z,imports,rpcrt4.dll,CStdStubBuffer_Connect,2d0cd4602efbac3fa6f91b1820106260,50e5f833d37464e6f5f27e06a6268383a2515d1e9106439bf823ae77cef39dbc,c:\Windows\WinSxS\wow64_windows-system-user..ceassociation-winrt_31bf3856ad364e35_10.0.18362.1_none_0fe524d2f92875dd\Windows.System.UserDeviceAssociation.dll
Windows.System.UserDeviceAssociation.dll,64512,3,2568848622,2051-05-28T01:03:42.000Z,imports,rpcrt4.dll,CStdStubBuffer_CountRefs,2d0cd4602efbac3fa6f91b1820106260,50e5f833d37464e6f5f27e06a6268383a2515d1e9106439bf823ae77cef39dbc,c:\Windows\WinSxS\wow64_windows-system-user..ceassociation-winrt_31bf3856ad364e35_10.0.18362.1_none_0fe524d2f92875dd\Windows.System.UserDeviceAssociation.dll
Windows.System.UserDeviceAssociation.dll,64512,3,2568848622,2051-05-28T01:03:42.000Z,imports,rpcrt4.dll,CStdStubBuffer_DebugServerQueryInterface,2d0cd4602efbac3fa6f91b1820106260,50e5f833d37464e6f5f27e06a6268383a2515d1e9106439bf823ae77cef39dbc,c:\Windows\WinSxS\wow64_windows-system-user..ceassociation-winrt_31bf3856ad364e35_10.0.18362.1_none_0fe524d2f92875dd\Windows.System.UserDeviceAssociation.dll
Windows.System.UserDeviceAssociation.dll,64512,3,2568848622,2051-05-28T01:03:42.000Z,imports,rpcrt4.dll,CStdStubBuffer_DebugServerRelease,2d0cd4602efbac3fa6f91b1820106260,50e5f833d37464e6f5f27e06a6268383a2515d1e9106439bf823ae77cef39dbc,c:\Windows\WinSxS\wow64_windows-system-user..ceassociation-winrt_31bf3856ad364e35_10.0.18362.1_none_0fe524d2f92875dd\Windows.System.UserDeviceAssociation.dll
Windows.System.UserDeviceAssociation.dll,64512,3,2568848622,2051-05-28T01:03:42.000Z,imports,rpcrt4.dll,CStdStubBuffer_Disconnect,2d0cd4602efbac3fa6f91b1820106260,50e5f833d37464e6f5f27e06a6268383a2515d1e9106439bf823ae77cef39dbc,c:\Windows\WinSxS\wow64_windows-system-user..ceassociation-winrt_31bf3856ad364e35_10.0.18362.1_none_0fe524d2f92875dd\Windows.System.UserDeviceAssociation.dll
Windows.System.UserDeviceAssociation.dll,64512,3,2568848622,2051-05-28T01:03:42.000Z,imports,rpcrt4.dll,CStdStubBuffer_Invoke,2d0cd4602efbac3fa6f91b1820106260,50e5f833d37464e6f5f27e06a6268383a2515d1e9106439bf823ae77cef39dbc,c:\Windows\WinSxS\wow64_windows-system-user..ceassociation-winrt_31bf3856ad364e35_10.0.18362.1_none_0fe524d2f92875dd\Windows.System.UserDeviceAssociation.dll
Windows.System.UserDeviceAssociation.dll,64512,3,2568848622,2051-05-28T01:03:42.000Z,imports,rpcrt4.dll,CStdStubBuffer_IsIIDSupported,2d0cd4602efbac3fa6f91b1820106260,50e5f833d37464e6f5f27e06a6268383a2515d1e9106439bf823ae77cef39dbc,c:\Windows\WinSxS\wow64_windows-system-user..ceassociation-winrt_31bf3856ad364e35_10.0.18362.1_none_0fe524d2f92875dd\Windows.System.UserDeviceAssociation.dll
Windows.System.UserDeviceAssociation.dll,64512,3,2568848622,2051-05-28T01:03:42.000Z,imports,rpcrt4.dll,CStdStubBuffer_QueryInterface,2d0cd4602efbac3fa6f91b1820106260,50e5f833d37464e6f5f27e06a6268383a2515d1e9106439bf823ae77cef39dbc,c:\Windows\WinSxS\wow64_windows-system-user..ceassociation-winrt_31bf3856ad364e35_10.0.18362.1_none_0fe524d2f92875dd\Windows.System.UserDeviceAssociation.dll
Windows.System.UserDeviceAssociation.dll,64512,3,2568848622,2051-05-28T01:03:42.000Z,imports,rpcrt4.dll,IUnknown_AddRef_Proxy,2d0cd4602efbac3fa6f91b1820106260,50e5f833d37464e6f5f27e06a6268383a2515d1e9106439bf823ae77cef39dbc,c:\Windows\WinSxS\wow64_windows-system-user..ceassociation-winrt_31bf3856ad364e35_10.0.18362.1_none_0fe524d2f92875dd\Windows.System.UserDeviceAssociation.dll
Windows.System.UserDeviceAssociation.dll,64512,3,2568848622,2051-05-28T01:03:42.000Z,imports,rpcrt4.dll,IUnknown_QueryInterface_Proxy,2d0cd4602efbac3fa6f91b1820106260,50e5f833d37464e6f5f27e06a6268383a2515d1e9106439bf823ae77cef39dbc,c:\Windows\WinSxS\wow64_windows-system-user..ceassociation-winrt_31bf3856ad364e35_10.0.18362.1_none_0fe524d2f92875dd\Windows.System.UserDeviceAssociation.dll
Windows.System.UserDeviceAssociation.dll,64512,3,2568848622,2051-05-28T01:03:42.000Z,imports,rpcrt4.dll,IUnknown_Release_Proxy,2d0cd4602efbac3fa6f91b1820106260,50e5f833d37464e6f5f27e06a6268383a2515d1e9106439bf823ae77cef39dbc,c:\Windows\WinSxS\wow64_windows-system-user..ceassociation-winrt_31bf3856ad364e35_10.0.18362.1_none_0fe524d2f92875dd\Windows.System.UserDeviceAssociation.dll
Windows.System.UserDeviceAssociation.dll,64512,3,2568848622,2051-05-28T01:03:42.000Z,imports,rpcrt4.dll,NdrCStdStubBuffer2_Release,2d0cd4602efbac3fa6f91b1820106260,50e5f833d37464e6f5f27e06a6268383a2515d1e9106439bf823ae77cef39dbc,c:\Windows\WinSxS\wow64_windows-system-user..ceassociation-winrt_31bf3856ad364e35_10.0.18362.1_none_0fe524d2f92875dd\Windows.System.UserDeviceAssociation.dll
Windows.System.UserDeviceAssociation.dll,64512,3,2568848622,2051-05-28T01:03:42.000Z,imports,rpcrt4.dll,NdrCStdStubBuffer_Release,2d0cd4602efbac3fa6f91b1820106260,50e5f833d37464e6f5f27e06a6268383a2515d1e9106439bf823ae77cef39dbc,c:\Windows\WinSxS\wow64_windows-system-user..ceassociation-winrt_31bf3856ad364e35_10.0.18362.1_none_0fe524d2f92875dd\Windows.System.UserDeviceAssociation.dll
Windows.System.UserDeviceAssociation.dll,64512,3,2568848622,2051-05-28T01:03:42.000Z,imports,rpcrt4.dll,NdrDllCanUnloadNow,2d0cd4602efbac3fa6f91b1820106260,50e5f833d37464e6f5f27e06a6268383a2515d1e9106439bf823ae77cef39dbc,c:\Windows\WinSxS\wow64_windows-system-user..ceassociation-winrt_31bf3856ad364e35_10.0.18362.1_none_0fe524d2f92875dd\Windows.System.UserDeviceAssociation.dll
Windows.System.UserDeviceAssociation.dll,64512,3,2568848622,2051-05-28T01:03:42.000Z,imports,rpcrt4.dll,NdrDllGetClassObject,2d0cd4602efbac3fa6f91b1820106260,50e5f833d37464e6f5f27e06a6268383a2515d1e9106439bf823ae77cef39dbc,c:\Windows\WinSxS\wow64_windows-system-user..ceassociation-winrt_31bf3856ad364e35_10.0.18362.1_none_0fe524d2f92875dd\Windows.System.UserDeviceAssociation.dll
Windows.System.UserDeviceAssociation.dll,64512,3,2568848622,2051-05-28T01:03:42.000Z,imports,rpcrt4.dll,NdrOleAllocate,2d0cd4602efbac3fa6f91b1820106260,50e5f833d37464e6f5f27e06a6268383a2515d1e9106439bf823ae77cef39dbc,c:\Windows\WinSxS\wow64_windows-system-user..ceassociation-winrt_31bf3856ad364e35_10.0.18362.1_none_0fe524d2f92875dd\Windows.System.UserDeviceAssociation.dll
Windows.System.UserDeviceAssociation.dll,64512,3,2568848622,2051-05-28T01:03:42.000Z,imports,rpcrt4.dll,NdrOleFree,2d0cd4602efbac3fa6f91b1820106260,50e5f833d37464e6f5f27e06a6268383a2515d1e9106439bf823ae77cef39dbc,c:\Windows\WinSxS\wow64_windows-system-user..ceassociation-winrt_31bf3856ad364e35_10.0.18362.1_none_0fe524d2f92875dd\Windows.System.UserDeviceAssociation.dll
Windows.System.UserDeviceAssociation.dll,64512,3,2568848622,2051-05-28T01:03:42.000Z,imports,rpcrt4.dll,NdrStubCall2,2d0cd4602efbac3fa6f91b1820106260,50e5f833d37464e6f5f27e06a6268383a2515d1e9106439bf823ae77cef39dbc,c:\Windows\WinSxS\wow64_windows-system-user..ceassociation-winrt_31bf3856ad364e35_10.0.18362.1_none_0fe524d2f92875dd\Windows.System.UserDeviceAssociation.dll
Windows.System.UserDeviceAssociation.dll,64512,3,2568848622,2051-05-28T01:03:42.000Z,imports,rpcrt4.dll,NdrStubForwardingFunction,2d0cd4602efbac3fa6f91b1820106260,50e5f833d37464e6f5f27e06a6268383a2515d1e9106439bf823ae77cef39dbc,c:\Windows\WinSxS\wow64_windows-system-user..ceassociation-winrt_31bf3856ad364e35_10.0.18362.1_none_0fe524d2f92875dd\Windows.System.UserDeviceAssociation.dll
Windows.System.UserDeviceAssociation.dll,64512,3,2568848622,2051-05-28T01:03:42.000Z,imports,api-ms-win-core-com-midlproxystub-l1-1-0.dll,CStdStubBuffer2_Connect,2d0cd4602efbac3fa6f91b1820106260,50e5f833d37464e6f5f27e06a6268383a2515d1e9106439bf823ae77cef39dbc,c:\Windows\WinSxS\wow64_windows-system-user..ceassociation-winrt_31bf3856ad364e35_10.0.18362.1_none_0fe524d2f92875dd\Windows.System.UserDeviceAssociation.dll
Windows.System.UserDeviceAssociation.dll,64512,3,2568848622,2051-05-28T01:03:42.000Z,imports,api-ms-win-core-com-midlproxystub-l1-1-0.dll,CStdStubBuffer2_CountRefs,2d0cd4602efbac3fa6f91b1820106260,50e5f833d37464e6f5f27e06a6268383a2515d1e9106439bf823ae77cef39dbc,c:\Windows\WinSxS\wow64_windows-system-user..ceassociation-winrt_31bf3856ad364e35_10.0.18362.1_none_0fe524d2f92875dd\Windows.System.UserDeviceAssociation.dll
Windows.System.UserDeviceAssociation.dll,64512,3,2568848622,2051-05-28T01:03:42.000Z,imports,api-ms-win-core-com-midlproxystub-l1-1-0.dll,CStdStubBuffer2_Disconnect,2d0cd4602efbac3fa6f91b1820106260,50e5f833d37464e6f5f27e06a6268383a2515d1e9106439bf823ae77cef39dbc,c:\Windows\WinSxS\wow64_windows-system-user..ceassociation-winrt_31bf3856ad364e35_10.0.18362.1_none_0fe524d2f92875dd\Windows.System.UserDeviceAssociation.dll
Windows.System.UserDeviceAssociation.dll,64512,3,2568848622,2051-05-28T01:03:42.000Z,imports,api-ms-win-core-com-midlproxystub-l1-1-0.dll,CStdStubBuffer2_QueryInterface,2d0cd4602efbac3fa6f91b1820106260,50e5f833d37464e6f5f27e06a6268383a2515d1e9106439bf823ae77cef39dbc,c:\Windows\WinSxS\wow64_windows-system-user..ceassociation-winrt_31bf3856ad364e35_10.0.18362.1_none_0fe524d2f92875dd\Windows.System.UserDeviceAssociation.dll
Windows.System.UserDeviceAssociation.dll,64512,3,2568848622,2051-05-28T01:03:42.000Z,imports,api-ms-win-core-com-midlproxystub-l1-1-0.dll,NdrProxyForwardingFunction3,2d0cd4602efbac3fa6f91b1820106260,50e5f833d37464e6f5f27e06a6268383a2515d1e9106439bf823ae77cef39dbc,c:\Windows\WinSxS\wow64_windows-system-user..ceassociation-winrt_31bf3856ad364e35_10.0.18362.1_none_0fe524d2f92875dd\Windows.System.UserDeviceAssociation.dll
Windows.System.UserDeviceAssociation.dll,64512,3,2568848622,2051-05-28T01:03:42.000Z,imports,api-ms-win-core-com-midlproxystub-l1-1-0.dll,NdrProxyForwardingFunction4,2d0cd4602efbac3fa6f91b1820106260,50e5f833d37464e6f5f27e06a6268383a2515d1e9106439bf823ae77cef39dbc,c:\Windows\WinSxS\wow64_windows-system-user..ceassociation-winrt_31bf3856ad364e35_10.0.18362.1_none_0fe524d2f92875dd\Windows.System.UserDeviceAssociation.dll
Windows.System.UserDeviceAssociation.dll,64512,3,2568848622,2051-05-28T01:03:42.000Z,imports,api-ms-win-core-com-midlproxystub-l1-1-0.dll,NdrProxyForwardingFunction5,2d0cd4602efbac3fa6f91b1820106260,50e5f833d37464e6f5f27e06a6268383a2515d1e9106439bf823ae77cef39dbc,c:\Windows\WinSxS\wow64_windows-system-user..ceassociation-winrt_31bf3856ad364e35_10.0.18362.1_none_0fe524d2f92875dd\Windows.System.UserDeviceAssociation.dll
Windows.System.UserDeviceAssociation.dll,64512,3,2568848622,2051-05-28T01:03:42.000Z,imports,api-ms-win-core-com-midlproxystub-l1-1-0.dll,ObjectStublessClient10,2d0cd4602efbac3fa6f91b1820106260,50e5f833d37464e6f5f27e06a6268383a2515d1e9106439bf823ae77cef39dbc,c:\Windows\WinSxS\wow64_windows-system-user..ceassociation-winrt_31bf3856ad364e35_10.0.18362.1_none_0fe524d2f92875dd\Windows.System.UserDeviceAssociation.dll
Windows.System.UserDeviceAssociation.dll,64512,3,2568848622,2051-05-28T01:03:42.000Z,imports,api-ms-win-core-com-midlproxystub-l1-1-0.dll,ObjectStublessClient3,2d0cd4602efbac3fa6f91b1820106260,50e5f833d37464e6f5f27e06a6268383a2515d1e9106439bf823ae77cef39dbc,c:\Windows\WinSxS\wow64_windows-system-user..ceassociation-winrt_31bf3856ad364e35_10.0.18362.1_none_0fe524d2f92875dd\Windows.System.UserDeviceAssociation.dll
Windows.System.UserDeviceAssociation.dll,64512,3,2568848622,2051-05-28T01:03:42.000Z,imports,api-ms-win-core-com-midlproxystub-l1-1-0.dll,ObjectStublessClient6,2d0cd4602efbac3fa6f91b1820106260,50e5f833d37464e6f5f27e06a6268383a2515d1e9106439bf823ae77cef39dbc,c:\Windows\WinSxS\wow64_windows-system-user..ceassociation-winrt_31bf3856ad364e35_10.0.18362.1_none_0fe524d2f92875dd\Windows.System.UserDeviceAssociation.dll
Windows.System.UserDeviceAssociation.dll,64512,3,2568848622,2051-05-28T01:03:42.000Z,imports,api-ms-win-core-com-midlproxystub-l1-1-0.dll,ObjectStublessClient7,2d0cd4602efbac3fa6f91b1820106260,50e5f833d37464e6f5f27e06a6268383a2515d1e9106439bf823ae77cef39dbc,c:\Windows\WinSxS\wow64_windows-system-user..ceassociation-winrt_31bf3856ad364e35_10.0.18362.1_none_0fe524d2f92875dd\Windows.System.UserDeviceAssociation.dll
Windows.System.UserDeviceAssociation.dll,64512,3,2568848622,2051-05-28T01:03:42.000Z,imports,api-ms-win-core-com-midlproxystub-l1-1-0.dll,ObjectStublessClient8,2d0cd4602efbac3fa6f91b1820106260,50e5f833d37464e6f5f27e06a6268383a2515d1e9106439bf823ae77cef39dbc,c:\Windows\WinSxS\wow64_windows-system-user..ceassociation-winrt_31bf3856ad364e35_10.0.18362.1_none_0fe524d2f92875dd\Windows.System.UserDeviceAssociation.dll
Windows.System.UserDeviceAssociation.dll,64512,3,2568848622,2051-05-28T01:03:42.000Z,imports,api-ms-win-core-com-midlproxystub-l1-1-0.dll,ObjectStublessClient9,2d0cd4602efbac3fa6f91b1820106260,50e5f833d37464e6f5f27e06a6268383a2515d1e9106439bf823ae77cef39dbc,c:\Windows\WinSxS\wow64_windows-system-user..ceassociation-winrt_31bf3856ad364e35_10.0.18362.1_none_0fe524d2f92875dd\Windows.System.UserDeviceAssociation.dll
Windows.System.UserDeviceAssociation.dll,64512,3,2568848622,2051-05-28T01:03:42.000Z,imports,api-ms-win-core-debug-l1-1-0.dll,DebugBreak,2d0cd4602efbac3fa6f91b1820106260,50e5f833d37464e6f5f27e06a6268383a2515d1e9106439bf823ae77cef39dbc,c:\Windows\WinSxS\wow64_windows-system-user..ceassociation-winrt_31bf3856ad364e35_10.0.18362.1_none_0fe524d2f92875dd\Windows.System.UserDeviceAssociation.dll
Windows.System.UserDeviceAssociation.dll,64512,3,2568848622,2051-05-28T01:03:42.000Z,imports,api-ms-win-core-debug-l1-1-0.dll,IsDebuggerPresent,2d0cd4602efbac3fa6f91b1820106260,50e5f833d37464e6f5f27e06a6268383a2515d1e9106439bf823ae77cef39dbc,c:\Windows\WinSxS\wow64_windows-system-user..ceassociation-winrt_31bf3856ad364e35_10.0.18362.1_none_0fe524d2f92875dd\Windows.System.UserDeviceAssociation.dll
Windows.System.UserDeviceAssociation.dll,64512,3,2568848622,2051-05-28T01:03:42.000Z,imports,api-ms-win-core-debug-l1-1-0.dll,OutputDebugStringW,2d0cd4602efbac3fa6f91b1820106260,50e5f833d37464e6f5f27e06a6268383a2515d1e9106439bf823ae77cef39dbc,c:\Windows\WinSxS\wow64_windows-system-user..ceassociation-winrt_31bf3856ad364e35_10.0.18362.1_none_0fe524d2f92875dd\Windows.System.UserDeviceAssociation.dll
Windows.System.UserDeviceAssociation.dll,64512,3,2568848622,2051-05-28T01:03:42.000Z,imports,api-ms-win-core-localization-l1-2-0.dll,FormatMessageW,2d0cd4602efbac3fa6f91b1820106260,50e5f833d37464e6f5f27e06a6268383a2515d1e9106439bf823ae77cef39dbc,c:\Windows\WinSxS\wow64_windows-system-user..ceassociation-winrt_31bf3856ad364e35_10.0.18362.1_none_0fe524d2f92875dd\Windows.System.UserDeviceAssociation.dll
Windows.System.UserDeviceAssociation.dll,64512,3,2568848622,2051-05-28T01:03:42.000Z,imports,api-ms-win-core-winrt-l1-1-0.dll,RoGetActivationFactory,2d0cd4602efbac3fa6f91b1820106260,50e5f833d37464e6f5f27e06a6268383a2515d1e9106439bf823ae77cef39dbc,c:\Windows\WinSxS\wow64_windows-system-user..ceassociation-winrt_31bf3856ad364e35_10.0.18362.1_none_0fe524d2f92875dd\Windows.System.UserDeviceAssociation.dll
Windows.System.UserDeviceAssociation.dll,64512,3,2568848622,2051-05-28T01:03:42.000Z,imports,api-ms-win-core-com-l1-1-0.dll,CoCreateFreeThreadedMarshaler,2d0cd4602efbac3fa6f91b1820106260,50e5f833d37464e6f5f27e06a6268383a2515d1e9106439bf823ae77cef39dbc,c:\Windows\WinSxS\wow64_windows-system-user..ceassociation-winrt_31bf3856ad364e35_10.0.18362.1_none_0fe524d2f92875dd\Windows.System.UserDeviceAssociation.dll
Windows.System.UserDeviceAssociation.dll,64512,3,2568848622,2051-05-28T01:03:42.000Z,imports,api-ms-win-core-com-l1-1-0.dll,CoTaskMemAlloc,2d0cd4602efbac3fa6f91b1820106260,50e5f833d37464e6f5f27e06a6268383a2515d1e9106439bf823ae77cef39dbc,c:\Windows\WinSxS\wow64_windows-system-user..ceassociation-winrt_31bf3856ad364e35_10.0.18362.1_none_0fe524d2f92875dd\Windows.System.UserDeviceAssociation.dll
Windows.System.UserDeviceAssociation.dll,64512,3,2568848622,2051-05-28T01:03:42.000Z,imports,api-ms-win-core-com-l1-1-1.dll,RoGetAgileReference,2d0cd4602efbac3fa6f91b1820106260,50e5f833d37464e6f5f27e06a6268383a2515d1e9106439bf823ae77cef39dbc,c:\Windows\WinSxS\wow64_windows-system-user..ceassociation-winrt_31bf3856ad364e35_10.0.18362.1_none_0fe524d2f92875dd\Windows.System.UserDeviceAssociation.dll
Windows.System.UserDeviceAssociation.dll,64512,3,2568848622,2051-05-28T01:03:42.000Z,imports,api-ms-win-core-handle-l1-1-0.dll,CloseHandle,2d0cd4602efbac3fa6f91b1820106260,50e5f833d37464e6f5f27e06a6268383a2515d1e9106439bf823ae77cef39dbc,c:\Windows\WinSxS\wow64_windows-system-user..ceassociation-winrt_31bf3856ad364e35_10.0.18362.1_none_0fe524d2f92875dd\Windows.System.UserDeviceAssociation.dll
Windows.System.UserDeviceAssociation.dll,64512,3,2568848622,2051-05-28T01:03:42.000Z,imports,api-ms-win-core-winrt-error-l1-1-1.dll,IsErrorPropagationEnabled,2d0cd4602efbac3fa6f91b1820106260,50e5f833d37464e6f5f27e06a6268383a2515d1e9106439bf823ae77cef39dbc,c:\Windows\WinSxS\wow64_windows-system-user..ceassociation-winrt_31bf3856ad364e35_10.0.18362.1_none_0fe524d2f92875dd\Windows.System.UserDeviceAssociation.dll
Windows.System.UserDeviceAssociation.dll,64512,3,2568848622,2051-05-28T01:03:42.000Z,imports,api-ms-win-core-winrt-error-l1-1-1.dll,RoGetMatchingRestrictedErrorInfo,2d0cd4602efbac3fa6f91b1820106260,50e5f833d37464e6f5f27e06a6268383a2515d1e9106439bf823ae77cef39dbc,c:\Windows\WinSxS\wow64_windows-system-user..ceassociation-winrt_31bf3856ad364e35_10.0.18362.1_none_0fe524d2f92875dd\Windows.System.UserDeviceAssociation.dll
Windows.System.UserDeviceAssociation.dll,64512,3,2568848622,2051-05-28T01:03:42.000Z,imports,api-ms-win-core-winrt-error-l1-1-1.dll,RoReportFailedDelegate,2d0cd4602efbac3fa6f91b1820106260,50e5f833d37464e6f5f27e06a6268383a2515d1e9106439bf823ae77cef39dbc,c:\Windows\WinSxS\wow64_windows-system-user..ceassociation-winrt_31bf3856ad364e35_10.0.18362.1_none_0fe524d2f92875dd\Windows.System.UserDeviceAssociation.dll
Windows.System.UserDeviceAssociation.dll,64512,3,2568848622,2051-05-28T01:03:42.000Z,imports,api-ms-win-core-libraryloader-l1-2-0.dll,GetModuleFileNameA,2d0cd4602efbac3fa6f91b1820106260,50e5f833d37464e6f5f27e06a6268383a2515d1e9106439bf823ae77cef39dbc,c:\Windows\WinSxS\wow64_windows-system-user..ceassociation-winrt_31bf3856ad364e35_10.0.18362.1_none_0fe524d2f92875dd\Windows.System.UserDeviceAssociation.dll
Windows.System.UserDeviceAssociation.dll,64512,3,2568848622,2051-05-28T01:03:42.000Z,imports,api-ms-win-core-libraryloader-l1-2-0.dll,GetModuleHandleExW,2d0cd4602efbac3fa6f91b1820106260,50e5f833d37464e6f5f27e06a6268383a2515d1e9106439bf823ae77cef39dbc,c:\Windows\WinSxS\wow64_windows-system-user..ceassociation-winrt_31bf3856ad364e35_10.0.18362.1_none_0fe524d2f92875dd\Windows.System.UserDeviceAssociation.dll
Windows.System.UserDeviceAssociation.dll,64512,3,2568848622,2051-05-28T01:03:42.000Z,imports,api-ms-win-core-libraryloader-l1-2-0.dll,GetModuleHandleW,2d0cd4602efbac3fa6f91b1820106260,50e5f833d37464e6f5f27e06a6268383a2515d1e9106439bf823ae77cef39dbc,c:\Windows\WinSxS\wow64_windows-system-user..ceassociation-winrt_31bf3856ad364e35_10.0.18362.1_none_0fe524d2f92875dd\Windows.System.UserDeviceAssociation.dll
Windows.System.UserDeviceAssociation.dll,64512,3,2568848622,2051-05-28T01:03:42.000Z,imports,api-ms-win-core-libraryloader-l1-2-0.dll,GetProcAddress,2d0cd4602efbac3fa6f91b1820106260,50e5f833d37464e6f5f27e06a6268383a2515d1e9106439bf823ae77cef39dbc,c:\Windows\WinSxS\wow64_windows-system-user..ceassociation-winrt_31bf3856ad364e35_10.0.18362.1_none_0fe524d2f92875dd\Windows.System.UserDeviceAssociation.dll
Windows.System.UserDeviceAssociation.dll,64512,3,2568848622,2051-05-28T01:03:42.000Z,imports,api-ms-win-core-heap-l1-1-0.dll,GetProcessHeap,2d0cd4602efbac3fa6f91b1820106260,50e5f833d37464e6f5f27e06a6268383a2515d1e9106439bf823ae77cef39dbc,c:\Windows\WinSxS\wow64_windows-system-user..ceassociation-winrt_31bf3856ad364e35_10.0.18362.1_none_0fe524d2f92875dd\Windows.System.UserDeviceAssociation.dll
Windows.System.UserDeviceAssociation.dll,64512,3,2568848622,2051-05-28T01:03:42.000Z,imports,api-ms-win-core-heap-l1-1-0.dll,HeapAlloc,2d0cd4602efbac3fa6f91b1820106260,50e5f833d37464e6f5f27e06a6268383a2515d1e9106439bf823ae77cef39dbc,c:\Windows\WinSxS\wow64_windows-system-user..ceassociation-winrt_31bf3856ad364e35_10.0.18362.1_none_0fe524d2f92875dd\Windows.System.UserDeviceAssociation.dll
Windows.System.UserDeviceAssociation.dll,64512,3,2568848622,2051-05-28T01:03:42.000Z,imports,api-ms-win-core-heap-l1-1-0.dll,HeapFree,2d0cd4602efbac3fa6f91b1820106260,50e5f833d37464e6f5f27e06a6268383a2515d1e9106439bf823ae77cef39dbc,c:\Windows\WinSxS\wow64_windows-system-user..ceassociation-winrt_31bf3856ad364e35_10.0.18362.1_none_0fe524d2f92875dd\Windows.System.UserDeviceAssociation.dll
Windows.System.UserDeviceAssociation.dll,64512,3,2568848622,2051-05-28T01:03:42.000Z,imports,api-ms-win-appmodel-runtime-l1-1-0.dll,GetCurrentPackageFullName,2d0cd4602efbac3fa6f91b1820106260,50e5f833d37464e6f5f27e06a6268383a2515d1e9106439bf823ae77cef39dbc,c:\Windows\WinSxS\wow64_windows-system-user..ceassociation-winrt_31bf3856ad364e35_10.0.18362.1_none_0fe524d2f92875dd\Windows.System.UserDeviceAssociation.dll
Windows.System.UserDeviceAssociation.dll,64512,3,2568848622,2051-05-28T01:03:42.000Z,exports,Windows.System.UserDeviceAssociation.dll,DllCanUnloadNow,2d0cd4602efbac3fa6f91b1820106260,50e5f833d37464e6f5f27e06a6268383a2515d1e9106439bf823ae77cef39dbc,c:\Windows\WinSxS\wow64_windows-system-user..ceassociation-winrt_31bf3856ad364e35_10.0.18362.1_none_0fe524d2f92875dd\Windows.System.UserDeviceAssociation.dll
Windows.System.UserDeviceAssociation.dll,64512,3,2568848622,2051-05-28T01:03:42.000Z,exports,Windows.System.UserDeviceAssociation.dll,DllGetActivationFactory,2d0cd4602efbac3fa6f91b1820106260,50e5f833d37464e6f5f27e06a6268383a2515d1e9106439bf823ae77cef39dbc,c:\Windows\WinSxS\wow64_windows-system-user..ceassociation-winrt_31bf3856ad364e35_10.0.18362.1_none_0fe524d2f92875dd\Windows.System.UserDeviceAssociation.dll
Windows.System.UserDeviceAssociation.dll,64512,3,2568848622,2051-05-28T01:03:42.000Z,exports,Windows.System.UserDeviceAssociation.dll,DllGetClassObject,2d0cd4602efbac3fa6f91b1820106260,50e5f833d37464e6f5f27e06a6268383a2515d1e9106439bf823ae77cef39dbc,c:\Windows\WinSxS\wow64_windows-system-user..ceassociation-winrt_31bf3856ad364e35_10.0.18362.1_none_0fe524d2f92875dd\Windows.System.UserDeviceAssociation.dll
