wscui.cpl,67072,2,3427254126,2078-08-09T07:02:06.000Z,imports,msvcrt.dll,??0exception@@QAE@ABQBD@Z,4b2a726ebf3f25a6760c2e39fa0a4f4d,9f7823fad04b9c830b156854b9ff1a17a67ddaf5569b915ec8bf586bf0c1bffa,c:\Windows\WinSxS\wow64_microsoft-windows-s..center-controlpanel_31bf3856ad364e35_10.0.18362.1_none_24317edfb55e66e6\wscui.cpl
wscui.cpl,67072,2,3427254126,2078-08-09T07:02:06.000Z,imports,msvcrt.dll,??0exception@@QAE@ABQBDH@Z,4b2a726ebf3f25a6760c2e39fa0a4f4d,9f7823fad04b9c830b156854b9ff1a17a67ddaf5569b915ec8bf586bf0c1bffa,c:\Windows\WinSxS\wow64_microsoft-windows-s..center-controlpanel_31bf3856ad364e35_10.0.18362.1_none_24317edfb55e66e6\wscui.cpl
wscui.cpl,67072,2,3427254126,2078-08-09T07:02:06.000Z,imports,msvcrt.dll,??0exception@@QAE@ABV0@@Z,4b2a726ebf3f25a6760c2e39fa0a4f4d,9f7823fad04b9c830b156854b9ff1a17a67ddaf5569b915ec8bf586bf0c1bffa,c:\Windows\WinSxS\wow64_microsoft-windows-s..center-controlpanel_31bf3856ad364e35_10.0.18362.1_none_24317edfb55e66e6\wscui.cpl
wscui.cpl,67072,2,3427254126,2078-08-09T07:02:06.000Z,imports,msvcrt.dll,??1exception@@UAE@XZ,4b2a726ebf3f25a6760c2e39fa0a4f4d,9f7823fad04b9c830b156854b9ff1a17a67ddaf5569b915ec8bf586bf0c1bffa,c:\Windows\WinSxS\wow64_microsoft-windows-s..center-controlpanel_31bf3856ad364e35_10.0.18362.1_none_24317edfb55e66e6\wscui.cpl
wscui.cpl,67072,2,3427254126,2078-08-09T07:02:06.000Z,imports,msvcrt.dll,??1type_info@@UAE@XZ,4b2a726ebf3f25a6760c2e39fa0a4f4d,9f7823fad04b9c830b156854b9ff1a17a67ddaf5569b915ec8bf586bf0c1bffa,c:\Windows\WinSxS\wow64_microsoft-windows-s..center-controlpanel_31bf3856ad364e35_10.0.18362.1_none_24317edfb55e66e6\wscui.cpl
wscui.cpl,67072,2,3427254126,2078-08-09T07:02:06.000Z,imports,msvcrt.dll,??3@YAXPAX@Z,4b2a726ebf3f25a6760c2e39fa0a4f4d,9f7823fad04b9c830b156854b9ff1a17a67ddaf5569b915ec8bf586bf0c1bffa,c:\Windows\WinSxS\wow64_microsoft-windows-s..center-controlpanel_31bf3856ad364e35_10.0.18362.1_none_24317edfb55e66e6\wscui.cpl
wscui.cpl,67072,2,3427254126,2078-08-09T07:02:06.000Z,imports,msvcrt.dll,??_V@YAXPAX@Z,4b2a726ebf3f25a6760c2e39fa0a4f4d,9f7823fad04b9c830b156854b9ff1a17a67ddaf5569b915ec8bf586bf0c1bffa,c:\Windows\WinSxS\wow64_microsoft-windows-s..center-controlpanel_31bf3856ad364e35_10.0.18362.1_none_24317edfb55e66e6\wscui.cpl
wscui.cpl,67072,2,3427254126,2078-08-09T07:02:06.000Z,imports,msvcrt.dll,?terminate@@YAXXZ,4b2a726ebf3f25a6760c2e39fa0a4f4d,9f7823fad04b9c830b156854b9ff1a17a67ddaf5569b915ec8bf586bf0c1bffa,c:\Windows\WinSxS\wow64_microsoft-windows-s..center-controlpanel_31bf3856ad364e35_10.0.18362.1_none_24317edfb55e66e6\wscui.cpl
wscui.cpl,67072,2,3427254126,2078-08-09T07:02:06.000Z,imports,msvcrt.dll,?what@exception@@UBEPBDXZ,4b2a726ebf3f25a6760c2e39fa0a4f4d,9f7823fad04b9c830b156854b9ff1a17a67ddaf5569b915ec8bf586bf0c1bffa,c:\Windows\WinSxS\wow64_microsoft-windows-s..center-controlpanel_31bf3856ad364e35_10.0.18362.1_none_24317edfb55e66e6\wscui.cpl
wscui.cpl,67072,2,3427254126,2078-08-09T07:02:06.000Z,imports,msvcrt.dll,_CxxThrowException,4b2a726ebf3f25a6760c2e39fa0a4f4d,9f7823fad04b9c830b156854b9ff1a17a67ddaf5569b915ec8bf586bf0c1bffa,c:\Windows\WinSxS\wow64_microsoft-windows-s..center-controlpanel_31bf3856ad364e35_10.0.18362.1_none_24317edfb55e66e6\wscui.cpl
wscui.cpl,67072,2,3427254126,2078-08-09T07:02:06.000Z,imports,msvcrt.dll,_XcptFilter,4b2a726ebf3f25a6760c2e39fa0a4f4d,9f7823fad04b9c830b156854b9ff1a17a67ddaf5569b915ec8bf586bf0c1bffa,c:\Windows\WinSxS\wow64_microsoft-windows-s..center-controlpanel_31bf3856ad364e35_10.0.18362.1_none_24317edfb55e66e6\wscui.cpl
wscui.cpl,67072,2,3427254126,2078-08-09T07:02:06.000Z,imports,msvcrt.dll,__CxxFrameHandler3,4b2a726ebf3f25a6760c2e39fa0a4f4d,9f7823fad04b9c830b156854b9ff1a17a67ddaf5569b915ec8bf586bf0c1bffa,c:\Windows\WinSxS\wow64_microsoft-windows-s..center-controlpanel_31bf3856ad364e35_10.0.18362.1_none_24317edfb55e66e6\wscui.cpl
wscui.cpl,67072,2,3427254126,2078-08-09T07:02:06.000Z,imports,msvcrt.dll,__dllonexit,4b2a726ebf3f25a6760c2e39fa0a4f4d,9f7823fad04b9c830b156854b9ff1a17a67ddaf5569b915ec8bf586bf0c1bffa,c:\Windows\WinSxS\wow64_microsoft-windows-s..center-controlpanel_31bf3856ad364e35_10.0.18362.1_none_24317edfb55e66e6\wscui.cpl
wscui.cpl,67072,2,3427254126,2078-08-09T07:02:06.000Z,imports,msvcrt.dll,_amsg_exit,4b2a726ebf3f25a6760c2e39fa0a4f4d,9f7823fad04b9c830b156854b9ff1a17a67ddaf5569b915ec8bf586bf0c1bffa,c:\Windows\WinSxS\wow64_microsoft-windows-s..center-controlpanel_31bf3856ad364e35_10.0.18362.1_none_24317edfb55e66e6\wscui.cpl
wscui.cpl,67072,2,3427254126,2078-08-09T07:02:06.000Z,imports,msvcrt.dll,_callnewh,4b2a726ebf3f25a6760c2e39fa0a4f4d,9f7823fad04b9c830b156854b9ff1a17a67ddaf5569b915ec8bf586bf0c1bffa,c:\Windows\WinSxS\wow64_microsoft-windows-s..center-controlpanel_31bf3856ad364e35_10.0.18362.1_none_24317edfb55e66e6\wscui.cpl
wscui.cpl,67072,2,3427254126,2078-08-09T07:02:06.000Z,imports,msvcrt.dll,_except_handler4_common,4b2a726ebf3f25a6760c2e39fa0a4f4d,9f7823fad04b9c830b156854b9ff1a17a67ddaf5569b915ec8bf586bf0c1bffa,c:\Windows\WinSxS\wow64_microsoft-windows-s..center-controlpanel_31bf3856ad364e35_10.0.18362.1_none_24317edfb55e66e6\wscui.cpl
wscui.cpl,67072,2,3427254126,2078-08-09T07:02:06.000Z,imports,msvcrt.dll,_initterm,4b2a726ebf3f25a6760c2e39fa0a4f4d,9f7823fad04b9c830b156854b9ff1a17a67ddaf5569b915ec8bf586bf0c1bffa,c:\Windows\WinSxS\wow64_microsoft-windows-s..center-controlpanel_31bf3856ad364e35_10.0.18362.1_none_24317edfb55e66e6\wscui.cpl
wscui.cpl,67072,2,3427254126,2078-08-09T07:02:06.000Z,imports,msvcrt.dll,_lock,4b2a726ebf3f25a6760c2e39fa0a4f4d,9f7823fad04b9c830b156854b9ff1a17a67ddaf5569b915ec8bf586bf0c1bffa,c:\Windows\WinSxS\wow64_microsoft-windows-s..center-controlpanel_31bf3856ad364e35_10.0.18362.1_none_24317edfb55e66e6\wscui.cpl
wscui.cpl,67072,2,3427254126,2078-08-09T07:02:06.000Z,imports,msvcrt.dll,_onexit,4b2a726ebf3f25a6760c2e39fa0a4f4d,9f7823fad04b9c830b156854b9ff1a17a67ddaf5569b915ec8bf586bf0c1bffa,c:\Windows\WinSxS\wow64_microsoft-windows-s..center-controlpanel_31bf3856ad364e35_10.0.18362.1_none_24317edfb55e66e6\wscui.cpl
wscui.cpl,67072,2,3427254126,2078-08-09T07:02:06.000Z,imports,msvcrt.dll,_purecall,4b2a726ebf3f25a6760c2e39fa0a4f4d,9f7823fad04b9c830b156854b9ff1a17a67ddaf5569b915ec8bf586bf0c1bffa,c:\Windows\WinSxS\wow64_microsoft-windows-s..center-controlpanel_31bf3856ad364e35_10.0.18362.1_none_24317edfb55e66e6\wscui.cpl
wscui.cpl,67072,2,3427254126,2078-08-09T07:02:06.000Z,imports,msvcrt.dll,_unlock,4b2a726ebf3f25a6760c2e39fa0a4f4d,9f7823fad04b9c830b156854b9ff1a17a67ddaf5569b915ec8bf586bf0c1bffa,c:\Windows\WinSxS\wow64_microsoft-windows-s..center-controlpanel_31bf3856ad364e35_10.0.18362.1_none_24317edfb55e66e6\wscui.cpl
wscui.cpl,67072,2,3427254126,2078-08-09T07:02:06.000Z,imports,msvcrt.dll,_vsnwprintf,4b2a726ebf3f25a6760c2e39fa0a4f4d,9f7823fad04b9c830b156854b9ff1a17a67ddaf5569b915ec8bf586bf0c1bffa,c:\Windows\WinSxS\wow64_microsoft-windows-s..center-controlpanel_31bf3856ad364e35_10.0.18362.1_none_24317edfb55e66e6\wscui.cpl
wscui.cpl,67072,2,3427254126,2078-08-09T07:02:06.000Z,imports,msvcrt.dll,_wcsicmp,4b2a726ebf3f25a6760c2e39fa0a4f4d,9f7823fad04b9c830b156854b9ff1a17a67ddaf5569b915ec8bf586bf0c1bffa,c:\Windows\WinSxS\wow64_microsoft-windows-s..center-controlpanel_31bf3856ad364e35_10.0.18362.1_none_24317edfb55e66e6\wscui.cpl
wscui.cpl,67072,2,3427254126,2078-08-09T07:02:06.000Z,imports,msvcrt.dll,_wtoi,4b2a726ebf3f25a6760c2e39fa0a4f4d,9f7823fad04b9c830b156854b9ff1a17a67ddaf5569b915ec8bf586bf0c1bffa,c:\Windows\WinSxS\wow64_microsoft-windows-s..center-controlpanel_31bf3856ad364e35_10.0.18362.1_none_24317edfb55e66e6\wscui.cpl
wscui.cpl,67072,2,3427254126,2078-08-09T07:02:06.000Z,imports,msvcrt.dll,free,4b2a726ebf3f25a6760c2e39fa0a4f4d,9f7823fad04b9c830b156854b9ff1a17a67ddaf5569b915ec8bf586bf0c1bffa,c:\Windows\WinSxS\wow64_microsoft-windows-s..center-controlpanel_31bf3856ad364e35_10.0.18362.1_none_24317edfb55e66e6\wscui.cpl
wscui.cpl,67072,2,3427254126,2078-08-09T07:02:06.000Z,imports,msvcrt.dll,malloc,4b2a726ebf3f25a6760c2e39fa0a4f4d,9f7823fad04b9c830b156854b9ff1a17a67ddaf5569b915ec8bf586bf0c1bffa,c:\Windows\WinSxS\wow64_microsoft-windows-s..center-controlpanel_31bf3856ad364e35_10.0.18362.1_none_24317edfb55e66e6\wscui.cpl
wscui.cpl,67072,2,3427254126,2078-08-09T07:02:06.000Z,imports,msvcrt.dll,memcmp,4b2a726ebf3f25a6760c2e39fa0a4f4d,9f7823fad04b9c830b156854b9ff1a17a67ddaf5569b915ec8bf586bf0c1bffa,c:\Windows\WinSxS\wow64_microsoft-windows-s..center-controlpanel_31bf3856ad364e35_10.0.18362.1_none_24317edfb55e66e6\wscui.cpl
wscui.cpl,67072,2,3427254126,2078-08-09T07:02:06.000Z,imports,msvcrt.dll,memcpy,4b2a726ebf3f25a6760c2e39fa0a4f4d,9f7823fad04b9c830b156854b9ff1a17a67ddaf5569b915ec8bf586bf0c1bffa,c:\Windows\WinSxS\wow64_microsoft-windows-s..center-controlpanel_31bf3856ad364e35_10.0.18362.1_none_24317edfb55e66e6\wscui.cpl
wscui.cpl,67072,2,3427254126,2078-08-09T07:02:06.000Z,imports,msvcrt.dll,memcpy_s,4b2a726ebf3f25a6760c2e39fa0a4f4d,9f7823fad04b9c830b156854b9ff1a17a67ddaf5569b915ec8bf586bf0c1bffa,c:\Windows\WinSxS\wow64_microsoft-windows-s..center-controlpanel_31bf3856ad364e35_10.0.18362.1_none_24317edfb55e66e6\wscui.cpl
wscui.cpl,67072,2,3427254126,2078-08-09T07:02:06.000Z,imports,msvcrt.dll,memmove,4b2a726ebf3f25a6760c2e39fa0a4f4d,9f7823fad04b9c830b156854b9ff1a17a67ddaf5569b915ec8bf586bf0c1bffa,c:\Windows\WinSxS\wow64_microsoft-windows-s..center-controlpanel_31bf3856ad364e35_10.0.18362.1_none_24317edfb55e66e6\wscui.cpl
wscui.cpl,67072,2,3427254126,2078-08-09T07:02:06.000Z,imports,msvcrt.dll,memmove_s,4b2a726ebf3f25a6760c2e39fa0a4f4d,9f7823fad04b9c830b156854b9ff1a17a67ddaf5569b915ec8bf586bf0c1bffa,c:\Windows\WinSxS\wow64_microsoft-windows-s..center-controlpanel_31bf3856ad364e35_10.0.18362.1_none_24317edfb55e66e6\wscui.cpl
wscui.cpl,67072,2,3427254126,2078-08-09T07:02:06.000Z,imports,msvcrt.dll,memset,4b2a726ebf3f25a6760c2e39fa0a4f4d,9f7823fad04b9c830b156854b9ff1a17a67ddaf5569b915ec8bf586bf0c1bffa,c:\Windows\WinSxS\wow64_microsoft-windows-s..center-controlpanel_31bf3856ad364e35_10.0.18362.1_none_24317edfb55e66e6\wscui.cpl
wscui.cpl,67072,2,3427254126,2078-08-09T07:02:06.000Z,imports,msvcrt.dll,wcsstr,4b2a726ebf3f25a6760c2e39fa0a4f4d,9f7823fad04b9c830b156854b9ff1a17a67ddaf5569b915ec8bf586bf0c1bffa,c:\Windows\WinSxS\wow64_microsoft-windows-s..center-controlpanel_31bf3856ad364e35_10.0.18362.1_none_24317edfb55e66e6\wscui.cpl
wscui.cpl,67072,2,3427254126,2078-08-09T07:02:06.000Z,imports,ntdll.dll,EtwEventRegister,4b2a726ebf3f25a6760c2e39fa0a4f4d,9f7823fad04b9c830b156854b9ff1a17a67ddaf5569b915ec8bf586bf0c1bffa,c:\Windows\WinSxS\wow64_microsoft-windows-s..center-controlpanel_31bf3856ad364e35_10.0.18362.1_none_24317edfb55e66e6\wscui.cpl
wscui.cpl,67072,2,3427254126,2078-08-09T07:02:06.000Z,imports,ntdll.dll,EtwEventUnregister,4b2a726ebf3f25a6760c2e39fa0a4f4d,9f7823fad04b9c830b156854b9ff1a17a67ddaf5569b915ec8bf586bf0c1bffa,c:\Windows\WinSxS\wow64_microsoft-windows-s..center-controlpanel_31bf3856ad364e35_10.0.18362.1_none_24317edfb55e66e6\wscui.cpl
wscui.cpl,67072,2,3427254126,2078-08-09T07:02:06.000Z,imports,ntdll.dll,EtwEventWrite,4b2a726ebf3f25a6760c2e39fa0a4f4d,9f7823fad04b9c830b156854b9ff1a17a67ddaf5569b915ec8bf586bf0c1bffa,c:\Windows\WinSxS\wow64_microsoft-windows-s..center-controlpanel_31bf3856ad364e35_10.0.18362.1_none_24317edfb55e66e6\wscui.cpl
wscui.cpl,67072,2,3427254126,2078-08-09T07:02:06.000Z,imports,ntdll.dll,EtwGetTraceEnableFlags,4b2a726ebf3f25a6760c2e39fa0a4f4d,9f7823fad04b9c830b156854b9ff1a17a67ddaf5569b915ec8bf586bf0c1bffa,c:\Windows\WinSxS\wow64_microsoft-windows-s..center-controlpanel_31bf3856ad364e35_10.0.18362.1_none_24317edfb55e66e6\wscui.cpl
wscui.cpl,67072,2,3427254126,2078-08-09T07:02:06.000Z,imports,ntdll.dll,EtwGetTraceEnableLevel,4b2a726ebf3f25a6760c2e39fa0a4f4d,9f7823fad04b9c830b156854b9ff1a17a67ddaf5569b915ec8bf586bf0c1bffa,c:\Windows\WinSxS\wow64_microsoft-windows-s..center-controlpanel_31bf3856ad364e35_10.0.18362.1_none_24317edfb55e66e6\wscui.cpl
wscui.cpl,67072,2,3427254126,2078-08-09T07:02:06.000Z,imports,ntdll.dll,EtwGetTraceLoggerHandle,4b2a726ebf3f25a6760c2e39fa0a4f4d,9f7823fad04b9c830b156854b9ff1a17a67ddaf5569b915ec8bf586bf0c1bffa,c:\Windows\WinSxS\wow64_microsoft-windows-s..center-controlpanel_31bf3856ad364e35_10.0.18362.1_none_24317edfb55e66e6\wscui.cpl
wscui.cpl,67072,2,3427254126,2078-08-09T07:02:06.000Z,imports,ntdll.dll,EtwRegisterTraceGuidsW,4b2a726ebf3f25a6760c2e39fa0a4f4d,9f7823fad04b9c830b156854b9ff1a17a67ddaf5569b915ec8bf586bf0c1bffa,c:\Windows\WinSxS\wow64_microsoft-windows-s..center-controlpanel_31bf3856ad364e35_10.0.18362.1_none_24317edfb55e66e6\wscui.cpl
wscui.cpl,67072,2,3427254126,2078-08-09T07:02:06.000Z,imports,ntdll.dll,EtwTraceMessage,4b2a726ebf3f25a6760c2e39fa0a4f4d,9f7823fad04b9c830b156854b9ff1a17a67ddaf5569b915ec8bf586bf0c1bffa,c:\Windows\WinSxS\wow64_microsoft-windows-s..center-controlpanel_31bf3856ad364e35_10.0.18362.1_none_24317edfb55e66e6\wscui.cpl
wscui.cpl,67072,2,3427254126,2078-08-09T07:02:06.000Z,imports,ntdll.dll,EtwUnregisterTraceGuids,4b2a726ebf3f25a6760c2e39fa0a4f4d,9f7823fad04b9c830b156854b9ff1a17a67ddaf5569b915ec8bf586bf0c1bffa,c:\Windows\WinSxS\wow64_microsoft-windows-s..center-controlpanel_31bf3856ad364e35_10.0.18362.1_none_24317edfb55e66e6\wscui.cpl
wscui.cpl,67072,2,3427254126,2078-08-09T07:02:06.000Z,imports,ntdll.dll,WinSqmAddToStream,4b2a726ebf3f25a6760c2e39fa0a4f4d,9f7823fad04b9c830b156854b9ff1a17a67ddaf5569b915ec8bf586bf0c1bffa,c:\Windows\WinSxS\wow64_microsoft-windows-s..center-controlpanel_31bf3856ad364e35_10.0.18362.1_none_24317edfb55e66e6\wscui.cpl
wscui.cpl,67072,2,3427254126,2078-08-09T07:02:06.000Z,imports,ntdll.dll,WinSqmAddToStreamEx,4b2a726ebf3f25a6760c2e39fa0a4f4d,9f7823fad04b9c830b156854b9ff1a17a67ddaf5569b915ec8bf586bf0c1bffa,c:\Windows\WinSxS\wow64_microsoft-windows-s..center-controlpanel_31bf3856ad364e35_10.0.18362.1_none_24317edfb55e66e6\wscui.cpl
wscui.cpl,67072,2,3427254126,2078-08-09T07:02:06.000Z,imports,api-ms-win-core-debug-l1-1-0.dll,OutputDebugStringA,4b2a726ebf3f25a6760c2e39fa0a4f4d,9f7823fad04b9c830b156854b9ff1a17a67ddaf5569b915ec8bf586bf0c1bffa,c:\Windows\WinSxS\wow64_microsoft-windows-s..center-controlpanel_31bf3856ad364e35_10.0.18362.1_none_24317edfb55e66e6\wscui.cpl
wscui.cpl,67072,2,3427254126,2078-08-09T07:02:06.000Z,imports,api-ms-win-core-errorhandling-l1-1-0.dll,GetLastError,4b2a726ebf3f25a6760c2e39fa0a4f4d,9f7823fad04b9c830b156854b9ff1a17a67ddaf5569b915ec8bf586bf0c1bffa,c:\Windows\WinSxS\wow64_microsoft-windows-s..center-controlpanel_31bf3856ad364e35_10.0.18362.1_none_24317edfb55e66e6\wscui.cpl
wscui.cpl,67072,2,3427254126,2078-08-09T07:02:06.000Z,imports,api-ms-win-core-errorhandling-l1-1-0.dll,RaiseException,4b2a726ebf3f25a6760c2e39fa0a4f4d,9f7823fad04b9c830b156854b9ff1a17a67ddaf5569b915ec8bf586bf0c1bffa,c:\Windows\WinSxS\wow64_microsoft-windows-s..center-controlpanel_31bf3856ad364e35_10.0.18362.1_none_24317edfb55e66e6\wscui.cpl
wscui.cpl,67072,2,3427254126,2078-08-09T07:02:06.000Z,imports,api-ms-win-core-errorhandling-l1-1-0.dll,SetLastError,4b2a726ebf3f25a6760c2e39fa0a4f4d,9f7823fad04b9c830b156854b9ff1a17a67ddaf5569b915ec8bf586bf0c1bffa,c:\Windows\WinSxS\wow64_microsoft-windows-s..center-controlpanel_31bf3856ad364e35_10.0.18362.1_none_24317edfb55e66e6\wscui.cpl
wscui.cpl,67072,2,3427254126,2078-08-09T07:02:06.000Z,imports,api-ms-win-core-errorhandling-l1-1-0.dll,SetUnhandledExceptionFilter,4b2a726ebf3f25a6760c2e39fa0a4f4d,9f7823fad04b9c830b156854b9ff1a17a67ddaf5569b915ec8bf586bf0c1bffa,c:\Windows\WinSxS\wow64_microsoft-windows-s..center-controlpanel_31bf3856ad364e35_10.0.18362.1_none_24317edfb55e66e6\wscui.cpl
wscui.cpl,67072,2,3427254126,2078-08-09T07:02:06.000Z,imports,api-ms-win-core-errorhandling-l1-1-0.dll,UnhandledExceptionFilter,4b2a726ebf3f25a6760c2e39fa0a4f4d,9f7823fad04b9c830b156854b9ff1a17a67ddaf5569b915ec8bf586bf0c1bffa,c:\Windows\WinSxS\wow64_microsoft-windows-s..center-controlpanel_31bf3856ad364e35_10.0.18362.1_none_24317edfb55e66e6\wscui.cpl
wscui.cpl,67072,2,3427254126,2078-08-09T07:02:06.000Z,imports,api-ms-win-core-file-l1-1-0.dll,CreateFileW,4b2a726ebf3f25a6760c2e39fa0a4f4d,9f7823fad04b9c830b156854b9ff1a17a67ddaf5569b915ec8bf586bf0c1bffa,c:\Windows\WinSxS\wow64_microsoft-windows-s..center-controlpanel_31bf3856ad364e35_10.0.18362.1_none_24317edfb55e66e6\wscui.cpl
wscui.cpl,67072,2,3427254126,2078-08-09T07:02:06.000Z,imports,api-ms-win-core-handle-l1-1-0.dll,CloseHandle,4b2a726ebf3f25a6760c2e39fa0a4f4d,9f7823fad04b9c830b156854b9ff1a17a67ddaf5569b915ec8bf586bf0c1bffa,c:\Windows\WinSxS\wow64_microsoft-windows-s..center-controlpanel_31bf3856ad364e35_10.0.18362.1_none_24317edfb55e66e6\wscui.cpl
wscui.cpl,67072,2,3427254126,2078-08-09T07:02:06.000Z,imports,api-ms-win-core-heap-l1-1-0.dll,GetProcessHeap,4b2a726ebf3f25a6760c2e39fa0a4f4d,9f7823fad04b9c830b156854b9ff1a17a67ddaf5569b915ec8bf586bf0c1bffa,c:\Windows\WinSxS\wow64_microsoft-windows-s..center-controlpanel_31bf3856ad364e35_10.0.18362.1_none_24317edfb55e66e6\wscui.cpl
wscui.cpl,67072,2,3427254126,2078-08-09T07:02:06.000Z,imports,api-ms-win-core-heap-l1-1-0.dll,HeapAlloc,4b2a726ebf3f25a6760c2e39fa0a4f4d,9f7823fad04b9c830b156854b9ff1a17a67ddaf5569b915ec8bf586bf0c1bffa,c:\Windows\WinSxS\wow64_microsoft-windows-s..center-controlpanel_31bf3856ad364e35_10.0.18362.1_none_24317edfb55e66e6\wscui.cpl
wscui.cpl,67072,2,3427254126,2078-08-09T07:02:06.000Z,imports,api-ms-win-core-heap-l1-1-0.dll,HeapDestroy,4b2a726ebf3f25a6760c2e39fa0a4f4d,9f7823fad04b9c830b156854b9ff1a17a67ddaf5569b915ec8bf586bf0c1bffa,c:\Windows\WinSxS\wow64_microsoft-windows-s..center-controlpanel_31bf3856ad364e35_10.0.18362.1_none_24317edfb55e66e6\wscui.cpl
wscui.cpl,67072,2,3427254126,2078-08-09T07:02:06.000Z,imports,api-ms-win-core-heap-l1-1-0.dll,HeapFree,4b2a726ebf3f25a6760c2e39fa0a4f4d,9f7823fad04b9c830b156854b9ff1a17a67ddaf5569b915ec8bf586bf0c1bffa,c:\Windows\WinSxS\wow64_microsoft-windows-s..center-controlpanel_31bf3856ad364e35_10.0.18362.1_none_24317edfb55e66e6\wscui.cpl
wscui.cpl,67072,2,3427254126,2078-08-09T07:02:06.000Z,imports,api-ms-win-core-heap-l1-1-0.dll,HeapReAlloc,4b2a726ebf3f25a6760c2e39fa0a4f4d,9f7823fad04b9c830b156854b9ff1a17a67ddaf5569b915ec8bf586bf0c1bffa,c:\Windows\WinSxS\wow64_microsoft-windows-s..center-controlpanel_31bf3856ad364e35_10.0.18362.1_none_24317edfb55e66e6\wscui.cpl
wscui.cpl,67072,2,3427254126,2078-08-09T07:02:06.000Z,imports,api-ms-win-core-heap-l1-1-0.dll,HeapSize,4b2a726ebf3f25a6760c2e39fa0a4f4d,9f7823fad04b9c830b156854b9ff1a17a67ddaf5569b915ec8bf586bf0c1bffa,c:\Windows\WinSxS\wow64_microsoft-windows-s..center-controlpanel_31bf3856ad364e35_10.0.18362.1_none_24317edfb55e66e6\wscui.cpl
wscui.cpl,67072,2,3427254126,2078-08-09T07:02:06.000Z,imports,api-ms-win-core-libraryloader-l1-2-0.dll,FindResourceExW,4b2a726ebf3f25a6760c2e39fa0a4f4d,9f7823fad04b9c830b156854b9ff1a17a67ddaf5569b915ec8bf586bf0c1bffa,c:\Windows\WinSxS\wow64_microsoft-windows-s..center-controlpanel_31bf3856ad364e35_10.0.18362.1_none_24317edfb55e66e6\wscui.cpl
wscui.cpl,67072,2,3427254126,2078-08-09T07:02:06.000Z,imports,api-ms-win-core-libraryloader-l1-2-0.dll,FreeLibrary,4b2a726ebf3f25a6760c2e39fa0a4f4d,9f7823fad04b9c830b156854b9ff1a17a67ddaf5569b915ec8bf586bf0c1bffa,c:\Windows\WinSxS\wow64_microsoft-windows-s..center-controlpanel_31bf3856ad364e35_10.0.18362.1_none_24317edfb55e66e6\wscui.cpl
wscui.cpl,67072,2,3427254126,2078-08-09T07:02:06.000Z,imports,api-ms-win-core-libraryloader-l1-2-0.dll,GetModuleFileNameW,4b2a726ebf3f25a6760c2e39fa0a4f4d,9f7823fad04b9c830b156854b9ff1a17a67ddaf5569b915ec8bf586bf0c1bffa,c:\Windows\WinSxS\wow64_microsoft-windows-s..center-controlpanel_31bf3856ad364e35_10.0.18362.1_none_24317edfb55e66e6\wscui.cpl
wscui.cpl,67072,2,3427254126,2078-08-09T07:02:06.000Z,imports,api-ms-win-core-libraryloader-l1-2-0.dll,GetModuleHandleA,4b2a726ebf3f25a6760c2e39fa0a4f4d,9f7823fad04b9c830b156854b9ff1a17a67ddaf5569b915ec8bf586bf0c1bffa,c:\Windows\WinSxS\wow64_microsoft-windows-s..center-controlpanel_31bf3856ad364e35_10.0.18362.1_none_24317edfb55e66e6\wscui.cpl
wscui.cpl,67072,2,3427254126,2078-08-09T07:02:06.000Z,imports,api-ms-win-core-libraryloader-l1-2-0.dll,GetModuleHandleW,4b2a726ebf3f25a6760c2e39fa0a4f4d,9f7823fad04b9c830b156854b9ff1a17a67ddaf5569b915ec8bf586bf0c1bffa,c:\Windows\WinSxS\wow64_microsoft-windows-s..center-controlpanel_31bf3856ad364e35_10.0.18362.1_none_24317edfb55e66e6\wscui.cpl
wscui.cpl,67072,2,3427254126,2078-08-09T07:02:06.000Z,imports,api-ms-win-core-libraryloader-l1-2-0.dll,GetProcAddress,4b2a726ebf3f25a6760c2e39fa0a4f4d,9f7823fad04b9c830b156854b9ff1a17a67ddaf5569b915ec8bf586bf0c1bffa,c:\Windows\WinSxS\wow64_microsoft-windows-s..center-controlpanel_31bf3856ad364e35_10.0.18362.1_none_24317edfb55e66e6\wscui.cpl
wscui.cpl,67072,2,3427254126,2078-08-09T07:02:06.000Z,imports,api-ms-win-core-libraryloader-l1-2-0.dll,LoadLibraryExW,4b2a726ebf3f25a6760c2e39fa0a4f4d,9f7823fad04b9c830b156854b9ff1a17a67ddaf5569b915ec8bf586bf0c1bffa,c:\Windows\WinSxS\wow64_microsoft-windows-s..center-controlpanel_31bf3856ad364e35_10.0.18362.1_none_24317edfb55e66e6\wscui.cpl
wscui.cpl,67072,2,3427254126,2078-08-09T07:02:06.000Z,imports,api-ms-win-core-libraryloader-l1-2-0.dll,LoadResource,4b2a726ebf3f25a6760c2e39fa0a4f4d,9f7823fad04b9c830b156854b9ff1a17a67ddaf5569b915ec8bf586bf0c1bffa,c:\Windows\WinSxS\wow64_microsoft-windows-s..center-controlpanel_31bf3856ad364e35_10.0.18362.1_none_24317edfb55e66e6\wscui.cpl
wscui.cpl,67072,2,3427254126,2078-08-09T07:02:06.000Z,imports,api-ms-win-core-libraryloader-l1-2-0.dll,LoadStringW,4b2a726ebf3f25a6760c2e39fa0a4f4d,9f7823fad04b9c830b156854b9ff1a17a67ddaf5569b915ec8bf586bf0c1bffa,c:\Windows\WinSxS\wow64_microsoft-windows-s..center-controlpanel_31bf3856ad364e35_10.0.18362.1_none_24317edfb55e66e6\wscui.cpl
wscui.cpl,67072,2,3427254126,2078-08-09T07:02:06.000Z,imports,api-ms-win-core-libraryloader-l1-2-0.dll,LockResource,4b2a726ebf3f25a6760c2e39fa0a4f4d,9f7823fad04b9c830b156854b9ff1a17a67ddaf5569b915ec8bf586bf0c1bffa,c:\Windows\WinSxS\wow64_microsoft-windows-s..center-controlpanel_31bf3856ad364e35_10.0.18362.1_none_24317edfb55e66e6\wscui.cpl
wscui.cpl,67072,2,3427254126,2078-08-09T07:02:06.000Z,imports,api-ms-win-core-libraryloader-l1-2-0.dll,SizeofResource,4b2a726ebf3f25a6760c2e39fa0a4f4d,9f7823fad04b9c830b156854b9ff1a17a67ddaf5569b915ec8bf586bf0c1bffa,c:\Windows\WinSxS\wow64_microsoft-windows-s..center-controlpanel_31bf3856ad364e35_10.0.18362.1_none_24317edfb55e66e6\wscui.cpl
wscui.cpl,67072,2,3427254126,2078-08-09T07:02:06.000Z,imports,api-ms-win-core-libraryloader-l1-2-1.dll,LoadLibraryA,4b2a726ebf3f25a6760c2e39fa0a4f4d,9f7823fad04b9c830b156854b9ff1a17a67ddaf5569b915ec8bf586bf0c1bffa,c:\Windows\WinSxS\wow64_microsoft-windows-s..center-controlpanel_31bf3856ad364e35_10.0.18362.1_none_24317edfb55e66e6\wscui.cpl
wscui.cpl,67072,2,3427254126,2078-08-09T07:02:06.000Z,imports,api-ms-win-core-libraryloader-l1-2-1.dll,LoadLibraryW,4b2a726ebf3f25a6760c2e39fa0a4f4d,9f7823fad04b9c830b156854b9ff1a17a67ddaf5569b915ec8bf586bf0c1bffa,c:\Windows\WinSxS\wow64_microsoft-windows-s..center-controlpanel_31bf3856ad364e35_10.0.18362.1_none_24317edfb55e66e6\wscui.cpl
wscui.cpl,67072,2,3427254126,2078-08-09T07:02:06.000Z,imports,api-ms-win-core-localization-l1-2-0.dll,FormatMessageW,4b2a726ebf3f25a6760c2e39fa0a4f4d,9f7823fad04b9c830b156854b9ff1a17a67ddaf5569b915ec8bf586bf0c1bffa,c:\Windows\WinSxS\wow64_microsoft-windows-s..center-controlpanel_31bf3856ad364e35_10.0.18362.1_none_24317edfb55e66e6\wscui.cpl
wscui.cpl,67072,2,3427254126,2078-08-09T07:02:06.000Z,imports,api-ms-win-core-processenvironment-l1-1-0.dll,ExpandEnvironmentStringsW,4b2a726ebf3f25a6760c2e39fa0a4f4d,9f7823fad04b9c830b156854b9ff1a17a67ddaf5569b915ec8bf586bf0c1bffa,c:\Windows\WinSxS\wow64_microsoft-windows-s..center-controlpanel_31bf3856ad364e35_10.0.18362.1_none_24317edfb55e66e6\wscui.cpl
wscui.cpl,67072,2,3427254126,2078-08-09T07:02:06.000Z,imports,api-ms-win-core-processthreads-l1-1-0.dll,CreateThread,4b2a726ebf3f25a6760c2e39fa0a4f4d,9f7823fad04b9c830b156854b9ff1a17a67ddaf5569b915ec8bf586bf0c1bffa,c:\Windows\WinSxS\wow64_microsoft-windows-s..center-controlpanel_31bf3856ad364e35_10.0.18362.1_none_24317edfb55e66e6\wscui.cpl
wscui.cpl,67072,2,3427254126,2078-08-09T07:02:06.000Z,imports,api-ms-win-core-processthreads-l1-1-0.dll,GetCurrentProcess,4b2a726ebf3f25a6760c2e39fa0a4f4d,9f7823fad04b9c830b156854b9ff1a17a67ddaf5569b915ec8bf586bf0c1bffa,c:\Windows\WinSxS\wow64_microsoft-windows-s..center-controlpanel_31bf3856ad364e35_10.0.18362.1_none_24317edfb55e66e6\wscui.cpl
wscui.cpl,67072,2,3427254126,2078-08-09T07:02:06.000Z,imports,api-ms-win-core-processthreads-l1-1-0.dll,GetCurrentProcessId,4b2a726ebf3f25a6760c2e39fa0a4f4d,9f7823fad04b9c830b156854b9ff1a17a67ddaf5569b915ec8bf586bf0c1bffa,c:\Windows\WinSxS\wow64_microsoft-windows-s..center-controlpanel_31bf3856ad364e35_10.0.18362.1_none_24317edfb55e66e6\wscui.cpl
wscui.cpl,67072,2,3427254126,2078-08-09T07:02:06.000Z,imports,api-ms-win-core-processthreads-l1-1-0.dll,GetCurrentThreadId,4b2a726ebf3f25a6760c2e39fa0a4f4d,9f7823fad04b9c830b156854b9ff1a17a67ddaf5569b915ec8bf586bf0c1bffa,c:\Windows\WinSxS\wow64_microsoft-windows-s..center-controlpanel_31bf3856ad364e35_10.0.18362.1_none_24317edfb55e66e6\wscui.cpl
wscui.cpl,67072,2,3427254126,2078-08-09T07:02:06.000Z,imports,api-ms-win-core-processthreads-l1-1-0.dll,OpenProcessToken,4b2a726ebf3f25a6760c2e39fa0a4f4d,9f7823fad04b9c830b156854b9ff1a17a67ddaf5569b915ec8bf586bf0c1bffa,c:\Windows\WinSxS\wow64_microsoft-windows-s..center-controlpanel_31bf3856ad364e35_10.0.18362.1_none_24317edfb55e66e6\wscui.cpl
wscui.cpl,67072,2,3427254126,2078-08-09T07:02:06.000Z,imports,api-ms-win-core-processthreads-l1-1-0.dll,TerminateProcess,4b2a726ebf3f25a6760c2e39fa0a4f4d,9f7823fad04b9c830b156854b9ff1a17a67ddaf5569b915ec8bf586bf0c1bffa,c:\Windows\WinSxS\wow64_microsoft-windows-s..center-controlpanel_31bf3856ad364e35_10.0.18362.1_none_24317edfb55e66e6\wscui.cpl
wscui.cpl,67072,2,3427254126,2078-08-09T07:02:06.000Z,imports,api-ms-win-core-profile-l1-1-0.dll,QueryPerformanceCounter,4b2a726ebf3f25a6760c2e39fa0a4f4d,9f7823fad04b9c830b156854b9ff1a17a67ddaf5569b915ec8bf586bf0c1bffa,c:\Windows\WinSxS\wow64_microsoft-windows-s..center-controlpanel_31bf3856ad364e35_10.0.18362.1_none_24317edfb55e66e6\wscui.cpl
wscui.cpl,67072,2,3427254126,2078-08-09T07:02:06.000Z,imports,api-ms-win-core-string-l1-1-0.dll,MultiByteToWideChar,4b2a726ebf3f25a6760c2e39fa0a4f4d,9f7823fad04b9c830b156854b9ff1a17a67ddaf5569b915ec8bf586bf0c1bffa,c:\Windows\WinSxS\wow64_microsoft-windows-s..center-controlpanel_31bf3856ad364e35_10.0.18362.1_none_24317edfb55e66e6\wscui.cpl
wscui.cpl,67072,2,3427254126,2078-08-09T07:02:06.000Z,imports,api-ms-win-core-synch-l1-1-0.dll,AcquireSRWLockExclusive,4b2a726ebf3f25a6760c2e39fa0a4f4d,9f7823fad04b9c830b156854b9ff1a17a67ddaf5569b915ec8bf586bf0c1bffa,c:\Windows\WinSxS\wow64_microsoft-windows-s..center-controlpanel_31bf3856ad364e35_10.0.18362.1_none_24317edfb55e66e6\wscui.cpl
wscui.cpl,67072,2,3427254126,2078-08-09T07:02:06.000Z,imports,api-ms-win-core-synch-l1-1-0.dll,DeleteCriticalSection,4b2a726ebf3f25a6760c2e39fa0a4f4d,9f7823fad04b9c830b156854b9ff1a17a67ddaf5569b915ec8bf586bf0c1bffa,c:\Windows\WinSxS\wow64_microsoft-windows-s..center-controlpanel_31bf3856ad364e35_10.0.18362.1_none_24317edfb55e66e6\wscui.cpl
wscui.cpl,67072,2,3427254126,2078-08-09T07:02:06.000Z,imports,api-ms-win-core-synch-l1-1-0.dll,EnterCriticalSection,4b2a726ebf3f25a6760c2e39fa0a4f4d,9f7823fad04b9c830b156854b9ff1a17a67ddaf5569b915ec8bf586bf0c1bffa,c:\Windows\WinSxS\wow64_microsoft-windows-s..center-controlpanel_31bf3856ad364e35_10.0.18362.1_none_24317edfb55e66e6\wscui.cpl
wscui.cpl,67072,2,3427254126,2078-08-09T07:02:06.000Z,imports,api-ms-win-core-synch-l1-1-0.dll,InitializeCriticalSection,4b2a726ebf3f25a6760c2e39fa0a4f4d,9f7823fad04b9c830b156854b9ff1a17a67ddaf5569b915ec8bf586bf0c1bffa,c:\Windows\WinSxS\wow64_microsoft-windows-s..center-controlpanel_31bf3856ad364e35_10.0.18362.1_none_24317edfb55e66e6\wscui.cpl
wscui.cpl,67072,2,3427254126,2078-08-09T07:02:06.000Z,imports,api-ms-win-core-synch-l1-1-0.dll,LeaveCriticalSection,4b2a726ebf3f25a6760c2e39fa0a4f4d,9f7823fad04b9c830b156854b9ff1a17a67ddaf5569b915ec8bf586bf0c1bffa,c:\Windows\WinSxS\wow64_microsoft-windows-s..center-controlpanel_31bf3856ad364e35_10.0.18362.1_none_24317edfb55e66e6\wscui.cpl
wscui.cpl,67072,2,3427254126,2078-08-09T07:02:06.000Z,imports,api-ms-win-core-synch-l1-1-0.dll,ReleaseSRWLockExclusive,4b2a726ebf3f25a6760c2e39fa0a4f4d,9f7823fad04b9c830b156854b9ff1a17a67ddaf5569b915ec8bf586bf0c1bffa,c:\Windows\WinSxS\wow64_microsoft-windows-s..center-controlpanel_31bf3856ad364e35_10.0.18362.1_none_24317edfb55e66e6\wscui.cpl
wscui.cpl,67072,2,3427254126,2078-08-09T07:02:06.000Z,imports,api-ms-win-core-synch-l1-1-0.dll,WaitForSingleObject,4b2a726ebf3f25a6760c2e39fa0a4f4d,9f7823fad04b9c830b156854b9ff1a17a67ddaf5569b915ec8bf586bf0c1bffa,c:\Windows\WinSxS\wow64_microsoft-windows-s..center-controlpanel_31bf3856ad364e35_10.0.18362.1_none_24317edfb55e66e6\wscui.cpl
wscui.cpl,67072,2,3427254126,2078-08-09T07:02:06.000Z,imports,api-ms-win-core-synch-l1-2-0.dll,Sleep,4b2a726ebf3f25a6760c2e39fa0a4f4d,9f7823fad04b9c830b156854b9ff1a17a67ddaf5569b915ec8bf586bf0c1bffa,c:\Windows\WinSxS\wow64_microsoft-windows-s..center-controlpanel_31bf3856ad364e35_10.0.18362.1_none_24317edfb55e66e6\wscui.cpl
wscui.cpl,67072,2,3427254126,2078-08-09T07:02:06.000Z,imports,api-ms-win-core-synch-l1-2-0.dll,SleepConditionVariableSRW,4b2a726ebf3f25a6760c2e39fa0a4f4d,9f7823fad04b9c830b156854b9ff1a17a67ddaf5569b915ec8bf586bf0c1bffa,c:\Windows\WinSxS\wow64_microsoft-windows-s..center-controlpanel_31bf3856ad364e35_10.0.18362.1_none_24317edfb55e66e6\wscui.cpl
wscui.cpl,67072,2,3427254126,2078-08-09T07:02:06.000Z,imports,api-ms-win-core-synch-l1-2-0.dll,WakeAllConditionVariable,4b2a726ebf3f25a6760c2e39fa0a4f4d,9f7823fad04b9c830b156854b9ff1a17a67ddaf5569b915ec8bf586bf0c1bffa,c:\Windows\WinSxS\wow64_microsoft-windows-s..center-controlpanel_31bf3856ad364e35_10.0.18362.1_none_24317edfb55e66e6\wscui.cpl
wscui.cpl,67072,2,3427254126,2078-08-09T07:02:06.000Z,imports,api-ms-win-core-sysinfo-l1-1-0.dll,GetSystemTime,4b2a726ebf3f25a6760c2e39fa0a4f4d,9f7823fad04b9c830b156854b9ff1a17a67ddaf5569b915ec8bf586bf0c1bffa,c:\Windows\WinSxS\wow64_microsoft-windows-s..center-controlpanel_31bf3856ad364e35_10.0.18362.1_none_24317edfb55e66e6\wscui.cpl
wscui.cpl,67072,2,3427254126,2078-08-09T07:02:06.000Z,imports,api-ms-win-core-sysinfo-l1-1-0.dll,GetSystemTimeAsFileTime,4b2a726ebf3f25a6760c2e39fa0a4f4d,9f7823fad04b9c830b156854b9ff1a17a67ddaf5569b915ec8bf586bf0c1bffa,c:\Windows\WinSxS\wow64_microsoft-windows-s..center-controlpanel_31bf3856ad364e35_10.0.18362.1_none_24317edfb55e66e6\wscui.cpl
wscui.cpl,67072,2,3427254126,2078-08-09T07:02:06.000Z,imports,api-ms-win-core-sysinfo-l1-1-0.dll,GetTickCount,4b2a726ebf3f25a6760c2e39fa0a4f4d,9f7823fad04b9c830b156854b9ff1a17a67ddaf5569b915ec8bf586bf0c1bffa,c:\Windows\WinSxS\wow64_microsoft-windows-s..center-controlpanel_31bf3856ad364e35_10.0.18362.1_none_24317edfb55e66e6\wscui.cpl
wscui.cpl,67072,2,3427254126,2078-08-09T07:02:06.000Z,imports,api-ms-win-security-base-l1-1-0.dll,AdjustTokenPrivileges,4b2a726ebf3f25a6760c2e39fa0a4f4d,9f7823fad04b9c830b156854b9ff1a17a67ddaf5569b915ec8bf586bf0c1bffa,c:\Windows\WinSxS\wow64_microsoft-windows-s..center-controlpanel_31bf3856ad364e35_10.0.18362.1_none_24317edfb55e66e6\wscui.cpl
wscui.cpl,67072,2,3427254126,2078-08-09T07:02:06.000Z,imports,api-ms-win-security-base-l1-1-0.dll,AllocateAndInitializeSid,4b2a726ebf3f25a6760c2e39fa0a4f4d,9f7823fad04b9c830b156854b9ff1a17a67ddaf5569b915ec8bf586bf0c1bffa,c:\Windows\WinSxS\wow64_microsoft-windows-s..center-controlpanel_31bf3856ad364e35_10.0.18362.1_none_24317edfb55e66e6\wscui.cpl
wscui.cpl,67072,2,3427254126,2078-08-09T07:02:06.000Z,imports,api-ms-win-security-base-l1-1-0.dll,FreeSid,4b2a726ebf3f25a6760c2e39fa0a4f4d,9f7823fad04b9c830b156854b9ff1a17a67ddaf5569b915ec8bf586bf0c1bffa,c:\Windows\WinSxS\wow64_microsoft-windows-s..center-controlpanel_31bf3856ad364e35_10.0.18362.1_none_24317edfb55e66e6\wscui.cpl
wscui.cpl,67072,2,3427254126,2078-08-09T07:02:06.000Z,imports,user32.dll,DestroyCursor,4b2a726ebf3f25a6760c2e39fa0a4f4d,9f7823fad04b9c830b156854b9ff1a17a67ddaf5569b915ec8bf586bf0c1bffa,c:\Windows\WinSxS\wow64_microsoft-windows-s..center-controlpanel_31bf3856ad364e35_10.0.18362.1_none_24317edfb55e66e6\wscui.cpl
wscui.cpl,67072,2,3427254126,2078-08-09T07:02:06.000Z,imports,user32.dll,FindWindowExW,4b2a726ebf3f25a6760c2e39fa0a4f4d,9f7823fad04b9c830b156854b9ff1a17a67ddaf5569b915ec8bf586bf0c1bffa,c:\Windows\WinSxS\wow64_microsoft-windows-s..center-controlpanel_31bf3856ad364e35_10.0.18362.1_none_24317edfb55e66e6\wscui.cpl
wscui.cpl,67072,2,3427254126,2078-08-09T07:02:06.000Z,imports,user32.dll,IsWindow,4b2a726ebf3f25a6760c2e39fa0a4f4d,9f7823fad04b9c830b156854b9ff1a17a67ddaf5569b915ec8bf586bf0c1bffa,c:\Windows\WinSxS\wow64_microsoft-windows-s..center-controlpanel_31bf3856ad364e35_10.0.18362.1_none_24317edfb55e66e6\wscui.cpl
wscui.cpl,67072,2,3427254126,2078-08-09T07:02:06.000Z,imports,user32.dll,LoadCursorW,4b2a726ebf3f25a6760c2e39fa0a4f4d,9f7823fad04b9c830b156854b9ff1a17a67ddaf5569b915ec8bf586bf0c1bffa,c:\Windows\WinSxS\wow64_microsoft-windows-s..center-controlpanel_31bf3856ad364e35_10.0.18362.1_none_24317edfb55e66e6\wscui.cpl
wscui.cpl,67072,2,3427254126,2078-08-09T07:02:06.000Z,imports,user32.dll,RegisterWindowMessageW,4b2a726ebf3f25a6760c2e39fa0a4f4d,9f7823fad04b9c830b156854b9ff1a17a67ddaf5569b915ec8bf586bf0c1bffa,c:\Windows\WinSxS\wow64_microsoft-windows-s..center-controlpanel_31bf3856ad364e35_10.0.18362.1_none_24317edfb55e66e6\wscui.cpl
wscui.cpl,67072,2,3427254126,2078-08-09T07:02:06.000Z,imports,user32.dll,SendMessageW,4b2a726ebf3f25a6760c2e39fa0a4f4d,9f7823fad04b9c830b156854b9ff1a17a67ddaf5569b915ec8bf586bf0c1bffa,c:\Windows\WinSxS\wow64_microsoft-windows-s..center-controlpanel_31bf3856ad364e35_10.0.18362.1_none_24317edfb55e66e6\wscui.cpl
wscui.cpl,67072,2,3427254126,2078-08-09T07:02:06.000Z,imports,user32.dll,SetCursor,4b2a726ebf3f25a6760c2e39fa0a4f4d,9f7823fad04b9c830b156854b9ff1a17a67ddaf5569b915ec8bf586bf0c1bffa,c:\Windows\WinSxS\wow64_microsoft-windows-s..center-controlpanel_31bf3856ad364e35_10.0.18362.1_none_24317edfb55e66e6\wscui.cpl
wscui.cpl,67072,2,3427254126,2078-08-09T07:02:06.000Z,imports,user32.dll,UnregisterClassA,4b2a726ebf3f25a6760c2e39fa0a4f4d,9f7823fad04b9c830b156854b9ff1a17a67ddaf5569b915ec8bf586bf0c1bffa,c:\Windows\WinSxS\wow64_microsoft-windows-s..center-controlpanel_31bf3856ad364e35_10.0.18362.1_none_24317edfb55e66e6\wscui.cpl
wscui.cpl,67072,2,3427254126,2078-08-09T07:02:06.000Z,imports,gdiplus.dll,GdiplusShutdown,4b2a726ebf3f25a6760c2e39fa0a4f4d,9f7823fad04b9c830b156854b9ff1a17a67ddaf5569b915ec8bf586bf0c1bffa,c:\Windows\WinSxS\wow64_microsoft-windows-s..center-controlpanel_31bf3856ad364e35_10.0.18362.1_none_24317edfb55e66e6\wscui.cpl
wscui.cpl,67072,2,3427254126,2078-08-09T07:02:06.000Z,imports,gdiplus.dll,GdiplusStartup,4b2a726ebf3f25a6760c2e39fa0a4f4d,9f7823fad04b9c830b156854b9ff1a17a67ddaf5569b915ec8bf586bf0c1bffa,c:\Windows\WinSxS\wow64_microsoft-windows-s..center-controlpanel_31bf3856ad364e35_10.0.18362.1_none_24317edfb55e66e6\wscui.cpl
wscui.cpl,67072,2,3427254126,2078-08-09T07:02:06.000Z,imports,combase.dll,CStdStubBuffer_AddRef,4b2a726ebf3f25a6760c2e39fa0a4f4d,9f7823fad04b9c830b156854b9ff1a17a67ddaf5569b915ec8bf586bf0c1bffa,c:\Windows\WinSxS\wow64_microsoft-windows-s..center-controlpanel_31bf3856ad364e35_10.0.18362.1_none_24317edfb55e66e6\wscui.cpl
wscui.cpl,67072,2,3427254126,2078-08-09T07:02:06.000Z,imports,combase.dll,CStdStubBuffer_Connect,4b2a726ebf3f25a6760c2e39fa0a4f4d,9f7823fad04b9c830b156854b9ff1a17a67ddaf5569b915ec8bf586bf0c1bffa,c:\Windows\WinSxS\wow64_microsoft-windows-s..center-controlpanel_31bf3856ad364e35_10.0.18362.1_none_24317edfb55e66e6\wscui.cpl
wscui.cpl,67072,2,3427254126,2078-08-09T07:02:06.000Z,imports,combase.dll,CStdStubBuffer_CountRefs,4b2a726ebf3f25a6760c2e39fa0a4f4d,9f7823fad04b9c830b156854b9ff1a17a67ddaf5569b915ec8bf586bf0c1bffa,c:\Windows\WinSxS\wow64_microsoft-windows-s..center-controlpanel_31bf3856ad364e35_10.0.18362.1_none_24317edfb55e66e6\wscui.cpl
wscui.cpl,67072,2,3427254126,2078-08-09T07:02:06.000Z,imports,combase.dll,CStdStubBuffer_DebugServerQueryInterface,4b2a726ebf3f25a6760c2e39fa0a4f4d,9f7823fad04b9c830b156854b9ff1a17a67ddaf5569b915ec8bf586bf0c1bffa,c:\Windows\WinSxS\wow64_microsoft-windows-s..center-controlpanel_31bf3856ad364e35_10.0.18362.1_none_24317edfb55e66e6\wscui.cpl
wscui.cpl,67072,2,3427254126,2078-08-09T07:02:06.000Z,imports,combase.dll,CStdStubBuffer_DebugServerRelease,4b2a726ebf3f25a6760c2e39fa0a4f4d,9f7823fad04b9c830b156854b9ff1a17a67ddaf5569b915ec8bf586bf0c1bffa,c:\Windows\WinSxS\wow64_microsoft-windows-s..center-controlpanel_31bf3856ad364e35_10.0.18362.1_none_24317edfb55e66e6\wscui.cpl
wscui.cpl,67072,2,3427254126,2078-08-09T07:02:06.000Z,imports,combase.dll,CStdStubBuffer_Disconnect,4b2a726ebf3f25a6760c2e39fa0a4f4d,9f7823fad04b9c830b156854b9ff1a17a67ddaf5569b915ec8bf586bf0c1bffa,c:\Windows\WinSxS\wow64_microsoft-windows-s..center-controlpanel_31bf3856ad364e35_10.0.18362.1_none_24317edfb55e66e6\wscui.cpl
wscui.cpl,67072,2,3427254126,2078-08-09T07:02:06.000Z,imports,combase.dll,CStdStubBuffer_Invoke,4b2a726ebf3f25a6760c2e39fa0a4f4d,9f7823fad04b9c830b156854b9ff1a17a67ddaf5569b915ec8bf586bf0c1bffa,c:\Windows\WinSxS\wow64_microsoft-windows-s..center-controlpanel_31bf3856ad364e35_10.0.18362.1_none_24317edfb55e66e6\wscui.cpl
wscui.cpl,67072,2,3427254126,2078-08-09T07:02:06.000Z,imports,combase.dll,CStdStubBuffer_QueryInterface,4b2a726ebf3f25a6760c2e39fa0a4f4d,9f7823fad04b9c830b156854b9ff1a17a67ddaf5569b915ec8bf586bf0c1bffa,c:\Windows\WinSxS\wow64_microsoft-windows-s..center-controlpanel_31bf3856ad364e35_10.0.18362.1_none_24317edfb55e66e6\wscui.cpl
wscui.cpl,67072,2,3427254126,2078-08-09T07:02:06.000Z,imports,combase.dll,NdrCStdStubBuffer_Release,4b2a726ebf3f25a6760c2e39fa0a4f4d,9f7823fad04b9c830b156854b9ff1a17a67ddaf5569b915ec8bf586bf0c1bffa,c:\Windows\WinSxS\wow64_microsoft-windows-s..center-controlpanel_31bf3856ad364e35_10.0.18362.1_none_24317edfb55e66e6\wscui.cpl
wscui.cpl,67072,2,3427254126,2078-08-09T07:02:06.000Z,imports,shell32.dll,ShellExecuteExW,4b2a726ebf3f25a6760c2e39fa0a4f4d,9f7823fad04b9c830b156854b9ff1a17a67ddaf5569b915ec8bf586bf0c1bffa,c:\Windows\WinSxS\wow64_microsoft-windows-s..center-controlpanel_31bf3856ad364e35_10.0.18362.1_none_24317edfb55e66e6\wscui.cpl
wscui.cpl,67072,2,3427254126,2078-08-09T07:02:06.000Z,imports,shell32.dll,ShellExecuteW,4b2a726ebf3f25a6760c2e39fa0a4f4d,9f7823fad04b9c830b156854b9ff1a17a67ddaf5569b915ec8bf586bf0c1bffa,c:\Windows\WinSxS\wow64_microsoft-windows-s..center-controlpanel_31bf3856ad364e35_10.0.18362.1_none_24317edfb55e66e6\wscui.cpl
wscui.cpl,67072,2,3427254126,2078-08-09T07:02:06.000Z,imports,shlwapi.dll,PathFileExistsW,4b2a726ebf3f25a6760c2e39fa0a4f4d,9f7823fad04b9c830b156854b9ff1a17a67ddaf5569b915ec8bf586bf0c1bffa,c:\Windows\WinSxS\wow64_microsoft-windows-s..center-controlpanel_31bf3856ad364e35_10.0.18362.1_none_24317edfb55e66e6\wscui.cpl
wscui.cpl,67072,2,3427254126,2078-08-09T07:02:06.000Z,imports,shlwapi.dll,StrCmpNW,4b2a726ebf3f25a6760c2e39fa0a4f4d,9f7823fad04b9c830b156854b9ff1a17a67ddaf5569b915ec8bf586bf0c1bffa,c:\Windows\WinSxS\wow64_microsoft-windows-s..center-controlpanel_31bf3856ad364e35_10.0.18362.1_none_24317edfb55e66e6\wscui.cpl
wscui.cpl,67072,2,3427254126,2078-08-09T07:02:06.000Z,imports,rpcrt4.dll,IUnknown_AddRef_Proxy,4b2a726ebf3f25a6760c2e39fa0a4f4d,9f7823fad04b9c830b156854b9ff1a17a67ddaf5569b915ec8bf586bf0c1bffa,c:\Windows\WinSxS\wow64_microsoft-windows-s..center-controlpanel_31bf3856ad364e35_10.0.18362.1_none_24317edfb55e66e6\wscui.cpl
wscui.cpl,67072,2,3427254126,2078-08-09T07:02:06.000Z,imports,rpcrt4.dll,IUnknown_QueryInterface_Proxy,4b2a726ebf3f25a6760c2e39fa0a4f4d,9f7823fad04b9c830b156854b9ff1a17a67ddaf5569b915ec8bf586bf0c1bffa,c:\Windows\WinSxS\wow64_microsoft-windows-s..center-controlpanel_31bf3856ad364e35_10.0.18362.1_none_24317edfb55e66e6\wscui.cpl
wscui.cpl,67072,2,3427254126,2078-08-09T07:02:06.000Z,imports,rpcrt4.dll,IUnknown_Release_Proxy,4b2a726ebf3f25a6760c2e39fa0a4f4d,9f7823fad04b9c830b156854b9ff1a17a67ddaf5569b915ec8bf586bf0c1bffa,c:\Windows\WinSxS\wow64_microsoft-windows-s..center-controlpanel_31bf3856ad364e35_10.0.18362.1_none_24317edfb55e66e6\wscui.cpl
wscui.cpl,67072,2,3427254126,2078-08-09T07:02:06.000Z,imports,rpcrt4.dll,NdrDllCanUnloadNow,4b2a726ebf3f25a6760c2e39fa0a4f4d,9f7823fad04b9c830b156854b9ff1a17a67ddaf5569b915ec8bf586bf0c1bffa,c:\Windows\WinSxS\wow64_microsoft-windows-s..center-controlpanel_31bf3856ad364e35_10.0.18362.1_none_24317edfb55e66e6\wscui.cpl
wscui.cpl,67072,2,3427254126,2078-08-09T07:02:06.000Z,imports,rpcrt4.dll,NdrDllGetClassObject,4b2a726ebf3f25a6760c2e39fa0a4f4d,9f7823fad04b9c830b156854b9ff1a17a67ddaf5569b915ec8bf586bf0c1bffa,c:\Windows\WinSxS\wow64_microsoft-windows-s..center-controlpanel_31bf3856ad364e35_10.0.18362.1_none_24317edfb55e66e6\wscui.cpl
wscui.cpl,67072,2,3427254126,2078-08-09T07:02:06.000Z,imports,rpcrt4.dll,NdrOleAllocate,4b2a726ebf3f25a6760c2e39fa0a4f4d,9f7823fad04b9c830b156854b9ff1a17a67ddaf5569b915ec8bf586bf0c1bffa,c:\Windows\WinSxS\wow64_microsoft-windows-s..center-controlpanel_31bf3856ad364e35_10.0.18362.1_none_24317edfb55e66e6\wscui.cpl
wscui.cpl,67072,2,3427254126,2078-08-09T07:02:06.000Z,imports,rpcrt4.dll,NdrOleFree,4b2a726ebf3f25a6760c2e39fa0a4f4d,9f7823fad04b9c830b156854b9ff1a17a67ddaf5569b915ec8bf586bf0c1bffa,c:\Windows\WinSxS\wow64_microsoft-windows-s..center-controlpanel_31bf3856ad364e35_10.0.18362.1_none_24317edfb55e66e6\wscui.cpl
wscui.cpl,67072,2,3427254126,2078-08-09T07:02:06.000Z,imports,wscapi.dll,wscAntiSpywareGetStatus,4b2a726ebf3f25a6760c2e39fa0a4f4d,9f7823fad04b9c830b156854b9ff1a17a67ddaf5569b915ec8bf586bf0c1bffa,c:\Windows\WinSxS\wow64_microsoft-windows-s..center-controlpanel_31bf3856ad364e35_10.0.18362.1_none_24317edfb55e66e6\wscui.cpl
wscui.cpl,67072,2,3427254126,2078-08-09T07:02:06.000Z,imports,wscapi.dll,wscAntiVirusGetStatus,4b2a726ebf3f25a6760c2e39fa0a4f4d,9f7823fad04b9c830b156854b9ff1a17a67ddaf5569b915ec8bf586bf0c1bffa,c:\Windows\WinSxS\wow64_microsoft-windows-s..center-controlpanel_31bf3856ad364e35_10.0.18362.1_none_24317edfb55e66e6\wscui.cpl
wscui.cpl,67072,2,3427254126,2078-08-09T07:02:06.000Z,imports,wscapi.dll,wscIcfEnable,4b2a726ebf3f25a6760c2e39fa0a4f4d,9f7823fad04b9c830b156854b9ff1a17a67ddaf5569b915ec8bf586bf0c1bffa,c:\Windows\WinSxS\wow64_microsoft-windows-s..center-controlpanel_31bf3856ad364e35_10.0.18362.1_none_24317edfb55e66e6\wscui.cpl
wscui.cpl,67072,2,3427254126,2078-08-09T07:02:06.000Z,imports,wscapi.dll,wscIeSettingsFix,4b2a726ebf3f25a6760c2e39fa0a4f4d,9f7823fad04b9c830b156854b9ff1a17a67ddaf5569b915ec8bf586bf0c1bffa,c:\Windows\WinSxS\wow64_microsoft-windows-s..center-controlpanel_31bf3856ad364e35_10.0.18362.1_none_24317edfb55e66e6\wscui.cpl
wscui.cpl,67072,2,3427254126,2078-08-09T07:02:06.000Z,imports,wscapi.dll,wscLuaSettingsFix,4b2a726ebf3f25a6760c2e39fa0a4f4d,9f7823fad04b9c830b156854b9ff1a17a67ddaf5569b915ec8bf586bf0c1bffa,c:\Windows\WinSxS\wow64_microsoft-windows-s..center-controlpanel_31bf3856ad364e35_10.0.18362.1_none_24317edfb55e66e6\wscui.cpl
wscui.cpl,67072,2,3427254126,2078-08-09T07:02:06.000Z,imports,wscapi.dll,wscProductInfoFree,4b2a726ebf3f25a6760c2e39fa0a4f4d,9f7823fad04b9c830b156854b9ff1a17a67ddaf5569b915ec8bf586bf0c1bffa,c:\Windows\WinSxS\wow64_microsoft-windows-s..center-controlpanel_31bf3856ad364e35_10.0.18362.1_none_24317edfb55e66e6\wscui.cpl
wscui.cpl,67072,2,3427254126,2078-08-09T07:02:06.000Z,imports,api-ms-win-core-heap-l2-1-0.dll,LocalFree,4b2a726ebf3f25a6760c2e39fa0a4f4d,9f7823fad04b9c830b156854b9ff1a17a67ddaf5569b915ec8bf586bf0c1bffa,c:\Windows\WinSxS\wow64_microsoft-windows-s..center-controlpanel_31bf3856ad364e35_10.0.18362.1_none_24317edfb55e66e6\wscui.cpl
wscui.cpl,67072,2,3427254126,2078-08-09T07:02:06.000Z,imports,api-ms-win-core-timezone-l1-1-0.dll,SystemTimeToFileTime,4b2a726ebf3f25a6760c2e39fa0a4f4d,9f7823fad04b9c830b156854b9ff1a17a67ddaf5569b915ec8bf586bf0c1bffa,c:\Windows\WinSxS\wow64_microsoft-windows-s..center-controlpanel_31bf3856ad364e35_10.0.18362.1_none_24317edfb55e66e6\wscui.cpl
wscui.cpl,67072,2,3427254126,2078-08-09T07:02:06.000Z,imports,kernel32.dll,ActivateActCtx,4b2a726ebf3f25a6760c2e39fa0a4f4d,9f7823fad04b9c830b156854b9ff1a17a67ddaf5569b915ec8bf586bf0c1bffa,c:\Windows\WinSxS\wow64_microsoft-windows-s..center-controlpanel_31bf3856ad364e35_10.0.18362.1_none_24317edfb55e66e6\wscui.cpl
wscui.cpl,67072,2,3427254126,2078-08-09T07:02:06.000Z,imports,kernel32.dll,CreateActCtxW,4b2a726ebf3f25a6760c2e39fa0a4f4d,9f7823fad04b9c830b156854b9ff1a17a67ddaf5569b915ec8bf586bf0c1bffa,c:\Windows\WinSxS\wow64_microsoft-windows-s..center-controlpanel_31bf3856ad364e35_10.0.18362.1_none_24317edfb55e66e6\wscui.cpl
wscui.cpl,67072,2,3427254126,2078-08-09T07:02:06.000Z,imports,kernel32.dll,DeactivateActCtx,4b2a726ebf3f25a6760c2e39fa0a4f4d,9f7823fad04b9c830b156854b9ff1a17a67ddaf5569b915ec8bf586bf0c1bffa,c:\Windows\WinSxS\wow64_microsoft-windows-s..center-controlpanel_31bf3856ad364e35_10.0.18362.1_none_24317edfb55e66e6\wscui.cpl
wscui.cpl,67072,2,3427254126,2078-08-09T07:02:06.000Z,imports,kernel32.dll,ReleaseActCtx,4b2a726ebf3f25a6760c2e39fa0a4f4d,9f7823fad04b9c830b156854b9ff1a17a67ddaf5569b915ec8bf586bf0c1bffa,c:\Windows\WinSxS\wow64_microsoft-windows-s..center-controlpanel_31bf3856ad364e35_10.0.18362.1_none_24317edfb55e66e6\wscui.cpl
wscui.cpl,67072,2,3427254126,2078-08-09T07:02:06.000Z,imports,kernel32.dll,SetProcessWorkingSetSize,4b2a726ebf3f25a6760c2e39fa0a4f4d,9f7823fad04b9c830b156854b9ff1a17a67ddaf5569b915ec8bf586bf0c1bffa,c:\Windows\WinSxS\wow64_microsoft-windows-s..center-controlpanel_31bf3856ad364e35_10.0.18362.1_none_24317edfb55e66e6\wscui.cpl
wscui.cpl,67072,2,3427254126,2078-08-09T07:02:06.000Z,imports,api-ms-win-core-delayload-l1-1-1.dll,ResolveDelayLoadedAPI,4b2a726ebf3f25a6760c2e39fa0a4f4d,9f7823fad04b9c830b156854b9ff1a17a67ddaf5569b915ec8bf586bf0c1bffa,c:\Windows\WinSxS\wow64_microsoft-windows-s..center-controlpanel_31bf3856ad364e35_10.0.18362.1_none_24317edfb55e66e6\wscui.cpl
wscui.cpl,67072,2,3427254126,2078-08-09T07:02:06.000Z,imports,api-ms-win-core-delayload-l1-1-0.dll,DelayLoadFailureHook,4b2a726ebf3f25a6760c2e39fa0a4f4d,9f7823fad04b9c830b156854b9ff1a17a67ddaf5569b915ec8bf586bf0c1bffa,c:\Windows\WinSxS\wow64_microsoft-windows-s..center-controlpanel_31bf3856ad364e35_10.0.18362.1_none_24317edfb55e66e6\wscui.cpl
wscui.cpl,67072,2,3427254126,2078-08-09T07:02:06.000Z,exports,wscui.cpl,DoesActionRequireElevation,4b2a726ebf3f25a6760c2e39fa0a4f4d,9f7823fad04b9c830b156854b9ff1a17a67ddaf5569b915ec8bf586bf0c1bffa,c:\Windows\WinSxS\wow64_microsoft-windows-s..center-controlpanel_31bf3856ad364e35_10.0.18362.1_none_24317edfb55e66e6\wscui.cpl
wscui.cpl,67072,2,3427254126,2078-08-09T07:02:06.000Z,exports,wscui.cpl,ExecuteSecurityActionHandler,4b2a726ebf3f25a6760c2e39fa0a4f4d,9f7823fad04b9c830b156854b9ff1a17a67ddaf5569b915ec8bf586bf0c1bffa,c:\Windows\WinSxS\wow64_microsoft-windows-s..center-controlpanel_31bf3856ad364e35_10.0.18362.1_none_24317edfb55e66e6\wscui.cpl
wscui.cpl,67072,2,3427254126,2078-08-09T07:02:06.000Z,exports,wscui.cpl,ExecuteSecurityActionHandlerById,4b2a726ebf3f25a6760c2e39fa0a4f4d,9f7823fad04b9c830b156854b9ff1a17a67ddaf5569b915ec8bf586bf0c1bffa,c:\Windows\WinSxS\wow64_microsoft-windows-s..center-controlpanel_31bf3856ad364e35_10.0.18362.1_none_24317edfb55e66e6\wscui.cpl
wscui.cpl,67072,2,3427254126,2078-08-09T07:02:06.000Z,exports,wscui.cpl,GetSecondaryListViewHwnd,4b2a726ebf3f25a6760c2e39fa0a4f4d,9f7823fad04b9c830b156854b9ff1a17a67ddaf5569b915ec8bf586bf0c1bffa,c:\Windows\WinSxS\wow64_microsoft-windows-s..center-controlpanel_31bf3856ad364e35_10.0.18362.1_none_24317edfb55e66e6\wscui.cpl
wscui.cpl,67072,2,3427254126,2078-08-09T07:02:06.000Z,exports,wscui.cpl,DllCanUnloadNow,4b2a726ebf3f25a6760c2e39fa0a4f4d,9f7823fad04b9c830b156854b9ff1a17a67ddaf5569b915ec8bf586bf0c1bffa,c:\Windows\WinSxS\wow64_microsoft-windows-s..center-controlpanel_31bf3856ad364e35_10.0.18362.1_none_24317edfb55e66e6\wscui.cpl
wscui.cpl,67072,2,3427254126,2078-08-09T07:02:06.000Z,exports,wscui.cpl,DllGetClassObject,4b2a726ebf3f25a6760c2e39fa0a4f4d,9f7823fad04b9c830b156854b9ff1a17a67ddaf5569b915ec8bf586bf0c1bffa,c:\Windows\WinSxS\wow64_microsoft-windows-s..center-controlpanel_31bf3856ad364e35_10.0.18362.1_none_24317edfb55e66e6\wscui.cpl
